date,year,month,month_sin,month_cos,weekday,asia_range,asia_dir,london_range,london_dir,ndog_range,impact_low,impact_medium,impact_high,ny_range_lag1,ny_range
2009-09-29,2009,8,-0.8660254037844384,-0.5000000000000004,1,3.5,-1,7.0,-1,0.0,0,0,1,26.75,20.0
2009-09-30,2009,8,-0.8660254037844384,-0.5000000000000004,2,3.75,-1,6.75,1,6.0,0,1,0,20.0,36.75
2009-10-01,2009,9,-1.0,-1.8369701987210297e-16,3,14.75,-1,11.25,-1,7.75,0,0,1,36.75,25.75
2009-10-02,2009,9,-1.0,-1.8369701987210297e-16,4,5.5,0,6.25,-1,16.0,0,0,1,25.75,22.0
2009-10-05,2009,9,-1.0,-1.8369701987210297e-16,0,6.0,1,10.25,1,6.5,0,0,1,22.0,20.75
2009-10-06,2009,9,-1.0,-1.8369701987210297e-16,1,4.25,1,6.0,1,7.5,1,0,0,20.75,24.5
2009-10-07,2009,9,-1.0,-1.8369701987210297e-16,2,9.5,0,7.25,1,0.75,0,1,0,24.5,12.5
2009-10-08,2009,9,-1.0,-1.8369701987210297e-16,3,9.25,1,4.0,0,10.25,0,0,1,12.5,13.0
2009-10-09,2009,9,-1.0,-1.8369701987210297e-16,4,5.5,-1,8.25,-1,4.0,0,0,1,13.0,17.25
2009-10-12,2009,9,-1.0,-1.8369701987210297e-16,0,5.25,-1,10.75,1,5.0,1,0,0,17.25,11.0
2009-10-13,2009,9,-1.0,-1.8369701987210297e-16,1,6.5,1,5.75,1,0.5,1,0,0,11.0,13.0
2009-10-14,2009,9,-1.0,-1.8369701987210297e-16,2,3.25,1,5.25,1,25.5,0,0,1,13.0,10.5
2009-10-15,2009,9,-1.0,-1.8369701987210297e-16,3,3.25,-1,3.5,0,5.0,0,0,1,10.5,10.25
2009-10-16,2009,9,-1.0,-1.8369701987210297e-16,4,4.5,0,8.0,1,5.5,0,0,1,10.25,20.5
2009-10-19,2009,9,-1.0,-1.8369701987210297e-16,0,7.5,-1,12.25,1,5.5,0,0,1,20.5,18.0
2009-10-20,2009,9,-1.0,-1.8369701987210297e-16,1,2.25,-1,11.25,-1,13.0,0,0,1,18.0,13.25
2009-10-21,2009,9,-1.0,-1.8369701987210297e-16,2,2.75,0,10.0,-1,5.0,0,1,0,13.25,26.5
2009-10-22,2009,9,-1.0,-1.8369701987210297e-16,3,6.25,-1,9.0,-1,3.5,0,0,1,26.5,17.5
2009-10-23,2009,9,-1.0,-1.8369701987210297e-16,4,3.75,1,5.25,-1,11.25,0,0,1,17.5,22.0
2009-10-26,2009,9,-1.0,-1.8369701987210297e-16,0,8.5,1,6.25,-1,0.0,1,0,0,22.0,25.0
2009-10-27,2009,9,-1.0,-1.8369701987210297e-16,1,3.75,1,5.75,1,4.25,0,0,1,25.0,32.5
2009-10-28,2009,9,-1.0,-1.8369701987210297e-16,2,7.25,-1,8.25,-1,4.5,0,0,1,32.5,25.0
2009-10-29,2009,9,-1.0,-1.8369701987210297e-16,3,6.0,1,6.75,1,12.5,0,0,1,25.0,17.75
2009-10-30,2009,9,-1.0,-1.8369701987210297e-16,4,4.0,-1,5.75,1,0.25,0,1,0,17.75,13.25
2009-11-02,2009,10,-0.8660254037844386,0.5,0,4.75,1,9.25,1,2.75,0,0,1,13.25,32.25
2009-11-03,2009,10,-0.8660254037844386,0.5,1,4.0,-1,16.5,-1,5.75,0,1,0,32.25,14.0
2009-11-04,2009,10,-0.8660254037844386,0.5,2,4.5,1,5.5,1,10.5,0,0,1,14.0,19.75
2009-11-05,2009,10,-0.8660254037844386,0.5,3,4.0,-1,12.0,1,10.25,0,0,1,19.75,26.0
2009-11-06,2009,10,-0.8660254037844386,0.5,4,2.75,-1,8.25,1,7.25,0,0,1,26.0,23.5
2009-11-09,2009,10,-0.8660254037844386,0.5,0,3.5,1,10.0,1,12.5,1,0,0,23.5,17.25
2009-11-10,2009,10,-0.8660254037844386,0.5,1,4.25,-1,6.25,-1,2.5,0,1,0,17.25,13.25
2009-11-11,2009,10,-0.8660254037844386,0.5,2,4.0,-1,13.25,1,11.75,1,0,0,13.25,14.75
2009-11-12,2009,10,-0.8660254037844386,0.5,3,9.5,-1,9.0,-1,0.0,0,0,1,14.75,14.5
2009-11-13,2009,10,-0.8660254037844386,0.5,4,7.75,1,4.5,1,4.0,0,0,1,14.5,14.5
2009-11-16,2009,10,-0.8660254037844386,0.5,0,5.75,1,6.75,1,7.0,0,0,1,14.5,19.5
2009-11-17,2009,10,-0.8660254037844386,0.5,1,5.25,-1,7.5,1,1.5,0,0,1,19.5,12.0
2009-11-18,2009,10,-0.8660254037844386,0.5,2,8.5,-1,4.75,1,2.75,0,0,1,12.0,16.75
2009-11-19,2009,10,-0.8660254037844386,0.5,3,6.0,-1,7.25,-1,10.5,0,0,1,16.75,28.5
2009-11-20,2009,10,-0.8660254037844386,0.5,4,8.0,1,5.25,1,6.25,1,0,0,28.5,11.0
2009-11-23,2009,10,-0.8660254037844386,0.5,0,3.0,1,12.25,1,17.0,0,0,1,11.0,21.75
2009-11-24,2009,10,-0.8660254037844386,0.5,1,3.5,-1,5.75,1,1.0,0,0,1,21.75,16.75
2009-11-25,2009,10,-0.8660254037844386,0.5,2,4.25,1,5.0,1,5.75,0,0,1,16.75,8.0
2009-11-30,2009,10,-0.8660254037844386,0.5,0,8.75,1,20.0,-1,32.25,0,0,1,8.0,15.0
2009-12-01,2009,11,-0.5000000000000004,0.8660254037844384,1,5.0,1,15.0,1,14.75,0,0,1,15.0,12.25
2009-12-02,2009,11,-0.5000000000000004,0.8660254037844384,2,3.0,-1,8.25,1,1.5,0,1,0,12.25,15.0
2009-12-03,2009,11,-0.5000000000000004,0.8660254037844384,3,5.25,1,4.75,-1,5.0,0,0,1,15.0,15.0
2009-12-04,2009,11,-0.5000000000000004,0.8660254037844384,4,4.0,-1,5.0,1,25.0,0,0,1,15.0,14.25
2009-12-07,2009,11,-0.5000000000000004,0.8660254037844384,0,5.25,-1,11.5,-1,4.75,1,0,0,14.25,9.75
2009-12-08,2009,11,-0.5000000000000004,0.8660254037844384,1,5.0,-1,10.0,1,11.75,1,0,0,9.75,13.75
2009-12-09,2009,11,-0.5000000000000004,0.8660254037844384,2,5.25,1,9.5,-1,1.5,0,1,0,13.75,21.75
2009-12-10,2009,11,-0.5000000000000004,0.8660254037844384,3,10.0,-1,11.0,1,2.0,0,0,1,21.75,12.75
2009-12-11,2009,11,-0.5000000000000004,0.8660254037844384,4,5.5,1,8.75,1,8.0,0,0,1,12.75,12.5
2009-12-14,2009,11,-0.5000000000000004,0.8660254037844384,0,22.0,1,8.0,-1,9.75,1,0,0,12.5,10.25
2009-12-15,2009,11,-0.5000000000000004,0.8660254037844384,1,4.5,1,7.75,-1,6.25,0,0,1,10.25,16.25
2009-12-16,2009,11,-0.5000000000000004,0.8660254037844384,2,3.25,1,11.75,1,8.5,0,0,1,16.25,9.75
2009-12-17,2009,11,-0.5000000000000004,0.8660254037844384,3,7.75,-1,11.0,-1,8.75,0,0,1,9.75,19.0
2009-12-18,2009,11,-0.5000000000000004,0.8660254037844384,4,6.0,1,6.0,1,8.0,1,0,0,19.0,14.5
2009-12-21,2009,11,-0.5000000000000004,0.8660254037844384,0,7.75,1,5.5,1,9.0,1,0,0,14.5,16.5
2009-12-22,2009,11,-0.5000000000000004,0.8660254037844384,1,5.0,1,4.0,1,6.75,0,0,1,16.5,10.5
2009-12-23,2009,11,-0.5000000000000004,0.8660254037844384,2,3.25,1,6.25,-1,1.25,0,0,1,10.5,8.75
2009-12-28,2009,11,-0.5000000000000004,0.8660254037844384,0,8.5,1,6.75,1,20.75,1,0,0,8.75,10.5
2009-12-29,2009,11,-0.5000000000000004,0.8660254037844384,1,3.0,1,4.0,1,4.0,0,0,1,10.5,8.25
2009-12-30,2009,11,-0.5000000000000004,0.8660254037844384,2,1.0,-1,7.0,-1,2.0,0,0,1,8.25,12.0
2009-12-31,2009,11,-0.5000000000000004,0.8660254037844384,3,4.5,1,3.25,-1,3.25,0,0,1,12.0,10.0
2010-01-04,2010,0,0.0,1.0,0,3.5,-1,11.5,1,15.25,0,0,1,10.0,8.5
2010-01-05,2010,0,0.0,1.0,1,3.0,-1,5.25,-1,2.0,0,0,1,8.5,9.75
2010-01-06,2010,0,0.0,1.0,2,4.75,-1,2.75,-1,0.5,0,0,1,9.75,7.75
2010-01-07,2010,0,0.0,1.0,3,4.25,-1,5.5,-1,0.75,0,0,1,7.75,14.25
2010-01-08,2010,0,0.0,1.0,4,3.5,1,4.25,-1,6.75,0,0,1,14.25,19.0
2010-01-11,2010,0,0.0,1.0,0,3.5,1,5.0,1,3.75,1,0,0,19.0,21.25
2010-01-12,2010,0,0.0,1.0,1,6.0,-1,11.25,-1,11.25,0,0,1,21.25,13.5
2010-01-13,2010,0,0.0,1.0,2,6.25,0,8.25,1,0.0,0,1,0,13.5,19.0
2010-01-14,2010,0,0.0,1.0,3,4.75,1,5.75,-1,2.25,0,0,1,19.0,11.75
2010-01-15,2010,0,0.0,1.0,4,6.0,-1,6.75,1,0.5,0,0,1,11.75,24.75
2010-01-19,2010,0,0.0,1.0,1,3.25,-1,9.25,-1,3.75,0,0,1,24.75,22.75
2010-01-20,2010,0,0.0,1.0,2,7.75,-1,4.75,-1,9.5,0,0,1,22.75,29.25
2010-01-21,2010,0,0.0,1.0,3,6.25,1,10.75,-1,3.75,0,0,1,29.25,35.5
2010-01-22,2010,0,0.0,1.0,4,5.5,1,5.75,1,2.0,1,0,0,35.5,23.5
2010-01-25,2010,0,0.0,1.0,0,2.25,-1,6.25,1,6.75,0,0,1,23.5,10.0
2010-01-26,2010,0,0.0,1.0,1,19.5,-1,10.5,1,0.0,0,0,1,10.0,21.5
2010-01-27,2010,0,0.0,1.0,2,5.5,-1,8.0,-1,2.5,0,0,1,21.5,17.75
2010-01-28,2010,0,0.0,1.0,3,8.75,1,5.5,-1,6.25,0,0,1,17.75,33.5
2010-01-29,2010,0,0.0,1.0,4,9.75,1,13.0,1,13.0,0,0,1,33.5,17.5
2010-02-01,2010,1,0.49999999999999994,0.8660254037844387,0,7.0,1,6.5,1,4.0,0,0,1,17.5,12.75
2010-02-02,2010,1,0.49999999999999994,0.8660254037844387,1,7.5,-1,7.75,1,2.25,0,0,1,12.75,19.75
2010-02-03,2010,1,0.49999999999999994,0.8660254037844387,2,5.25,1,6.0,-1,4.75,0,0,1,19.75,14.0
2010-02-04,2010,1,0.49999999999999994,0.8660254037844387,3,3.5,-1,8.75,-1,16.25,0,0,1,14.0,26.5
2010-02-05,2010,1,0.49999999999999994,0.8660254037844387,4,6.5,1,10.25,-1,1.75,0,0,1,26.5,22.25
2010-02-08,2010,1,0.49999999999999994,0.8660254037844387,0,4.5,-1,12.75,1,0.5,1,0,0,22.25,16.0
2010-02-09,2010,1,0.49999999999999994,0.8660254037844387,1,5.75,1,9.0,1,19.0,1,0,0,16.0,11.75
2010-02-10,2010,1,0.49999999999999994,0.8660254037844387,2,8.0,-1,7.25,1,2.25,0,0,1,11.75,22.75
2010-02-11,2010,1,0.49999999999999994,0.8660254037844387,3,5.0,1,6.25,1,2.0,0,0,1,22.75,13.25
2010-02-12,2010,1,0.49999999999999994,0.8660254037844387,4,4.75,1,9.5,-1,17.0,0,0,1,13.25,11.5
2010-02-16,2010,1,0.49999999999999994,0.8660254037844387,1,2.5,1,13.0,1,6.75,0,0,1,11.5,17.0
2010-02-17,2010,1,0.49999999999999994,0.8660254037844387,2,2.75,1,8.0,1,7.0,0,0,1,17.0,9.75
2010-02-18,2010,1,0.49999999999999994,0.8660254037844387,3,2.5,0,6.5,1,3.0,0,0,1,9.75,11.25
2010-02-19,2010,1,0.49999999999999994,0.8660254037844387,4,8.0,-1,9.5,1,2.25,0,0,1,11.25,8.75
2010-02-22,2010,1,0.49999999999999994,0.8660254037844387,0,3.0,-1,8.25,-1,9.5,1,0,0,8.75,19.0
2010-02-23,2010,1,0.49999999999999994,0.8660254037844387,1,5.0,1,7.5,1,5.75,0,0,1,19.0,24.75
2010-02-24,2010,1,0.49999999999999994,0.8660254037844387,2,5.75,1,8.0,-1,2.75,0,0,1,24.75,19.25
2010-02-25,2010,1,0.49999999999999994,0.8660254037844387,3,15.0,-1,9.75,1,22.0,0,0,1,19.25,12.5
2010-02-26,2010,1,0.49999999999999994,0.8660254037844387,4,8.25,1,6.0,-1,1.5,0,0,1,12.5,18.75
2010-03-01,2010,2,0.8660254037844386,0.5000000000000001,0,4.0,1,4.5,1,4.75,0,0,1,18.75,16.75
2010-03-02,2010,2,0.8660254037844386,0.5000000000000001,1,3.75,1,5.0,-1,6.5,1,0,0,16.75,7.5
2010-03-03,2010,2,0.8660254037844386,0.5000000000000001,2,2.25,-1,4.75,1,3.5,0,0,1,7.5,9.75
2010-03-04,2010,2,0.8660254037844386,0.5000000000000001,3,4.0,-1,6.0,1,2.5,0,0,1,9.75,14.5
2010-03-05,2010,2,0.8660254037844386,0.5000000000000001,4,1.75,1,3.25,1,13.0,0,0,1,14.5,16.5
2010-03-08,2010,2,0.8660254037844386,0.5000000000000001,0,3.25,-1,5.75,-1,3.0,1,0,0,16.5,6.5
2010-03-09,2010,2,0.8660254037844386,0.5000000000000001,1,2.5,0,6.75,-1,3.5,1,0,0,6.5,21.5
2010-03-10,2010,2,0.8660254037844386,0.5000000000000001,2,1.75,1,6.25,1,0.75,0,1,0,21.5,16.25
2010-03-11,2010,2,0.8660254037844386,0.5000000000000001,3,5.75,-1,6.0,1,8.25,0,0,1,16.25,11.25
2010-03-12,2010,2,0.8660254037844386,0.5000000000000001,4,1.75,1,2.75,1,4.75,0,0,1,11.25,13.75
2010-03-15,2010,2,0.8660254037844386,0.5000000000000001,0,7.25,-1,3.0,1,6.5,0,0,1,13.75,12.25
2010-03-16,2010,2,0.8660254037844386,0.5000000000000001,1,2.5,1,3.75,-1,5.5,0,0,1,12.25,10.5
2010-03-17,2010,2,0.8660254037844386,0.5000000000000001,2,4.0,1,1.5,0,2.75,0,0,1,10.5,7.0
2010-03-18,2010,2,0.8660254037844386,0.5000000000000001,3,2.75,-1,3.75,-1,2.25,0,0,1,7.0,6.25
2010-03-19,2010,2,0.8660254037844386,0.5000000000000001,4,3.0,1,3.0,-1,4.75,1,0,0,6.25,20.25
2010-03-22,2010,2,0.8660254037844386,0.5000000000000001,0,3.75,-1,4.25,0,9.25,1,0,0,20.25,25.5
2010-03-23,2010,2,0.8660254037844386,0.5000000000000001,1,2.5,-1,5.0,1,2.0,0,0,1,25.5,9.25
2010-03-24,2010,2,0.8660254037844386,0.5000000000000001,2,2.0,-1,4.0,1,6.5,0,0,1,9.25,6.75
2010-03-25,2010,2,0.8660254037844386,0.5000000000000001,3,3.5,1,4.5,1,14.0,0,0,1,6.75,10.5
2010-03-26,2010,2,0.8660254037844386,0.5000000000000001,4,7.5,1,5.5,1,5.25,0,1,0,10.5,11.0
2010-03-29,2010,2,0.8660254037844386,0.5000000000000001,0,5.25,1,7.5,1,8.0,0,1,0,11.0,7.75
2010-03-30,2010,2,0.8660254037844386,0.5000000000000001,1,3.75,-1,4.5,1,4.5,0,0,1,7.75,11.75
2010-03-31,2010,2,0.8660254037844386,0.5000000000000001,2,2.0,-1,5.0,1,6.25,0,1,0,11.75,11.25
2010-04-01,2010,3,1.0,6.123233995736766e-17,3,3.75,-1,7.25,1,2.75,0,0,1,11.25,14.25
2010-04-05,2010,3,1.0,6.123233995736766e-17,0,1.75,-1,3.0,-1,6.0,0,0,1,14.25,23.5
2010-04-06,2010,3,1.0,6.123233995736766e-17,1,4.25,-1,5.5,-1,5.25,1,0,0,23.5,7.5
2010-04-07,2010,3,1.0,6.123233995736766e-17,2,2.5,-1,3.25,-1,2.0,0,1,0,7.5,8.75
2010-04-08,2010,3,1.0,6.123233995736766e-17,3,2.75,-1,6.5,-1,4.5,0,0,1,8.75,11.0
2010-04-09,2010,3,1.0,6.123233995736766e-17,4,2.5,-1,7.25,1,0.75,1,0,0,11.0,8.75
2010-04-12,2010,3,1.0,6.123233995736766e-17,0,3.5,-1,5.5,-1,0.5,1,0,0,8.75,9.75
2010-04-13,2010,3,1.0,6.123233995736766e-17,1,4.75,-1,4.0,-1,2.0,0,0,1,9.75,14.0
2010-04-14,2010,3,1.0,6.123233995736766e-17,2,2.0,-1,4.25,-1,11.75,0,0,1,14.0,6.25
2010-04-15,2010,3,1.0,6.123233995736766e-17,3,3.75,-1,5.5,-1,1.25,0,0,1,6.25,11.25
2010-04-16,2010,3,1.0,6.123233995736766e-17,4,6.25,-1,7.25,1,6.5,0,0,1,11.25,16.75
2010-04-19,2010,3,1.0,6.123233995736766e-17,0,6.5,-1,8.5,-1,5.0,0,0,1,16.75,15.25
2010-04-20,2010,3,1.0,6.123233995736766e-17,1,4.25,-1,6.0,1,7.5,0,0,1,15.25,15.0
2010-04-21,2010,3,1.0,6.123233995736766e-17,2,3.75,1,5.25,-1,10.5,0,1,0,15.0,13.5
2010-04-22,2010,3,1.0,6.123233995736766e-17,3,3.0,1,7.75,1,12.25,0,0,1,13.5,23.0
2010-04-23,2010,3,1.0,6.123233995736766e-17,4,5.25,1,12.5,1,5.5,0,0,1,23.0,13.75
2010-04-26,2010,3,1.0,6.123233995736766e-17,0,6.5,1,4.5,1,0.0,1,0,0,13.75,14.25
2010-04-27,2010,3,1.0,6.123233995736766e-17,1,4.75,1,4.0,-1,6.75,0,0,1,14.25,12.5
2010-04-28,2010,3,1.0,6.123233995736766e-17,2,5.5,1,13.0,-1,6.25,0,1,0,12.5,23.0
2010-04-29,2010,3,1.0,6.123233995736766e-17,3,4.25,-1,7.75,1,8.25,0,0,1,23.0,19.5
2010-04-30,2010,3,1.0,6.123233995736766e-17,4,8.0,1,9.25,1,2.75,0,0,1,19.5,19.0
2010-05-03,2010,4,0.8660254037844388,-0.4999999999999998,0,5.25,-1,6.5,1,3.5,0,0,1,19.0,13.25
2010-05-04,2010,4,0.8660254037844388,-0.4999999999999998,1,4.75,-1,8.5,-1,24.0,0,0,1,13.25,39.5
2010-05-05,2010,4,0.8660254037844388,-0.4999999999999998,2,3.5,1,10.0,1,21.5,0,0,1,39.5,26.5
2010-05-06,2010,4,0.8660254037844388,-0.4999999999999998,3,5.0,-1,14.25,1,15.25,0,0,1,26.5,20.75
2010-05-07,2010,4,0.8660254037844388,-0.4999999999999998,4,21.25,1,28.25,1,10.75,0,0,1,20.75,94.5
2010-05-10,2010,4,0.8660254037844388,-0.4999999999999998,0,22.25,1,35.5,1,76.0,1,0,0,94.5,18.75
2010-05-11,2010,4,0.8660254037844388,-0.4999999999999998,1,15.5,-1,12.5,-1,17.75,1,0,0,18.75,22.25
2010-05-12,2010,4,0.8660254037844388,-0.4999999999999998,2,11.0,-1,19.5,1,13.5,0,0,1,22.25,22.0
2010-05-13,2010,4,0.8660254037844388,-0.4999999999999998,3,6.0,1,13.25,-1,5.75,0,0,1,22.0,19.25
2010-05-14,2010,4,0.8660254037844388,-0.4999999999999998,4,7.75,1,13.5,-1,17.0,0,0,1,19.25,32.25
2010-05-17,2010,4,0.8660254037844388,-0.4999999999999998,0,23.5,-1,23.0,1,0.5,0,0,1,32.25,17.25
2010-05-18,2010,4,0.8660254037844388,-0.4999999999999998,1,10.25,-1,14.5,1,14.75,0,0,1,17.25,39.75
2010-05-19,2010,4,0.8660254037844388,-0.4999999999999998,2,12.25,1,20.5,-1,8.25,0,0,1,39.75,40.5
2010-05-20,2010,4,0.8660254037844388,-0.4999999999999998,3,10.5,-1,14.0,1,33.5,0,0,1,40.5,35.75
2010-05-21,2010,4,0.8660254037844388,-0.4999999999999998,4,22.5,1,17.0,-1,28.25,1,0,0,35.75,48.5
2010-05-24,2010,4,0.8660254037844388,-0.4999999999999998,0,16.75,1,15.25,-1,1.0,0,0,1,48.5,23.0
2010-05-25,2010,4,0.8660254037844388,-0.4999999999999998,1,20.25,-1,22.25,-1,38.0,0,0,1,23.0,28.5
2010-05-26,2010,4,0.8660254037844388,-0.4999999999999998,2,19.0,-1,17.0,1,9.5,0,0,1,28.5,26.75
2010-05-27,2010,4,0.8660254037844388,-0.4999999999999998,3,18.5,1,17.5,1,45.75,0,0,1,26.75,18.5
2010-05-28,2010,4,0.8660254037844388,-0.4999999999999998,4,10.75,-1,13.75,1,2.25,0,1,0,18.5,16.5
2010-06-01,2010,5,0.49999999999999994,-0.8660254037844387,1,15.0,-1,30.75,-1,6.0,0,0,1,16.5,37.0
2010-06-02,2010,5,0.49999999999999994,-0.8660254037844387,2,10.0,-1,13.25,-1,12.25,0,0,1,37.0,21.25
2010-06-03,2010,5,0.49999999999999994,-0.8660254037844387,3,9.75,1,6.5,1,4.5,0,0,1,21.25,16.25
2010-06-04,2010,5,0.49999999999999994,-0.8660254037844387,4,6.0,0,9.5,1,42.5,0,0,1,16.25,25.5
2010-06-07,2010,5,0.49999999999999994,-0.8660254037844387,0,16.0,-1,13.75,1,7.0,1,0,0,25.5,31.75
2010-06-08,2010,5,0.49999999999999994,-0.8660254037844387,1,9.5,1,20.75,-1,6.5,1,0,0,31.75,34.0
2010-06-09,2010,5,0.49999999999999994,-0.8660254037844387,2,10.5,-1,11.0,-1,14.25,0,0,1,34.0,15.75
2010-06-10,2010,5,0.49999999999999994,-0.8660254037844387,3,14.75,1,13.0,1,20.5,0,0,1,15.75,22.75
2010-06-11,2010,5,0.49999999999999994,-0.8660254037844387,4,5.25,-1,6.5,1,9.75,0,0,1,22.75,31.5
2010-06-14,2010,5,0.49999999999999994,-0.8660254037844387,0,4.25,-1,8.5,1,20.0,1,0,0,31.5,14.25
2010-06-15,2010,5,0.49999999999999994,-0.8660254037844387,1,7.75,1,12.25,1,10.0,0,0,1,14.25,22.5
2010-06-16,2010,5,0.49999999999999994,-0.8660254037844387,2,2.5,-1,8.75,-1,4.25,0,0,1,22.5,11.5
2010-06-17,2010,5,0.49999999999999994,-0.8660254037844387,3,5.25,-1,11.0,1,7.75,0,0,1,11.5,21.75
2010-06-18,2010,5,0.49999999999999994,-0.8660254037844387,4,5.25,1,7.0,1,3.5,1,0,0,21.75,18.0
2010-06-21,2010,5,0.49999999999999994,-0.8660254037844387,0,16.75,1,5.25,1,26.75,1,0,0,18.0,18.5
2010-06-22,2010,5,0.49999999999999994,-0.8660254037844387,1,11.0,1,8.0,1,3.5,0,0,1,18.5,20.75
2010-06-23,2010,5,0.49999999999999994,-0.8660254037844387,2,6.25,1,8.25,1,3.5,0,0,1,20.75,26.75
2010-06-24,2010,5,0.49999999999999994,-0.8660254037844387,3,6.75,1,22.5,-1,9.5,0,0,1,26.75,23.75
2010-06-25,2010,5,0.49999999999999994,-0.8660254037844387,4,8.75,-1,13.25,-1,1.5,0,1,0,23.75,23.5
2010-06-28,2010,5,0.49999999999999994,-0.8660254037844387,0,8.5,1,11.25,1,1.75,0,1,0,23.5,22.0
2010-06-29,2010,5,0.49999999999999994,-0.8660254037844387,1,15.0,-1,15.75,-1,29.75,0,0,1,22.0,41.5
2010-06-30,2010,5,0.49999999999999994,-0.8660254037844387,2,9.5,1,5.25,-1,4.25,0,1,0,41.5,17.0
2010-07-01,2010,6,1.2246467991473532e-16,-1.0,3,19.5,-1,7.5,1,5.5,0,0,1,17.0,47.75
2010-07-02,2010,6,1.2246467991473532e-16,-1.0,4,11.5,1,8.25,-1,5.25,0,0,1,47.75,15.0
2010-07-06,2010,6,1.2246467991473532e-16,-1.0,1,15.75,1,15.25,1,30.75,0,0,1,15.0,17.0
2010-07-07,2010,6,1.2246467991473532e-16,-1.0,2,9.0,-1,11.0,-1,2.25,1,0,0,17.0,25.0
2010-07-08,2010,6,1.2246467991473532e-16,-1.0,3,8.0,1,6.25,-1,10.5,0,0,1,25.0,12.75
2010-07-09,2010,6,1.2246467991473532e-16,-1.0,4,6.0,1,5.25,-1,1.75,1,0,0,12.75,16.5
2010-07-12,2010,6,1.2246467991473532e-16,-1.0,0,4.5,1,5.75,-1,0.5,0,0,1,16.5,20.5
2010-07-13,2010,6,1.2246467991473532e-16,-1.0,1,9.75,-1,13.75,1,13.25,0,0,1,20.5,15.75
2010-07-14,2010,6,1.2246467991473532e-16,-1.0,2,2.0,1,4.75,-1,5.25,0,0,1,15.75,13.0
2010-07-15,2010,6,1.2246467991473532e-16,-1.0,3,17.75,1,9.5,1,3.25,0,0,1,13.0,22.25
2010-07-16,2010,6,1.2246467991473532e-16,-1.0,4,7.75,-1,8.5,1,4.0,0,0,1,22.25,30.0
2010-07-19,2010,6,1.2246467991473532e-16,-1.0,0,8.5,1,8.0,1,5.5,1,0,0,30.0,25.75
2010-07-20,2010,6,1.2246467991473532e-16,-1.0,1,9.75,1,12.5,-1,18.5,0,0,1,25.75,18.25
2010-07-21,2010,6,1.2246467991473532e-16,-1.0,2,7.75,-1,8.5,1,18.25,0,1,0,18.25,31.25
2010-07-22,2010,6,1.2246467991473532e-16,-1.0,3,6.0,-1,20.5,1,23.25,0,0,1,31.25,31.0
2010-07-23,2010,6,1.2246467991473532e-16,-1.0,4,6.75,-1,13.0,1,5.25,1,0,0,31.0,17.75
2010-07-26,2010,6,1.2246467991473532e-16,-1.0,0,10.0,1,11.0,-1,0.5,0,0,1,17.75,15.25
2010-07-27,2010,6,1.2246467991473532e-16,-1.0,1,4.75,-1,12.5,1,9.25,0,0,1,15.25,14.75
2010-07-28,2010,6,1.2246467991473532e-16,-1.0,2,5.0,1,5.0,-1,1.5,0,0,1,14.75,15.5
2010-07-29,2010,6,1.2246467991473532e-16,-1.0,3,6.25,1,7.75,1,13.0,0,0,1,15.5,21.0
2010-07-30,2010,6,1.2246467991473532e-16,-1.0,4,8.25,-1,10.75,-1,15.0,0,0,1,21.0,33.5
2010-08-02,2010,7,-0.4999999999999998,-0.8660254037844388,0,8.0,1,11.75,1,21.25,0,0,1,33.5,20.5
2010-08-03,2010,7,-0.4999999999999998,-0.8660254037844388,1,4.5,-1,6.25,1,1.25,0,0,1,20.5,18.5
2010-08-04,2010,7,-0.4999999999999998,-0.8660254037844388,2,6.5,-1,7.75,-1,4.0,0,0,1,18.5,18.0
2010-08-05,2010,7,-0.4999999999999998,-0.8660254037844388,3,4.5,-1,5.5,-1,8.0,0,0,1,18.0,12.0
2010-08-06,2010,7,-0.4999999999999998,-0.8660254037844388,4,4.75,1,5.5,-1,20.0,0,0,1,12.0,31.0
2010-08-09,2010,7,-0.4999999999999998,-0.8660254037844388,0,5.5,1,5.5,1,4.75,1,0,0,31.0,11.5
2010-08-10,2010,7,-0.4999999999999998,-0.8660254037844388,1,6.75,-1,8.25,-1,15.25,0,1,0,11.5,20.25
2010-08-11,2010,7,-0.4999999999999998,-0.8660254037844388,2,12.75,-1,10.75,-1,31.25,0,0,1,20.25,23.5
2010-08-12,2010,7,-0.4999999999999998,-0.8660254037844388,3,7.25,1,8.25,1,28.0,0,0,1,23.5,30.75
2010-08-13,2010,7,-0.4999999999999998,-0.8660254037844388,4,8.0,1,6.75,-1,5.25,0,0,1,30.75,12.75
2010-08-16,2010,7,-0.4999999999999998,-0.8660254037844388,0,13.75,1,17.25,-1,8.75,0,0,1,12.75,30.25
2010-08-17,2010,7,-0.4999999999999998,-0.8660254037844388,1,10.25,1,9.75,1,12.5,0,0,1,30.25,13.5
2010-08-18,2010,7,-0.4999999999999998,-0.8660254037844388,2,5.75,-1,9.75,-1,0.5,0,1,0,13.5,15.75
2010-08-19,2010,7,-0.4999999999999998,-0.8660254037844388,3,7.25,1,13.75,-1,4.0,0,0,1,15.75,25.25
2010-08-20,2010,7,-0.4999999999999998,-0.8660254037844388,4,7.0,-1,11.0,-1,0.25,1,0,0,25.25,13.5
2010-08-23,2010,7,-0.4999999999999998,-0.8660254037844388,0,5.0,1,10.5,1,12.0,0,1,0,13.5,30.0
2010-08-24,2010,7,-0.4999999999999998,-0.8660254037844388,1,6.75,-1,13.0,-1,21.5,0,0,1,30.0,22.25
2010-08-25,2010,7,-0.4999999999999998,-0.8660254037844388,2,6.5,-1,12.0,1,11.5,0,0,1,22.25,16.0
2010-08-26,2010,7,-0.4999999999999998,-0.8660254037844388,3,5.75,1,7.0,-1,7.0,0,0,1,16.0,13.0
2010-08-27,2010,7,-0.4999999999999998,-0.8660254037844388,4,6.5,1,9.0,-1,16.5,0,0,1,13.0,40.5
2010-08-30,2010,7,-0.4999999999999998,-0.8660254037844388,0,11.5,1,5.25,-1,7.5,0,1,0,40.5,15.75
2010-08-31,2010,7,-0.4999999999999998,-0.8660254037844388,1,5.75,-1,10.25,-1,5.5,0,0,1,15.75,27.25
2010-09-01,2010,8,-0.8660254037844384,-0.5000000000000004,2,16.0,1,13.5,1,18.0,0,0,1,27.25,34.25
2010-09-02,2010,8,-0.8660254037844384,-0.5000000000000004,3,8.0,-1,8.5,1,0.25,0,0,1,34.25,15.75
2010-09-03,2010,8,-0.8660254037844384,-0.5000000000000004,4,5.0,-1,6.25,1,18.75,0,0,1,15.75,19.0
2010-09-07,2010,8,-0.8660254037844384,-0.5000000000000004,1,7.5,1,9.5,-1,5.5,1,0,0,19.0,14.75
2010-09-08,2010,8,-0.8660254037844384,-0.5000000000000004,2,7.25,-1,8.75,1,5.0,1,0,0,14.75,17.0
2010-09-09,2010,8,-0.8660254037844384,-0.5000000000000004,3,8.5,-1,8.75,1,15.5,0,0,1,17.0,10.5
2010-09-10,2010,8,-0.8660254037844384,-0.5000000000000004,4,8.5,-1,9.0,1,2.75,1,0,0,10.5,14.0
2010-09-13,2010,8,-0.8660254037844384,-0.5000000000000004,0,5.5,1,5.75,1,16.25,1,0,0,14.0,15.5
2010-09-14,2010,8,-0.8660254037844384,-0.5000000000000004,1,3.0,-1,6.75,-1,1.25,0,0,1,15.5,15.5
2010-09-15,2010,8,-0.8660254037844384,-0.5000000000000004,2,9.25,1,5.25,-1,2.0,0,1,0,15.5,14.25
2010-09-16,2010,8,-0.8660254037844384,-0.5000000000000004,3,6.25,-1,8.0,1,4.75,0,0,1,14.25,8.75
2010-09-17,2010,8,-0.8660254037844384,-0.5000000000000004,4,7.5,1,7.0,1,7.25,0,0,1,8.75,16.0
2010-09-20,2010,8,-0.8660254037844384,-0.5000000000000004,0,8.25,1,8.0,1,7.75,1,0,0,16.0,22.5
2010-09-21,2010,8,-0.8660254037844384,-0.5000000000000004,1,3.75,-1,8.5,1,4.5,0,0,1,22.5,8.75
2010-09-22,2010,8,-0.8660254037844384,-0.5000000000000004,2,9.0,1,16.25,-1,8.25,0,1,0,8.75,19.5
2010-09-23,2010,8,-0.8660254037844384,-0.5000000000000004,3,5.0,1,17.25,-1,10.75,0,0,1,19.5,26.75
2010-09-24,2010,8,-0.8660254037844384,-0.5000000000000004,4,10.5,1,10.75,1,20.0,0,0,1,26.75,17.25
2010-09-27,2010,8,-0.8660254037844384,-0.5000000000000004,0,7.25,-1,7.5,-1,0.5,1,0,0,17.25,9.0
2010-09-28,2010,8,-0.8660254037844384,-0.5000000000000004,1,3.75,1,9.0,-1,6.25,0,0,1,9.0,37.75
2010-09-29,2010,8,-0.8660254037844384,-0.5000000000000004,2,6.0,1,16.25,-1,3.25,0,1,0,37.75,16.5
2010-09-30,2010,8,-0.8660254037844384,-0.5000000000000004,3,5.5,-1,12.0,1,6.5,0,0,1,16.5,25.25
2010-10-01,2010,9,-1.0,-1.8369701987210297e-16,4,7.0,1,8.75,1,17.75,0,0,1,25.25,30.5
2010-10-04,2010,9,-1.0,-1.8369701987210297e-16,0,8.75,1,15.5,-1,5.5,0,0,1,30.5,14.75
2010-10-05,2010,9,-1.0,-1.8369701987210297e-16,1,3.75,-1,11.25,1,17.0,0,0,1,14.75,23.25
2010-10-06,2010,9,-1.0,-1.8369701987210297e-16,2,5.25,-1,7.0,1,0.25,0,1,0,23.25,21.5
2010-10-07,2010,9,-1.0,-1.8369701987210297e-16,3,4.5,0,11.0,-1,10.25,0,0,1,21.5,22.0
2010-10-08,2010,9,-1.0,-1.8369701987210297e-16,4,6.25,1,9.5,-1,3.0,0,0,1,22.0,17.0
2010-10-11,2010,9,-1.0,-1.8369701987210297e-16,0,6.25,-1,7.0,1,3.25,1,0,0,17.0,11.75
2010-10-12,2010,9,-1.0,-1.8369701987210297e-16,1,15.0,-1,9.75,-1,3.5,1,0,0,11.75,29.25
2010-10-13,2010,9,-1.0,-1.8369701987210297e-16,2,7.75,1,12.75,1,12.5,0,1,0,29.25,12.5
2010-10-14,2010,9,-1.0,-1.8369701987210297e-16,3,9.25,1,5.25,-1,0.5,0,0,1,12.5,12.0
2010-10-15,2010,9,-1.0,-1.8369701987210297e-16,4,6.25,1,9.0,-1,14.5,0,0,1,12.0,20.5
2010-10-18,2010,9,-1.0,-1.8369701987210297e-16,0,9.25,-1,6.75,1,0.0,0,0,1,20.5,12.5
2010-10-19,2010,9,-1.0,-1.8369701987210297e-16,1,5.25,1,4.5,1,26.75,0,0,1,12.5,31.0
2010-10-20,2010,9,-1.0,-1.8369701987210297e-16,2,15.0,1,8.0,1,6.25,0,1,0,31.0,17.5
2010-10-21,2010,9,-1.0,-1.8369701987210297e-16,3,8.5,-1,12.25,1,11.5,0,0,1,17.5,13.0
2010-10-22,2010,9,-1.0,-1.8369701987210297e-16,4,4.25,1,9.75,-1,7.0,1,0,0,13.0,13.5
2010-10-25,2010,9,-1.0,-1.8369701987210297e-16,0,17.75,1,6.5,-1,5.25,0,0,1,13.5,16.25
2010-10-26,2010,9,-1.0,-1.8369701987210297e-16,1,5.0,1,7.25,-1,10.0,0,0,1,16.25,21.5
2010-10-27,2010,9,-1.0,-1.8369701987210297e-16,2,14.75,-1,6.75,-1,8.75,0,0,1,21.5,18.75
2010-10-28,2010,9,-1.0,-1.8369701987210297e-16,3,2.75,1,4.75,1,8.5,0,0,1,18.75,21.0
2010-10-29,2010,9,-1.0,-1.8369701987210297e-16,4,11.25,-1,7.25,-1,0.25,0,0,1,21.0,12.0
2010-11-01,2010,10,-0.8660254037844386,0.5,0,4.75,1,3.25,1,7.75,0,0,1,12.0,15.5
2010-11-02,2010,10,-0.8660254037844386,0.5,1,3.75,1,5.0,1,14.0,1,0,0,15.5,11.25
2010-11-03,2010,10,-0.8660254037844386,0.5,2,8.0,-1,5.5,-1,1.75,0,0,1,11.25,10.0
2010-11-04,2010,10,-0.8660254037844386,0.5,3,3.75,0,11.75,1,16.5,0,0,1,10.0,12.75
2010-11-05,2010,10,-0.8660254037844386,0.5,4,4.25,-1,5.25,-1,2.25,0,0,1,12.75,10.25
2010-11-08,2010,10,-0.8660254037844386,0.5,0,8.0,-1,6.5,1,5.25,1,0,0,10.25,14.5
2010-11-09,2010,10,-0.8660254037844386,0.5,1,3.25,1,10.25,1,10.5,1,0,0,14.5,14.25
2010-11-10,2010,10,-0.8660254037844386,0.5,2,7.0,-1,4.0,1,1.75,0,0,1,14.25,19.5
2010-11-11,2010,10,-0.8660254037844386,0.5,3,6.25,1,9.5,-1,25.0,1,0,0,19.5,22.5
2010-11-12,2010,10,-0.8660254037844386,0.5,4,17.0,-1,10.5,1,12.25,0,0,1,22.5,24.5
2010-11-15,2010,10,-0.8660254037844386,0.5,0,6.5,1,8.5,1,12.25,0,0,1,24.5,21.25
2010-11-16,2010,10,-0.8660254037844386,0.5,1,9.5,1,7.75,-1,15.75,0,0,1,21.25,19.0
2010-11-17,2010,10,-0.8660254037844386,0.5,2,3.75,1,12.0,1,2.75,0,0,1,19.0,19.0
2010-11-18,2010,10,-0.8660254037844386,0.5,3,9.5,1,12.25,1,23.0,0,0,1,19.0,23.0
2010-11-19,2010,10,-0.8660254037844386,0.5,4,8.25,-1,8.5,-1,5.5,1,0,0,23.0,12.0
2010-11-22,2010,10,-0.8660254037844386,0.5,0,4.25,-1,5.5,-1,9.25,1,0,0,12.0,27.25
2010-11-23,2010,10,-0.8660254037844386,0.5,1,4.75,-1,9.0,1,23.25,0,0,1,27.25,18.0
2010-11-24,2010,10,-0.8660254037844386,0.5,2,6.25,1,13.0,-1,20.5,0,0,1,18.0,26.75
2010-11-29,2010,10,-0.8660254037844386,0.5,0,9.25,1,10.0,-1,15.25,1,0,0,26.75,29.0
2010-11-30,2010,10,-0.8660254037844386,0.5,1,12.0,-1,12.0,-1,23.0,0,0,1,29.0,22.0
2010-12-01,2010,11,-0.5000000000000004,0.8660254037844384,2,12.25,1,10.5,1,35.5,0,0,1,22.0,19.5
2010-12-02,2010,11,-0.5000000000000004,0.8660254037844384,3,2.5,0,13.75,1,6.25,0,0,1,19.5,16.5
2010-12-03,2010,11,-0.5000000000000004,0.8660254037844384,4,3.75,-1,7.25,1,13.5,0,0,1,16.5,15.25
2010-12-06,2010,11,-0.5000000000000004,0.8660254037844384,0,4.5,-1,10.25,-1,2.25,1,0,0,15.25,9.0
2010-12-07,2010,11,-0.5000000000000004,0.8660254037844384,1,10.25,1,17.25,1,25.5,1,0,0,9.0,17.5
2010-12-08,2010,11,-0.5000000000000004,0.8660254037844384,2,7.25,-1,11.75,1,7.25,0,1,0,17.5,19.25
2010-12-09,2010,11,-0.5000000000000004,0.8660254037844384,3,4.5,1,12.0,-1,10.25,0,0,1,19.25,18.75
2010-12-10,2010,11,-0.5000000000000004,0.8660254037844384,4,4.75,1,5.75,-1,6.75,0,0,1,18.75,9.75
2010-12-13,2010,11,-0.5000000000000004,0.8660254037844384,0,6.0,1,4.5,-1,7.25,1,0,0,9.75,9.0
2010-12-14,2010,11,-0.5000000000000004,0.8660254037844384,1,2.75,1,4.0,1,2.75,0,0,1,9.0,12.75
2010-12-15,2010,11,-0.5000000000000004,0.8660254037844384,2,4.75,1,7.0,-1,4.75,0,0,1,12.75,16.75
2010-12-16,2010,11,-0.5000000000000004,0.8660254037844384,3,4.25,1,6.5,1,1.0,0,0,1,16.75,12.0
2010-12-17,2010,11,-0.5000000000000004,0.8660254037844384,4,4.5,-1,2.75,0,1.5,1,0,0,12.0,5.5
2010-12-20,2010,11,-0.5000000000000004,0.8660254037844384,0,8.25,-1,8.0,1,10.25,1,0,0,5.5,19.25
2010-12-21,2010,11,-0.5000000000000004,0.8660254037844384,1,8.25,1,4.5,-1,9.75,0,1,0,19.25,8.0
2010-12-22,2010,11,-0.5000000000000004,0.8660254037844384,2,2.0,-1,2.75,1,1.5,0,0,1,8.0,5.0
2010-12-23,2010,11,-0.5000000000000004,0.8660254037844384,3,3.25,1,3.5,-1,7.5,0,0,1,5.0,10.75
2010-12-27,2010,11,-0.5000000000000004,0.8660254037844384,0,7.0,1,8.25,-1,7.25,1,0,0,10.75,17.75
2010-12-28,2010,11,-0.5000000000000004,0.8660254037844384,1,2.0,1,5.25,-1,4.75,0,0,1,17.75,13.0
2010-12-29,2010,11,-0.5000000000000004,0.8660254037844384,2,4.25,1,2.75,0,4.0,1,0,0,13.0,6.75
2010-12-30,2010,11,-0.5000000000000004,0.8660254037844384,3,4.0,1,3.5,-1,2.5,0,0,1,6.75,9.5
2010-12-31,2010,11,-0.5000000000000004,0.8660254037844384,4,3.25,1,3.5,-1,1.5,1,0,0,9.5,17.0
2011-01-03,2011,0,0.0,1.0,0,7.25,1,7.5,1,13.75,0,0,1,17.0,28.25
2011-01-04,2011,0,0.0,1.0,1,3.25,1,5.0,1,11.5,0,1,0,28.25,13.25
2011-01-05,2011,0,0.0,1.0,2,8.5,-1,12.5,-1,2.5,0,0,1,13.25,17.25
2011-01-06,2011,0,0.0,1.0,3,3.0,0,5.0,1,0.25,0,0,1,17.25,10.0
2011-01-07,2011,0,0.0,1.0,4,3.75,1,6.25,-1,4.5,0,0,1,10.0,12.25
2011-01-10,2011,0,0.0,1.0,0,5.75,1,9.0,-1,4.25,1,0,0,12.25,12.25
2011-01-11,2011,0,0.0,1.0,1,6.25,1,4.25,-1,9.75,0,1,0,12.25,10.5
2011-01-12,2011,0,0.0,1.0,2,3.0,1,13.5,1,10.75,0,1,0,10.5,10.0
2011-01-13,2011,0,0.0,1.0,3,2.5,-1,5.75,-1,1.5,0,0,1,10.0,10.75
2011-01-14,2011,0,0.0,1.0,4,3.0,-1,7.0,-1,0.25,0,0,1,10.75,13.0
2011-01-18,2011,0,0.0,1.0,1,6.25,1,9.75,1,20.25,0,0,1,13.0,19.0
2011-01-19,2011,0,0.0,1.0,2,3.5,-1,8.0,-1,1.0,0,0,1,19.0,20.0
2011-01-20,2011,0,0.0,1.0,3,6.25,-1,9.75,1,3.75,0,0,1,20.0,23.25
2011-01-21,2011,0,0.0,1.0,4,8.75,-1,4.75,1,14.0,1,0,0,23.25,13.75
2011-01-24,2011,0,0.0,1.0,0,6.25,1,11.0,-1,2.5,1,0,0,13.75,12.5
2011-01-25,2011,0,0.0,1.0,1,3.25,1,15.0,-1,10.75,0,0,1,12.5,15.25
2011-01-26,2011,0,0.0,1.0,2,6.5,1,6.0,1,5.5,0,0,1,15.25,21.75
2011-01-27,2011,0,0.0,1.0,3,4.75,-1,8.75,-1,3.25,0,0,1,21.75,11.0
2011-01-28,2011,0,0.0,1.0,4,5.0,-1,4.25,-1,3.5,0,0,1,11.0,34.25
2011-01-31,2011,0,0.0,1.0,0,11.25,1,13.75,-1,6.5,0,1,0,34.25,20.0
2011-02-01,2011,1,0.49999999999999994,0.8660254037844387,1,5.25,-1,3.5,1,12.75,0,0,1,20.0,22.5
2011-02-02,2011,1,0.49999999999999994,0.8660254037844387,2,3.0,-1,5.25,1,4.5,0,1,0,22.5,13.5
2011-02-03,2011,1,0.49999999999999994,0.8660254037844387,3,6.75,-1,7.75,1,4.5,0,0,1,13.5,24.25
2011-02-04,2011,1,0.49999999999999994,0.8660254037844387,4,6.0,1,3.25,1,1.25,0,0,1,24.25,14.0
2011-02-07,2011,1,0.49999999999999994,0.8660254037844387,0,4.75,1,11.5,1,3.75,1,0,0,14.0,15.75
2011-02-08,2011,1,0.49999999999999994,0.8660254037844387,1,3.75,1,5.5,1,1.75,1,0,0,15.75,13.25
2011-02-09,2011,1,0.49999999999999994,0.8660254037844387,2,5.25,-1,5.5,-1,4.25,0,0,1,13.25,9.5
2011-02-10,2011,1,0.49999999999999994,0.8660254037844387,3,4.75,-1,12.0,-1,17.0,0,0,1,9.5,20.25
2011-02-11,2011,1,0.49999999999999994,0.8660254037844387,4,7.0,-1,6.75,-1,6.0,0,0,1,20.25,17.0
2011-02-14,2011,1,0.49999999999999994,0.8660254037844387,0,5.25,1,4.25,-1,0.25,1,0,0,17.0,11.0
2011-02-15,2011,1,0.49999999999999994,0.8660254037844387,1,4.0,1,7.75,1,1.75,0,0,1,11.0,13.25
2011-02-16,2011,1,0.49999999999999994,0.8660254037844387,2,8.5,1,5.0,1,5.75,0,0,1,13.25,16.25
2011-02-17,2011,1,0.49999999999999994,0.8660254037844387,3,3.25,-1,4.75,-1,6.75,0,0,1,16.25,11.5
2011-02-18,2011,1,0.49999999999999994,0.8660254037844387,4,3.5,1,3.75,1,3.25,0,1,0,11.5,6.5
2011-02-22,2011,1,0.49999999999999994,0.8660254037844387,1,4.0,1,8.5,-1,35.0,0,0,1,6.5,25.0
2011-02-23,2011,1,0.49999999999999994,0.8660254037844387,2,3.5,1,5.5,1,1.25,0,0,1,25.0,22.75
2011-02-24,2011,1,0.49999999999999994,0.8660254037844387,3,6.25,1,23.5,-1,6.0,0,0,1,22.75,17.5
2011-02-25,2011,1,0.49999999999999994,0.8660254037844387,4,6.75,1,8.25,1,16.5,0,0,1,17.5,23.25
2011-02-28,2011,1,0.49999999999999994,0.8660254037844387,0,5.25,1,7.75,-1,11.0,0,0,1,23.25,9.0
2011-03-01,2011,2,0.8660254037844386,0.5000000000000001,1,3.75,-1,13.75,1,8.75,0,0,1,9.0,29.5
2011-03-02,2011,2,0.8660254037844386,0.5000000000000001,2,10.5,-1,7.75,1,1.25,0,0,1,29.5,26.5
2011-03-03,2011,2,0.8660254037844386,0.5000000000000001,3,8.5,1,7.5,-1,26.25,0,0,1,26.5,22.0
2011-03-04,2011,2,0.8660254037844386,0.5000000000000001,4,5.75,-1,7.5,1,0.75,0,0,1,22.0,17.0
2011-03-07,2011,2,0.8660254037844386,0.5000000000000001,0,8.25,-1,19.75,1,7.25,0,1,0,17.0,35.0
2011-03-08,2011,2,0.8660254037844386,0.5000000000000001,1,6.25,1,13.0,-1,0.25,1,0,0,35.0,29.0
2011-03-09,2011,2,0.8660254037844386,0.5000000000000001,2,8.25,-1,9.0,1,6.5,0,1,0,29.0,22.5
2011-03-10,2011,2,0.8660254037844386,0.5000000000000001,3,17.75,-1,9.75,-1,19.25,0,0,1,22.5,20.5
2011-03-11,2011,2,0.8660254037844386,0.5000000000000001,4,6.75,-1,12.0,-1,11.75,0,0,1,20.5,17.75
2011-03-14,2011,2,0.8660254037844386,0.5000000000000001,0,13.25,1,16.0,-1,18.5,1,0,0,17.75,21.75
2011-03-15,2011,2,0.8660254037844386,0.5000000000000001,1,61.25,-1,19.0,1,68.25,0,0,1,21.75,32.0
2011-03-16,2011,2,0.8660254037844386,0.5000000000000001,2,25.5,-1,15.25,1,8.75,0,0,1,32.0,15.5
2011-03-17,2011,2,0.8660254037844386,0.5000000000000001,3,18.5,1,16.0,1,26.25,0,0,1,15.5,16.75
2011-03-18,2011,2,0.8660254037844386,0.5000000000000001,4,25.5,1,9.25,-1,22.25,1,0,0,16.75,26.25
2011-03-21,2011,2,0.8660254037844386,0.5000000000000001,0,12.0,-1,16.0,1,31.0,0,0,1,26.25,21.5
2011-03-22,2011,2,0.8660254037844386,0.5000000000000001,1,5.75,-1,11.75,1,6.0,0,1,0,21.5,10.75
2011-03-23,2011,2,0.8660254037844386,0.5000000000000001,2,7.5,-1,10.25,-1,9.0,0,0,1,10.75,19.0
2011-03-24,2011,2,0.8660254037844386,0.5000000000000001,3,5.0,-1,11.25,1,19.25,0,0,1,19.0,24.0
2011-03-25,2011,2,0.8660254037844386,0.5000000000000001,4,4.25,1,8.25,-1,7.5,0,1,0,24.0,17.5
2011-03-28,2011,2,0.8660254037844386,0.5000000000000001,0,9.0,-1,11.5,1,7.75,0,0,1,17.5,11.25
2011-03-29,2011,2,0.8660254037844386,0.5000000000000001,1,7.5,1,8.75,1,0.0,0,0,1,11.25,24.25
2011-03-30,2011,2,0.8660254037844386,0.5000000000000001,2,8.5,1,5.25,1,11.25,0,1,0,24.25,13.75
2011-03-31,2011,2,0.8660254037844386,0.5000000000000001,3,4.5,-1,5.75,1,3.0,0,0,1,13.75,11.5
2011-04-01,2011,3,1.0,6.123233995736766e-17,4,5.5,-1,8.25,1,12.5,0,0,1,11.5,14.0
2011-04-04,2011,3,1.0,6.123233995736766e-17,0,7.25,-1,8.75,1,8.0,0,1,0,14.0,18.75
2011-04-05,2011,3,1.0,6.123233995736766e-17,1,7.75,-1,18.25,-1,13.25,0,0,1,18.75,16.25
2011-04-06,2011,3,1.0,6.123233995736766e-17,2,9.0,1,8.5,1,18.25,0,1,0,16.25,16.25
2011-04-07,2011,3,1.0,6.123233995736766e-17,3,3.75,-1,4.75,1,3.0,0,0,1,16.25,32.5
2011-04-08,2011,3,1.0,6.123233995736766e-17,4,4.25,1,8.0,1,9.0,0,1,0,32.5,20.0
2011-04-11,2011,3,1.0,6.123233995736766e-17,0,7.0,-1,9.25,-1,6.5,0,1,0,20.0,21.5
2011-04-12,2011,3,1.0,6.123233995736766e-17,1,11.75,-1,7.0,-1,9.75,0,0,1,21.5,17.25
2011-04-13,2011,3,1.0,6.123233995736766e-17,2,6.25,1,5.0,0,17.5,0,0,1,17.25,17.25
2011-04-14,2011,3,1.0,6.123233995736766e-17,3,6.25,-1,6.5,-1,13.0,0,0,1,17.25,18.25
2011-04-15,2011,3,1.0,6.123233995736766e-17,4,7.75,-1,6.0,-1,2.0,0,0,1,18.25,14.75
2011-04-18,2011,3,1.0,6.123233995736766e-17,0,5.75,1,12.25,-1,28.0,0,1,0,14.75,32.5
2011-04-19,2011,3,1.0,6.123233995736766e-17,1,7.5,-1,8.0,1,2.75,0,0,1,32.5,12.0
2011-04-20,2011,3,1.0,6.123233995736766e-17,2,11.5,1,15.0,1,32.25,0,0,1,12.0,17.0
2011-04-21,2011,3,1.0,6.123233995736766e-17,3,6.25,-1,7.75,-1,23.5,0,0,1,17.0,12.5
2011-04-25,2011,3,1.0,6.123233995736766e-17,0,3.25,-1,4.5,1,2.5,0,0,1,12.5,9.0
2011-04-26,2011,3,1.0,6.123233995736766e-17,1,8.75,-1,10.5,1,8.75,0,0,1,9.0,16.0
2011-04-27,2011,3,1.0,6.123233995736766e-17,2,5.25,-1,6.0,1,12.25,0,0,1,16.0,14.75
2011-04-28,2011,3,1.0,6.123233995736766e-17,3,8.25,1,6.25,-1,6.25,0,0,1,14.75,9.0
2011-04-29,2011,3,1.0,6.123233995736766e-17,4,5.5,-1,3.5,1,0.75,0,1,0,9.0,9.25
2011-05-02,2011,4,0.8660254037844388,-0.4999999999999998,0,24.5,1,6.0,-1,1.75,0,0,1,9.25,14.5
2011-05-03,2011,4,0.8660254037844388,-0.4999999999999998,1,7.25,-1,8.5,-1,3.0,0,1,0,14.5,13.5
2011-05-04,2011,4,0.8660254037844388,-0.4999999999999998,2,11.5,-1,11.75,1,1.0,0,0,1,13.5,20.75
2011-05-05,2011,4,0.8660254037844388,-0.4999999999999998,3,7.75,1,8.5,-1,11.25,0,0,1,20.75,17.25
2011-05-06,2011,4,0.8660254037844388,-0.4999999999999998,4,7.0,1,7.25,1,15.0,0,0,1,17.25,14.5
2011-05-09,2011,4,0.8660254037844388,-0.4999999999999998,0,4.75,1,12.25,1,9.25,1,0,0,14.5,12.0
2011-05-10,2011,4,0.8660254037844388,-0.4999999999999998,1,8.0,-1,11.0,1,8.5,0,1,0,12.0,13.5
2011-05-11,2011,4,0.8660254037844388,-0.4999999999999998,2,5.25,-1,5.5,-1,2.75,0,0,1,13.5,11.5
2011-05-12,2011,4,0.8660254037844388,-0.4999999999999998,3,6.25,1,10.0,-1,11.75,0,0,1,11.5,21.5
2011-05-13,2011,4,0.8660254037844388,-0.4999999999999998,4,8.0,-1,9.25,1,8.75,0,0,1,21.5,13.25
2011-05-16,2011,4,0.8660254037844388,-0.4999999999999998,0,5.0,1,11.0,1,4.75,0,0,1,13.25,11.25
2011-05-17,2011,4,0.8660254037844388,-0.4999999999999998,1,5.75,1,8.5,1,10.75,0,0,1,11.25,18.0
2011-05-18,2011,4,0.8660254037844388,-0.4999999999999998,2,7.0,1,5.0,-1,0.25,0,1,0,18.0,12.75
2011-05-19,2011,4,0.8660254037844388,-0.4999999999999998,3,5.0,-1,8.75,-1,6.75,0,0,1,12.75,17.0
2011-05-20,2011,4,0.8660254037844388,-0.4999999999999998,4,2.75,0,7.25,1,2.5,1,0,0,17.0,21.25
2011-05-23,2011,4,0.8660254037844388,-0.4999999999999998,0,12.0,-1,11.0,-1,26.5,1,0,0,21.25,15.0
2011-05-24,2011,4,0.8660254037844388,-0.4999999999999998,1,5.75,1,8.0,1,5.75,0,0,1,15.0,13.75
2011-05-25,2011,4,0.8660254037844388,-0.4999999999999998,2,17.75,-1,14.75,1,4.25,0,0,1,13.75,15.0
2011-05-26,2011,4,0.8660254037844388,-0.4999999999999998,3,7.25,1,6.5,-1,6.25,0,0,1,15.0,14.25
2011-05-27,2011,4,0.8660254037844388,-0.4999999999999998,4,8.25,1,8.25,-1,2.25,0,0,1,14.25,10.0
2011-05-31,2011,4,0.8660254037844388,-0.4999999999999998,1,12.75,1,12.0,1,25.5,0,0,1,10.0,14.0
2011-06-01,2011,5,0.49999999999999994,-0.8660254037844387,2,6.5,1,12.75,-1,7.25,0,0,1,14.0,19.5
2011-06-02,2011,5,0.49999999999999994,-0.8660254037844387,3,8.0,-1,7.0,1,5.5,0,0,1,19.5,17.0
2011-06-03,2011,5,0.49999999999999994,-0.8660254037844387,4,7.0,-1,7.0,-1,25.25,0,0,1,17.0,17.75
2011-06-06,2011,5,0.49999999999999994,-0.8660254037844387,0,8.75,-1,8.25,-1,0.25,1,0,0,17.75,10.25
2011-06-07,2011,5,0.49999999999999994,-0.8660254037844387,1,6.75,1,7.5,1,5.75,1,0,0,10.25,13.0
2011-06-08,2011,5,0.49999999999999994,-0.8660254037844387,2,13.0,-1,13.0,-1,9.0,0,1,0,13.0,12.75
2011-06-09,2011,5,0.49999999999999994,-0.8660254037844387,3,8.5,-1,7.75,-1,0.25,0,0,1,12.75,13.5
2011-06-10,2011,5,0.49999999999999994,-0.8660254037844387,4,9.0,-1,8.0,1,6.5,0,1,0,13.5,23.0
2011-06-13,2011,5,0.49999999999999994,-0.8660254037844387,0,6.75,1,7.0,-1,2.5,1,0,0,23.0,12.25
2011-06-14,2011,5,0.49999999999999994,-0.8660254037844387,1,17.0,1,6.25,1,14.5,0,0,1,12.25,16.0
2011-06-15,2011,5,0.49999999999999994,-0.8660254037844387,2,5.25,-1,6.75,-1,21.0,0,0,1,16.0,16.75
2011-06-16,2011,5,0.49999999999999994,-0.8660254037844387,3,8.25,1,11.25,1,0.0,0,0,1,16.75,15.0
2011-06-17,2011,5,0.49999999999999994,-0.8660254037844387,4,7.0,-1,8.0,-1,20.25,0,0,1,15.0,22.5
2011-06-20,2011,5,0.49999999999999994,-0.8660254037844387,0,8.5,-1,6.75,1,7.75,1,0,0,22.5,13.5
2011-06-21,2011,5,0.49999999999999994,-0.8660254037844387,1,8.0,-1,10.25,1,8.5,0,0,1,13.5,37.5
2011-06-22,2011,5,0.49999999999999994,-0.8660254037844387,2,8.5,-1,4.5,1,5.5,0,1,0,37.5,12.5
2011-06-23,2011,5,0.49999999999999994,-0.8660254037844387,3,5.25,1,8.5,1,20.75,0,0,1,12.5,15.5
2011-06-24,2011,5,0.49999999999999994,-0.8660254037844387,4,5.5,1,15.75,1,2.5,0,0,1,15.5,22.75
2011-06-27,2011,5,0.49999999999999994,-0.8660254037844387,0,7.5,1,15.5,1,5.75,0,1,0,22.75,30.25
2011-06-28,2011,5,0.49999999999999994,-0.8660254037844387,1,7.75,-1,8.5,-1,2.5,0,0,1,30.25,22.25
2011-06-29,2011,5,0.49999999999999994,-0.8660254037844387,2,2.75,-1,12.75,1,4.25,0,0,1,22.25,19.75
2011-06-30,2011,5,0.49999999999999994,-0.8660254037844387,3,10.25,1,6.25,1,5.75,0,0,1,19.75,20.25
2011-07-01,2011,6,1.2246467991473532e-16,-1.0,4,4.75,-1,6.25,1,4.0,0,0,1,20.25,23.75
2011-07-05,2011,6,1.2246467991473532e-16,-1.0,1,8.25,-1,6.5,1,5.25,0,1,0,23.75,10.0
2011-07-06,2011,6,1.2246467991473532e-16,-1.0,2,10.5,1,21.0,-1,4.0,0,0,1,10.0,12.25
2011-07-07,2011,6,1.2246467991473532e-16,-1.0,3,10.0,1,8.5,-1,18.75,0,0,1,12.25,12.25
2011-07-08,2011,6,1.2246467991473532e-16,-1.0,4,4.0,1,5.0,1,26.75,0,0,1,12.25,15.75
2011-07-11,2011,6,1.2246467991473532e-16,-1.0,0,4.75,0,7.5,-1,30.75,1,0,0,15.75,25.25
2011-07-12,2011,6,1.2246467991473532e-16,-1.0,1,20.0,-1,24.0,-1,8.0,0,0,1,25.25,20.75
2011-07-13,2011,6,1.2246467991473532e-16,-1.0,2,12.0,1,11.5,1,13.25,0,0,1,20.75,24.5
2011-07-14,2011,6,1.2246467991473532e-16,-1.0,3,7.0,-1,17.75,1,13.0,0,0,1,24.5,23.25
2011-07-15,2011,6,1.2246467991473532e-16,-1.0,4,8.5,1,11.5,-1,12.25,0,0,1,23.25,19.5
2011-07-18,2011,6,1.2246467991473532e-16,-1.0,0,14.25,-1,10.0,-1,13.75,0,0,1,19.5,27.75
2011-07-19,2011,6,1.2246467991473532e-16,-1.0,1,5.5,1,17.25,1,25.0,0,0,1,27.75,22.75
2011-07-20,2011,6,1.2246467991473532e-16,-1.0,2,4.25,1,7.75,1,17.5,0,0,1,22.75,24.5
2011-07-21,2011,6,1.2246467991473532e-16,-1.0,3,6.5,-1,14.75,-1,5.5,0,0,1,24.5,39.75
2011-07-22,2011,6,1.2246467991473532e-16,-1.0,4,7.0,1,5.75,1,10.0,1,0,0,39.75,13.75
2011-07-25,2011,6,1.2246467991473532e-16,-1.0,0,7.25,-1,15.0,1,21.25,1,0,0,13.75,22.5
2011-07-26,2011,6,1.2246467991473532e-16,-1.0,1,17.0,1,7.25,-1,3.5,0,0,1,22.5,16.75
2011-07-27,2011,6,1.2246467991473532e-16,-1.0,2,7.0,1,8.0,-1,12.25,0,0,1,16.75,41.0
2011-07-28,2011,6,1.2246467991473532e-16,-1.0,3,10.0,1,15.25,1,4.75,0,0,1,41.0,28.5
2011-07-29,2011,6,1.2246467991473532e-16,-1.0,4,28.25,-1,11.0,1,21.25,0,0,1,28.5,37.0
2011-08-01,2011,7,-0.4999999999999998,-0.8660254037844388,0,8.0,1,13.5,-1,24.25,0,0,1,37.0,54.75
2011-08-02,2011,7,-0.4999999999999998,-0.8660254037844388,1,19.0,-1,10.0,-1,7.75,0,1,0,54.75,14.0
2011-08-03,2011,7,-0.4999999999999998,-0.8660254037844388,2,7.75,1,22.5,1,6.0,0,0,1,14.0,50.5
2011-08-04,2011,7,-0.4999999999999998,-0.8660254037844388,3,12.75,1,16.0,-1,25.5,0,0,1,50.5,30.75
2011-08-05,2011,7,-0.4999999999999998,-0.8660254037844388,4,9.25,1,34.5,-1,17.0,0,0,1,30.75,70.25
2011-08-08,2011,7,-0.4999999999999998,-0.8660254037844388,0,25.25,-1,47.5,1,66.0,1,0,0,70.25,63.75
2011-08-09,2011,7,-0.4999999999999998,-0.8660254037844388,1,54.25,-1,88.0,1,47.0,0,1,0,63.75,63.0
2011-08-10,2011,7,-0.4999999999999998,-0.8660254037844388,2,22.25,-1,31.25,-1,45.75,0,1,0,63.0,37.75
2011-08-11,2011,7,-0.4999999999999998,-0.8660254037844388,3,37.0,1,25.75,1,12.75,0,0,1,37.75,60.5
2011-08-12,2011,7,-0.4999999999999998,-0.8660254037844388,4,22.5,-1,40.25,1,14.5,0,0,1,60.5,32.25
2011-08-15,2011,7,-0.4999999999999998,-0.8660254037844388,0,9.25,1,13.0,-1,9.75,0,0,1,32.25,22.75
2011-08-16,2011,7,-0.4999999999999998,-0.8660254037844388,1,8.0,-1,21.75,-1,14.0,0,0,1,22.75,23.5
2011-08-17,2011,7,-0.4999999999999998,-0.8660254037844388,2,9.5,1,18.75,-1,2.75,0,0,1,23.5,23.25
2011-08-18,2011,7,-0.4999999999999998,-0.8660254037844388,3,18.5,-1,23.0,-1,54.75,0,0,1,23.25,58.5
2011-08-19,2011,7,-0.4999999999999998,-0.8660254037844388,4,11.25,-1,36.25,-1,32.5,1,0,0,58.5,51.25
2011-08-22,2011,7,-0.4999999999999998,-0.8660254037844388,0,29.0,1,38.0,1,41.0,0,1,0,51.25,29.0
2011-08-23,2011,7,-0.4999999999999998,-0.8660254037844388,1,23.25,1,18.75,1,9.5,0,0,1,29.0,38.5
2011-08-24,2011,7,-0.4999999999999998,-0.8660254037844388,2,14.5,-1,16.75,1,1.0,0,0,1,38.5,29.75
2011-08-25,2011,7,-0.4999999999999998,-0.8660254037844388,3,8.75,1,18.0,1,2.0,0,0,1,29.75,40.75
2011-08-26,2011,7,-0.4999999999999998,-0.8660254037844388,4,10.75,1,18.0,-1,9.0,0,0,1,40.75,66.5
2011-08-29,2011,7,-0.4999999999999998,-0.8660254037844388,0,23.0,1,5.5,0,17.25,0,0,1,66.5,26.0
2011-08-30,2011,7,-0.4999999999999998,-0.8660254037844388,1,6.25,-1,9.0,-1,7.75,0,0,1,26.0,23.0
2011-08-31,2011,7,-0.4999999999999998,-0.8660254037844388,2,8.25,1,19.0,1,23.0,0,1,0,23.0,25.0
2011-09-01,2011,8,-0.8660254037844384,-0.5000000000000004,3,13.25,1,22.0,-1,0.75,0,0,1,25.0,26.0
2011-09-02,2011,8,-0.8660254037844384,-0.5000000000000004,4,18.0,-1,18.75,-1,37.75,0,0,1,26.0,19.25
2011-09-06,2011,8,-0.8660254037844384,-0.5000000000000004,1,14.5,-1,35.75,1,49.25,0,0,1,19.25,23.75
2011-09-07,2011,8,-0.8660254037844384,-0.5000000000000004,2,11.5,1,17.0,1,32.25,1,0,0,23.75,11.75
2011-09-08,2011,8,-0.8660254037844384,-0.5000000000000004,3,12.75,-1,13.5,1,18.0,0,0,1,11.75,31.5
2011-09-09,2011,8,-0.8660254037844384,-0.5000000000000004,4,18.0,1,20.25,-1,20.75,1,0,0,31.5,22.75
2011-09-12,2011,8,-0.8660254037844384,-0.5000000000000004,0,11.0,-1,21.0,-1,30.0,1,0,0,22.75,40.5
2011-09-13,2011,8,-0.8660254037844384,-0.5000000000000004,1,9.5,1,37.75,-1,4.75,0,1,0,40.5,25.0
2011-09-14,2011,8,-0.8660254037844384,-0.5000000000000004,2,24.5,-1,29.0,1,12.25,0,0,1,25.0,30.25
2011-09-15,2011,8,-0.8660254037844384,-0.5000000000000004,3,9.75,-1,21.25,1,27.0,0,0,1,30.25,23.25
2011-09-16,2011,8,-0.8660254037844384,-0.5000000000000004,4,10.0,1,16.75,-1,3.25,0,0,1,23.25,22.5
2011-09-19,2011,8,-0.8660254037844384,-0.5000000000000004,0,11.0,-1,15.0,-1,33.5,1,0,0,22.5,20.5
2011-09-20,2011,8,-0.8660254037844384,-0.5000000000000004,1,16.25,1,24.75,1,14.5,0,0,1,20.5,28.0
2011-09-21,2011,8,-0.8660254037844384,-0.5000000000000004,2,9.0,1,16.0,-1,7.25,0,0,1,28.0,28.25
2011-09-22,2011,8,-0.8660254037844384,-0.5000000000000004,3,23.0,-1,26.25,-1,53.75,0,0,1,28.25,39.5
2011-09-23,2011,8,-0.8660254037844384,-0.5000000000000004,4,22.75,1,22.75,1,19.5,1,0,0,39.5,37.25
2011-09-26,2011,8,-0.8660254037844384,-0.5000000000000004,0,27.75,-1,45.0,1,8.25,0,0,1,37.25,53.5
2011-09-27,2011,8,-0.8660254037844384,-0.5000000000000004,1,18.25,1,16.5,1,37.75,0,0,1,53.5,26.0
2011-09-28,2011,8,-0.8660254037844384,-0.5000000000000004,2,11.5,-1,25.0,1,4.75,0,0,1,26.0,30.0
2011-09-29,2011,8,-0.8660254037844384,-0.5000000000000004,3,30.0,1,15.0,1,29.25,0,0,1,30.0,57.0
2011-09-30,2011,8,-0.8660254037844384,-0.5000000000000004,4,19.25,-1,15.0,-1,30.75,0,1,0,57.0,30.5
2011-10-03,2011,9,-1.0,-1.8369701987210297e-16,0,21.75,-1,23.25,1,8.75,0,0,1,30.5,43.0
2011-10-04,2011,9,-1.0,-1.8369701987210297e-16,1,12.75,1,28.0,-1,8.25,0,0,1,43.0,43.5
2011-10-05,2011,9,-1.0,-1.8369701987210297e-16,2,14.25,-1,20.0,1,3.25,0,0,1,43.5,52.75
2011-10-06,2011,9,-1.0,-1.8369701987210297e-16,3,14.0,1,25.0,1,3.75,0,0,1,52.75,39.5
2011-10-07,2011,9,-1.0,-1.8369701987210297e-16,4,9.0,1,14.75,-1,6.0,0,0,1,39.5,16.0
2011-10-10,2011,9,-1.0,-1.8369701987210297e-16,0,17.5,1,12.0,0,31.0,1,0,0,16.0,37.75
2011-10-11,2011,9,-1.0,-1.8369701987210297e-16,1,7.0,-1,16.0,-1,7.75,1,0,0,37.75,31.25
2011-10-12,2011,9,-1.0,-1.8369701987210297e-16,2,12.0,1,25.75,1,22.25,1,0,0,31.25,20.5
2011-10-13,2011,9,-1.0,-1.8369701987210297e-16,3,7.25,1,19.75,-1,0.75,0,0,1,20.5,14.5
2011-10-14,2011,9,-1.0,-1.8369701987210297e-16,4,13.75,1,21.5,1,25.5,0,0,1,14.5,14.5
2011-10-17,2011,9,-1.0,-1.8369701987210297e-16,0,10.0,1,15.25,1,12.5,0,1,0,14.5,18.5
2011-10-18,2011,9,-1.0,-1.8369701987210297e-16,1,9.75,1,15.0,1,3.0,0,0,1,18.5,29.0
2011-10-19,2011,9,-1.0,-1.8369701987210297e-16,2,6.0,-1,10.25,1,19.25,0,0,1,29.0,20.25
2011-10-20,2011,9,-1.0,-1.8369701987210297e-16,3,9.75,-1,14.25,1,7.0,0,0,1,20.25,22.5
2011-10-21,2011,9,-1.0,-1.8369701987210297e-16,4,10.5,1,10.0,-1,25.0,1,0,0,22.5,24.25
2011-10-24,2011,9,-1.0,-1.8369701987210297e-16,0,19.25,1,15.75,-1,4.75,1,0,0,24.25,32.25
2011-10-25,2011,9,-1.0,-1.8369701987210297e-16,1,5.5,-1,14.25,1,4.0,0,0,1,32.25,22.25
2011-10-26,2011,9,-1.0,-1.8369701987210297e-16,2,12.0,1,11.75,-1,21.25,0,0,1,22.25,63.5
2011-10-27,2011,9,-1.0,-1.8369701987210297e-16,3,30.0,1,13.0,1,55.75,0,0,1,63.5,28.25
2011-10-28,2011,9,-1.0,-1.8369701987210297e-16,4,12.0,-1,10.75,-1,16.25,0,1,0,28.25,16.75
2011-10-31,2011,9,-1.0,-1.8369701987210297e-16,0,17.0,-1,12.5,1,23.25,0,1,0,16.75,21.75
2011-11-01,2011,10,-0.8660254037844386,0.5,1,14.75,-1,26.0,-1,51.0,0,0,1,21.75,27.5
2011-11-02,2011,10,-0.8660254037844386,0.5,2,17.25,1,15.75,1,13.75,0,1,0,27.5,23.0
2011-11-03,2011,10,-0.8660254037844386,0.5,3,17.75,-1,17.75,-1,16.5,0,0,1,23.0,31.0
2011-11-04,2011,10,-0.8660254037844386,0.5,4,7.5,-1,11.0,-1,11.5,0,0,1,31.0,28.5
2011-11-07,2011,10,-0.8660254037844386,0.5,0,13.75,-1,30.0,-1,3.75,1,0,0,28.5,32.0
2011-11-08,2011,10,-0.8660254037844386,0.5,1,8.25,-1,29.5,1,14.75,1,0,0,32.0,24.75
2011-11-09,2011,10,-0.8660254037844386,0.5,2,7.5,-1,41.75,-1,47.75,0,1,0,24.75,23.5
2011-11-10,2011,10,-0.8660254037844386,0.5,3,11.0,1,39.0,1,22.75,0,0,1,23.5,48.75
2011-11-11,2011,10,-0.8660254037844386,0.5,4,22.5,1,22.75,-1,22.75,0,0,1,48.75,24.75
2011-11-14,2011,10,-0.8660254037844386,0.5,0,8.75,-1,18.25,-1,6.5,1,0,0,24.75,20.75
2011-11-15,2011,10,-0.8660254037844386,0.5,1,12.5,-1,20.5,-1,11.5,0,0,1,20.75,20.25
2011-11-16,2011,10,-0.8660254037844386,0.5,2,21.25,-1,31.25,1,12.25,0,0,1,20.25,18.5
2011-11-17,2011,10,-0.8660254037844386,0.5,3,22.25,1,20.5,-1,7.0,0,0,1,18.5,19.25
2011-11-18,2011,10,-0.8660254037844386,0.5,4,10.25,-1,17.25,1,1.0,1,0,0,19.25,19.0
2011-11-21,2011,10,-0.8660254037844386,0.5,0,8.25,1,24.5,-1,27.25,0,0,1,19.0,34.75
2011-11-22,2011,10,-0.8660254037844386,0.5,1,11.0,1,19.5,-1,11.0,0,0,1,34.75,26.0
2011-11-23,2011,10,-0.8660254037844386,0.5,2,27.25,-1,16.0,1,12.75,0,0,1,26.0,31.0
2011-11-28,2011,10,-0.8660254037844386,0.5,0,12.5,1,22.5,1,37.25,0,0,1,31.0,26.25
2011-11-29,2011,10,-0.8660254037844386,0.5,1,19.75,1,19.0,-1,0.25,0,0,1,26.25,24.5
2011-11-30,2011,10,-0.8660254037844386,0.5,2,11.0,-1,15.5,1,58.75,0,0,1,24.5,27.0
2011-12-01,2011,11,-0.5000000000000004,0.8660254037844384,3,13.75,1,15.75,-1,0.5,0,0,1,27.0,22.0
2011-12-02,2011,11,-0.5000000000000004,0.8660254037844384,4,12.0,1,21.0,1,21.75,0,0,1,22.0,14.75
2011-12-05,2011,11,-0.5000000000000004,0.8660254037844384,0,7.5,1,13.25,1,33.0,0,0,1,14.75,22.5
2011-12-06,2011,11,-0.5000000000000004,0.8660254037844384,1,11.25,-1,22.5,1,2.75,1,0,0,22.5,15.5
2011-12-07,2011,11,-0.5000000000000004,0.8660254037844384,2,6.75,1,8.75,1,6.0,0,1,0,15.5,24.5
2011-12-08,2011,11,-0.5000000000000004,0.8660254037844384,3,5.5,-1,9.5,-1,20.75,0,0,1,24.5,21.25
2011-12-09,2011,11,-0.5000000000000004,0.8660254037844384,4,19.5,-1,26.75,1,3.25,0,0,1,21.25,22.25
2011-12-12,2011,11,-0.5000000000000004,0.8660254037844384,0,10.0,-1,18.25,-1,29.0,1,0,0,22.25,21.0
2011-12-13,2011,11,-0.5000000000000004,0.8660254037844384,1,8.25,-1,14.75,1,14.0,0,0,1,21.0,25.5
2011-12-14,2011,11,-0.5000000000000004,0.8660254037844384,2,5.75,1,8.75,1,13.25,0,1,0,25.5,28.0
2011-12-15,2011,11,-0.5000000000000004,0.8660254037844384,3,8.75,-1,20.25,1,19.0,0,0,1,28.0,28.25
2011-12-16,2011,11,-0.5000000000000004,0.8660254037844384,4,9.0,1,11.75,-1,10.75,0,0,1,28.25,30.25
2011-12-19,2011,11,-0.5000000000000004,0.8660254037844384,0,14.0,-1,25.75,1,8.75,1,0,0,30.25,18.25
2011-12-20,2011,11,-0.5000000000000004,0.8660254037844384,1,5.75,-1,17.0,1,33.25,0,0,1,18.25,23.0
2011-12-21,2011,11,-0.5000000000000004,0.8660254037844384,2,3.75,1,13.0,1,4.5,0,0,1,23.0,33.75
2011-12-22,2011,11,-0.5000000000000004,0.8660254037844384,3,8.25,-1,14.75,1,8.25,0,0,1,33.75,14.75
2011-12-23,2011,11,-0.5000000000000004,0.8660254037844384,4,7.0,1,10.5,-1,4.75,0,0,1,14.75,9.5
2011-12-28,2011,11,-0.5000000000000004,0.8660254037844384,2,7.75,-1,10.25,1,0.25,1,0,0,9.5,22.5
2011-12-29,2011,11,-0.5000000000000004,0.8660254037844384,3,6.0,1,11.5,-1,5.75,0,0,1,22.5,12.0
2011-12-30,2011,11,-0.5000000000000004,0.8660254037844384,4,5.75,-1,8.75,-1,5.5,1,0,0,12.0,11.0
2012-01-04,2012,0,0.0,1.0,2,2.5,-1,15.25,1,3.5,0,1,0,11.0,13.0
2012-01-05,2012,0,0.0,1.0,3,5.0,-1,13.5,-1,7.75,0,0,1,13.0,16.5
2012-01-06,2012,0,0.0,1.0,4,7.75,-1,9.0,1,6.5,0,0,1,16.5,12.0
2012-01-09,2012,0,0.0,1.0,0,5.75,0,13.75,1,5.5,1,0,0,12.0,17.25
2012-01-10,2012,0,0.0,1.0,1,7.25,1,11.5,1,24.25,0,1,0,17.25,11.5
2012-01-11,2012,0,0.0,1.0,2,4.0,1,6.5,1,0.5,0,1,0,11.5,16.75
2012-01-12,2012,0,0.0,1.0,3,4.0,-1,11.5,1,7.5,0,0,1,16.75,20.0
2012-01-13,2012,0,0.0,1.0,4,3.5,-1,7.25,-1,13.75,0,0,1,20.0,21.25
2012-01-17,2012,0,0.0,1.0,1,10.75,1,9.25,1,15.75,0,1,0,21.25,8.75
2012-01-18,2012,0,0.0,1.0,2,8.5,1,10.75,0,5.0,0,0,1,8.75,19.75
2012-01-19,2012,0,0.0,1.0,3,12.0,1,5.75,-1,13.75,0,0,1,19.75,10.5
2012-01-20,2012,0,0.0,1.0,4,5.0,1,9.75,-1,0.5,0,0,1,10.5,8.75
2012-01-23,2012,0,0.0,1.0,0,4.75,1,7.25,1,0.5,1,0,0,8.75,19.25
2012-01-24,2012,0,0.0,1.0,1,8.25,-1,9.25,-1,11.25,1,0,0,19.25,17.75
2012-01-25,2012,0,0.0,1.0,2,4.5,1,15.5,-1,17.0,0,0,1,17.75,19.25
2012-01-26,2012,0,0.0,1.0,3,2.25,-1,13.0,1,9.75,0,0,1,19.25,21.0
2012-01-27,2012,0,0.0,1.0,4,6.5,-1,12.0,1,6.5,0,0,1,21.0,12.75
2012-01-30,2012,0,0.0,1.0,0,10.75,-1,10.75,-1,16.5,0,1,0,12.75,18.25
2012-01-31,2012,0,0.0,1.0,1,6.0,-1,9.25,1,11.75,0,0,1,18.25,24.5
2012-02-01,2012,1,0.49999999999999994,0.8660254037844387,2,7.75,-1,25.25,1,21.75,0,0,1,24.5,12.5
2012-02-02,2012,1,0.49999999999999994,0.8660254037844387,3,5.75,-1,13.0,-1,5.0,0,0,1,12.5,11.5
2012-02-03,2012,1,0.49999999999999994,0.8660254037844387,4,3.25,1,8.25,1,22.75,0,0,1,11.5,14.5
2012-02-06,2012,1,0.49999999999999994,0.8660254037844387,0,3.25,-1,9.5,-1,5.75,1,0,0,14.5,10.5
2012-02-07,2012,1,0.49999999999999994,0.8660254037844387,1,5.75,-1,11.0,1,3.25,0,0,1,10.5,18.25
2012-02-08,2012,1,0.49999999999999994,0.8660254037844387,2,5.25,1,6.5,1,0.75,0,1,0,18.25,11.75
2012-02-09,2012,1,0.49999999999999994,0.8660254037844387,3,9.0,1,11.5,-1,6.5,0,0,1,11.75,16.75
2012-02-10,2012,1,0.49999999999999994,0.8660254037844387,4,8.0,-1,6.0,-1,17.25,0,0,1,16.75,12.5
2012-02-13,2012,1,0.49999999999999994,0.8660254037844387,0,9.25,1,10.75,1,14.25,1,0,0,12.5,15.5
2012-02-14,2012,1,0.49999999999999994,0.8660254037844387,1,5.0,-1,6.25,1,7.75,0,0,1,15.5,11.75
2012-02-15,2012,1,0.49999999999999994,0.8660254037844387,2,15.5,1,8.0,1,9.5,0,0,1,11.75,16.0
2012-02-16,2012,1,0.49999999999999994,0.8660254037844387,3,7.25,-1,11.75,1,1.0,0,0,1,16.0,14.25
2012-02-17,2012,1,0.49999999999999994,0.8660254037844387,4,4.75,-1,5.5,1,2.0,0,0,1,14.25,12.0
2012-02-21,2012,1,0.49999999999999994,0.8660254037844387,1,10.75,1,8.25,-1,4.0,1,0,0,12.0,16.25
2012-02-22,2012,1,0.49999999999999994,0.8660254037844387,2,8.25,1,10.75,-1,5.25,0,0,1,16.25,12.75
2012-02-23,2012,1,0.49999999999999994,0.8660254037844387,3,4.75,1,11.75,1,1.25,0,0,1,12.75,23.5
2012-02-24,2012,1,0.49999999999999994,0.8660254037844387,4,3.0,1,7.25,1,1.75,0,0,1,23.5,7.5
2012-02-27,2012,1,0.49999999999999994,0.8660254037844387,0,4.0,1,12.5,-1,11.5,0,0,1,7.5,26.0
2012-02-28,2012,1,0.49999999999999994,0.8660254037844387,1,4.0,1,5.75,-1,1.0,0,0,1,26.0,23.0
2012-02-29,2012,1,0.49999999999999994,0.8660254037844387,2,3.5,-1,5.0,1,3.25,0,0,1,23.0,21.25
2012-03-01,2012,2,0.8660254037844386,0.5000000000000001,3,6.0,-1,14.75,1,8.0,0,0,1,21.25,15.0
2012-03-02,2012,2,0.8660254037844386,0.5000000000000001,4,3.5,-1,6.5,-1,5.5,1,0,0,15.0,11.75
2012-03-05,2012,2,0.8660254037844386,0.5000000000000001,0,10.75,-1,10.5,-1,3.75,0,0,1,11.75,19.25
2012-03-06,2012,2,0.8660254037844386,0.5000000000000001,1,10.75,-1,10.0,-1,26.75,1,0,0,19.25,19.75
2012-03-07,2012,2,0.8660254037844386,0.5000000000000001,2,4.25,1,6.5,1,10.25,0,1,0,19.75,8.0
2012-03-08,2012,2,0.8660254037844386,0.5000000000000001,3,9.5,1,19.0,1,8.75,0,0,1,8.0,8.75
2012-03-09,2012,2,0.8660254037844386,0.5000000000000001,4,8.5,1,7.0,-1,0.25,0,0,1,8.75,10.75
2012-03-12,2012,2,0.8660254037844386,0.5000000000000001,0,7.0,-1,5.5,1,2.5,1,0,0,10.75,13.25
2012-03-13,2012,2,0.8660254037844386,0.5000000000000001,1,13.75,1,5.25,-1,13.5,0,0,1,13.25,11.75
2012-03-14,2012,2,0.8660254037844386,0.5000000000000001,2,5.0,-1,7.25,1,2.0,0,0,1,11.75,14.5
2012-03-15,2012,2,0.8660254037844386,0.5000000000000001,3,9.25,1,5.75,1,8.5,0,0,1,14.5,17.0
2012-03-16,2012,2,0.8660254037844386,0.5000000000000001,4,3.75,1,4.5,1,3.75,0,0,1,17.0,13.25
2012-03-19,2012,2,0.8660254037844386,0.5000000000000001,0,7.0,1,16.0,-1,2.25,0,1,0,13.25,11.0
2012-03-20,2012,2,0.8660254037844386,0.5000000000000001,1,6.0,-1,8.0,-1,14.75,0,0,1,11.0,8.75
2012-03-21,2012,2,0.8660254037844386,0.5000000000000001,2,10.5,1,6.0,1,3.25,0,0,1,8.75,11.0
2012-03-22,2012,2,0.8660254037844386,0.5000000000000001,3,12.5,-1,15.5,-1,19.25,0,0,1,11.0,14.5
2012-03-23,2012,2,0.8660254037844386,0.5000000000000001,4,6.0,1,13.25,1,2.0,0,0,1,14.5,21.25
2012-03-26,2012,2,0.8660254037844386,0.5000000000000001,0,4.75,-1,8.0,0,13.25,0,0,1,21.25,11.0
2012-03-27,2012,2,0.8660254037844386,0.5000000000000001,1,5.25,-1,12.5,1,2.25,0,0,1,11.0,11.5
2012-03-28,2012,2,0.8660254037844386,0.5000000000000001,2,5.0,1,13.0,1,3.25,0,0,1,11.5,18.5
2012-03-29,2012,2,0.8660254037844386,0.5000000000000001,3,7.0,-1,9.5,1,13.0,0,0,1,18.5,19.25
2012-03-30,2012,2,0.8660254037844386,0.5000000000000001,4,11.25,1,8.75,1,10.0,0,1,0,19.25,30.0
2012-04-02,2012,3,1.0,6.123233995736766e-17,0,4.0,0,17.5,-1,6.25,0,0,1,30.0,20.75
2012-04-03,2012,3,1.0,6.123233995736766e-17,1,4.0,-1,5.75,-1,6.0,0,1,0,20.75,11.5
2012-04-04,2012,3,1.0,6.123233995736766e-17,2,8.0,-1,12.75,-1,22.0,0,0,1,11.5,29.5
2012-04-05,2012,3,1.0,6.123233995736766e-17,3,9.5,1,15.25,-1,1.75,0,0,1,29.5,18.5
2012-04-09,2012,3,1.0,6.123233995736766e-17,0,7.5,1,4.25,0,31.75,1,0,0,18.5,23.75
2012-04-10,2012,3,1.0,6.123233995736766e-17,1,6.75,1,12.25,1,8.0,1,0,0,23.75,17.75
2012-04-11,2012,3,1.0,6.123233995736766e-17,2,4.0,1,11.5,1,19.5,0,1,0,17.75,17.5
2012-04-12,2012,3,1.0,6.123233995736766e-17,3,8.5,1,12.5,1,4.0,0,0,1,17.5,31.0
2012-04-13,2012,3,1.0,6.123233995736766e-17,4,11.5,-1,11.25,-1,11.75,0,0,1,31.0,34.0
2012-04-16,2012,3,1.0,6.123233995736766e-17,0,10.5,-1,14.5,1,17.0,0,0,1,34.0,53.5
2012-04-17,2012,3,1.0,6.123233995736766e-17,1,6.0,-1,17.75,1,12.0,0,0,1,53.5,31.75
2012-04-18,2012,3,1.0,6.123233995736766e-17,2,4.5,0,9.25,-1,2.5,0,1,0,31.75,16.5
2012-04-19,2012,3,1.0,6.123233995736766e-17,3,6.0,1,13.75,1,7.5,0,0,1,16.5,34.5
2012-04-20,2012,3,1.0,6.123233995736766e-17,4,7.0,-1,10.25,-1,11.75,1,0,0,34.5,21.75
2012-04-23,2012,3,1.0,6.123233995736766e-17,0,7.75,-1,20.25,-1,24.25,1,0,0,21.75,28.0
2012-04-24,2012,3,1.0,6.123233995736766e-17,1,8.0,1,9.5,1,6.75,0,0,1,28.0,17.25
2012-04-25,2012,3,1.0,6.123233995736766e-17,2,5.0,-1,19.25,1,57.0,0,0,1,17.25,20.75
2012-04-26,2012,3,1.0,6.123233995736766e-17,3,5.75,-1,11.0,1,1.75,0,0,1,20.75,12.75
2012-04-27,2012,3,1.0,6.123233995736766e-17,4,6.75,1,13.0,1,12.25,0,0,1,12.75,16.5
2012-04-30,2012,3,1.0,6.123233995736766e-17,0,4.75,1,10.5,-1,10.0,0,1,0,16.5,17.0
2012-05-01,2012,4,0.8660254037844388,-0.4999999999999998,1,4.0,-1,3.5,-1,5.5,0,0,1,17.0,37.75
2012-05-02,2012,4,0.8660254037844388,-0.4999999999999998,2,6.75,1,12.5,-1,10.25,0,1,0,37.75,15.75
2012-05-03,2012,4,0.8660254037844388,-0.4999999999999998,3,4.25,-1,8.5,1,1.5,0,0,1,15.75,15.0
2012-05-04,2012,4,0.8660254037844388,-0.4999999999999998,4,4.5,-1,10.75,-1,18.0,0,0,1,15.0,27.75
2012-05-07,2012,4,0.8660254037844388,-0.4999999999999998,0,12.5,1,11.5,1,9.5,1,0,0,27.75,23.0
2012-05-08,2012,4,0.8660254037844388,-0.4999999999999998,1,8.5,-1,20.5,-1,20.25,0,1,0,23.0,38.0
2012-05-09,2012,4,0.8660254037844388,-0.4999999999999998,2,18.0,-1,18.25,-1,27.75,0,1,0,38.0,28.25
2012-05-10,2012,4,0.8660254037844388,-0.4999999999999998,3,14.75,1,14.75,-1,11.5,0,0,1,28.25,26.25
2012-05-11,2012,4,0.8660254037844388,-0.4999999999999998,4,7.0,1,15.25,1,16.0,0,0,1,26.25,38.75
2012-05-14,2012,4,0.8660254037844388,-0.4999999999999998,0,11.25,1,23.5,-1,23.0,1,0,0,38.75,14.25
2012-05-15,2012,4,0.8660254037844388,-0.4999999999999998,1,8.25,-1,17.5,1,10.75,0,0,1,14.25,18.75
2012-05-16,2012,4,0.8660254037844388,-0.4999999999999998,2,13.75,-1,17.75,1,10.75,0,0,1,18.75,16.75
2012-05-17,2012,4,0.8660254037844388,-0.4999999999999998,3,6.5,1,12.5,-1,3.75,0,0,1,16.75,24.75
2012-05-18,2012,4,0.8660254037844388,-0.4999999999999998,4,10.0,-1,21.25,1,9.75,1,0,0,24.75,23.0
2012-05-21,2012,4,0.8660254037844388,-0.4999999999999998,0,8.75,1,15.75,1,9.0,1,0,0,23.0,41.75
2012-05-22,2012,4,0.8660254037844388,-0.4999999999999998,1,6.0,-1,11.75,-1,3.75,0,0,1,41.75,21.75
2012-05-23,2012,4,0.8660254037844388,-0.4999999999999998,2,10.5,-1,14.75,-1,17.5,0,0,1,21.75,26.75
2012-05-24,2012,4,0.8660254037844388,-0.4999999999999998,3,11.25,1,20.0,-1,8.5,0,0,1,26.75,25.75
2012-05-25,2012,4,0.8660254037844388,-0.4999999999999998,4,14.0,-1,23.5,1,5.0,0,1,0,25.75,15.75
2012-05-29,2012,4,0.8660254037844388,-0.4999999999999998,1,14.25,1,9.5,-1,22.25,0,0,1,15.75,30.25
2012-05-30,2012,4,0.8660254037844388,-0.4999999999999998,2,11.5,-1,11.0,-1,26.5,0,0,1,30.25,16.75
2012-05-31,2012,4,0.8660254037844388,-0.4999999999999998,3,8.0,-1,11.25,1,2.0,0,0,1,16.75,30.25
2012-06-01,2012,5,0.49999999999999994,-0.8660254037844387,4,14.5,-1,16.5,-1,38.25,0,0,1,30.25,20.25
2012-06-04,2012,5,0.49999999999999994,-0.8660254037844387,0,8.0,1,10.25,1,9.75,0,1,0,20.25,37.25
2012-06-05,2012,5,0.49999999999999994,-0.8660254037844387,1,9.75,-1,21.75,-1,3.0,0,0,1,37.25,22.5
2012-06-06,2012,5,0.49999999999999994,-0.8660254037844387,2,16.75,1,20.25,1,15.0,0,1,0,22.5,33.75
2012-06-07,2012,5,0.49999999999999994,-0.8660254037844387,3,8.0,-1,7.25,1,12.5,0,0,1,33.75,27.25
2012-06-08,2012,5,0.49999999999999994,-0.8660254037844387,4,14.75,-1,13.25,-1,7.25,0,0,1,27.25,27.5
2012-06-11,2012,5,0.49999999999999994,-0.8660254037844387,0,7.0,-1,13.0,-1,12.75,1,0,0,27.5,32.5
2012-06-12,2012,5,0.49999999999999994,-0.8660254037844387,1,12.75,1,14.25,1,10.0,0,1,0,32.5,24.0
2012-06-13,2012,5,0.49999999999999994,-0.8660254037844387,2,5.75,1,12.5,-1,11.75,0,0,1,24.0,27.5
2012-06-14,2012,5,0.49999999999999994,-0.8660254037844387,3,13.25,1,14.0,-1,1.25,0,0,1,27.5,27.5
2012-06-15,2012,5,0.49999999999999994,-0.8660254037844387,4,8.0,1,11.25,1,1.75,0,0,1,27.5,16.0
2012-06-18,2012,5,0.49999999999999994,-0.8660254037844387,0,9.75,-1,23.75,-1,12.25,1,0,0,16.0,36.0
2012-06-19,2012,5,0.49999999999999994,-0.8660254037844387,1,7.0,-1,11.25,1,11.25,0,0,1,36.0,17.75
2012-06-20,2012,5,0.49999999999999994,-0.8660254037844387,2,6.25,-1,8.75,1,5.5,0,1,0,17.75,12.25
2012-06-21,2012,5,0.49999999999999994,-0.8660254037844387,3,9.75,-1,9.75,1,4.5,0,0,1,12.25,21.5
2012-06-22,2012,5,0.49999999999999994,-0.8660254037844387,4,4.5,1,11.75,1,6.0,1,0,0,21.5,14.75
2012-06-25,2012,5,0.49999999999999994,-0.8660254037844387,0,7.25,-1,12.0,-1,18.25,0,0,1,14.75,27.5
2012-06-26,2012,5,0.49999999999999994,-0.8660254037844387,1,5.0,-1,8.0,-1,6.75,0,0,1,27.5,20.25
2012-06-27,2012,5,0.49999999999999994,-0.8660254037844387,2,9.0,1,9.25,-1,5.0,0,0,1,20.25,20.25
2012-06-28,2012,5,0.49999999999999994,-0.8660254037844387,3,7.25,1,24.25,-1,18.75,0,0,1,20.25,29.25
2012-06-29,2012,5,0.49999999999999994,-0.8660254037844387,4,44.5,1,10.75,-1,47.5,0,1,0,29.25,19.5
2012-07-02,2012,6,1.2246467991473532e-16,-1.0,0,10.25,-1,17.5,1,2.0,0,0,1,19.5,20.75
2012-07-05,2012,6,1.2246467991473532e-16,-1.0,3,7.0,-1,9.0,1,22.5,0,0,1,20.75,21.0
2012-07-06,2012,6,1.2246467991473532e-16,-1.0,4,8.0,-1,6.5,1,11.5,0,0,1,21.0,31.5
2012-07-09,2012,6,1.2246467991473532e-16,-1.0,0,6.5,1,7.25,-1,4.25,1,0,0,31.5,24.0
2012-07-10,2012,6,1.2246467991473532e-16,-1.0,1,9.25,-1,18.5,1,10.25,1,0,0,24.0,32.5
2012-07-11,2012,6,1.2246467991473532e-16,-1.0,2,8.25,1,9.75,1,2.5,0,0,1,32.5,18.75
2012-07-12,2012,6,1.2246467991473532e-16,-1.0,3,11.75,-1,12.5,-1,19.25,0,0,1,18.75,28.75
2012-07-13,2012,6,1.2246467991473532e-16,-1.0,4,11.0,1,6.5,-1,7.75,0,0,1,28.75,24.5
2012-07-16,2012,6,1.2246467991473532e-16,-1.0,0,5.25,-1,6.25,-1,4.25,0,0,1,24.5,17.0
2012-07-17,2012,6,1.2246467991473532e-16,-1.0,1,13.25,1,4.5,-1,15.5,0,0,1,17.0,45.0
2012-07-18,2012,6,1.2246467991473532e-16,-1.0,2,7.5,-1,8.5,1,9.0,0,0,1,45.0,36.5
2012-07-19,2012,6,1.2246467991473532e-16,-1.0,3,7.25,1,6.75,-1,18.25,0,0,1,36.5,14.0
2012-07-20,2012,6,1.2246467991473532e-16,-1.0,4,6.75,1,7.0,1,6.25,1,0,0,14.0,20.75
2012-07-23,2012,6,1.2246467991473532e-16,-1.0,0,8.25,-1,10.25,-1,51.25,1,0,0,20.75,21.25
2012-07-24,2012,6,1.2246467991473532e-16,-1.0,1,8.0,1,16.75,-1,7.0,0,1,0,21.25,21.5
2012-07-25,2012,6,1.2246467991473532e-16,-1.0,2,11.0,1,12.75,1,9.0,0,0,1,21.5,30.0
2012-07-26,2012,6,1.2246467991473532e-16,-1.0,3,6.0,-1,14.5,-1,36.25,0,0,1,30.0,23.25
2012-07-27,2012,6,1.2246467991473532e-16,-1.0,4,10.5,1,17.0,-1,21.25,0,0,1,23.25,22.25
2012-07-30,2012,6,1.2246467991473532e-16,-1.0,0,7.5,1,6.0,-1,3.5,1,0,0,22.25,19.0
2012-07-31,2012,6,1.2246467991473532e-16,-1.0,1,13.25,1,9.25,-1,4.25,0,0,1,19.0,18.25
2012-08-01,2012,7,-0.4999999999999998,-0.8660254037844388,2,8.25,1,12.0,1,21.0,0,0,1,18.25,21.75
2012-08-02,2012,7,-0.4999999999999998,-0.8660254037844388,3,8.25,1,7.75,1,19.25,0,0,1,21.75,46.25
2012-08-03,2012,7,-0.4999999999999998,-0.8660254037844388,4,7.0,1,18.5,1,41.5,0,0,1,46.25,23.25
2012-08-06,2012,7,-0.4999999999999998,-0.8660254037844388,0,7.25,-1,9.75,1,10.0,0,0,1,23.25,15.75
2012-08-07,2012,7,-0.4999999999999998,-0.8660254037844388,1,8.0,1,12.75,1,13.25,1,0,0,15.75,15.0
2012-08-08,2012,7,-0.4999999999999998,-0.8660254037844388,2,6.5,1,5.25,-1,6.25,0,1,0,15.0,11.75
2012-08-09,2012,7,-0.4999999999999998,-0.8660254037844388,3,15.0,1,12.75,-1,2.25,0,0,1,11.75,12.0
2012-08-10,2012,7,-0.4999999999999998,-0.8660254037844388,4,6.5,-1,8.75,1,9.0,0,1,0,12.0,12.0
2012-08-13,2012,7,-0.4999999999999998,-0.8660254037844388,0,6.0,-1,6.25,1,3.25,1,0,0,12.0,14.5
2012-08-14,2012,7,-0.4999999999999998,-0.8660254037844388,1,11.25,1,5.5,-1,8.5,0,0,1,14.5,9.25
2012-08-15,2012,7,-0.4999999999999998,-0.8660254037844388,2,5.0,-1,8.75,1,0.25,0,0,1,9.25,10.75
2012-08-16,2012,7,-0.4999999999999998,-0.8660254037844388,3,7.5,1,10.25,-1,5.75,0,0,1,10.75,14.5
2012-08-17,2012,7,-0.4999999999999998,-0.8660254037844388,4,3.5,-1,5.0,1,7.75,0,0,1,14.5,9.25
2012-08-20,2012,7,-0.4999999999999998,-0.8660254037844388,0,3.75,-1,3.75,1,0.25,1,0,0,9.25,11.5
2012-08-21,2012,7,-0.4999999999999998,-0.8660254037844388,1,3.75,1,9.0,1,11.25,1,0,0,11.5,13.5
2012-08-22,2012,7,-0.4999999999999998,-0.8660254037844388,2,6.5,-1,8.75,1,9.75,0,0,1,13.5,17.5
2012-08-23,2012,7,-0.4999999999999998,-0.8660254037844388,3,10.75,1,10.25,-1,10.25,0,0,1,17.5,18.0
2012-08-24,2012,7,-0.4999999999999998,-0.8660254037844388,4,3.5,1,8.5,-1,8.0,0,0,1,18.0,22.25
2012-08-27,2012,7,-0.4999999999999998,-0.8660254037844388,0,6.25,-1,7.5,1,13.5,1,0,0,22.25,13.75
2012-08-28,2012,7,-0.4999999999999998,-0.8660254037844388,1,9.25,-1,7.5,1,2.75,0,0,1,13.75,17.0
2012-08-29,2012,7,-0.4999999999999998,-0.8660254037844388,2,2.5,1,11.25,-1,0.5,0,0,1,17.0,18.25
2012-08-30,2012,7,-0.4999999999999998,-0.8660254037844388,3,9.5,-1,4.5,-1,10.25,0,0,1,18.25,21.5
2012-08-31,2012,7,-0.4999999999999998,-0.8660254037844388,4,4.5,1,8.75,1,20.75,0,0,1,21.5,35.5
2012-09-04,2012,8,-0.8660254037844384,-0.5000000000000004,1,8.75,1,6.25,-1,2.0,0,0,1,35.5,29.75
2012-09-05,2012,8,-0.8660254037844384,-0.5000000000000004,2,5.5,-1,10.5,-1,8.25,0,1,0,29.75,21.25
2012-09-06,2012,8,-0.8660254037844384,-0.5000000000000004,3,10.0,1,13.5,1,15.0,0,0,1,21.25,35.0
2012-09-07,2012,8,-0.8660254037844384,-0.5000000000000004,4,4.75,1,9.25,1,4.0,0,0,1,35.0,12.5
2012-09-10,2012,8,-0.8660254037844384,-0.5000000000000004,0,5.0,-1,5.0,1,5.5,1,0,0,12.5,18.0
2012-09-11,2012,8,-0.8660254037844384,-0.5000000000000004,1,9.25,-1,12.75,1,3.5,0,0,1,18.0,14.5
2012-09-12,2012,8,-0.8660254037844384,-0.5000000000000004,2,10.0,1,19.0,1,14.5,0,1,0,14.5,19.25
2012-09-13,2012,8,-0.8660254037844384,-0.5000000000000004,3,5.0,-1,7.75,-1,7.0,0,0,1,19.25,11.5
2012-09-14,2012,8,-0.8660254037844384,-0.5000000000000004,4,5.0,1,6.5,1,12.5,0,0,1,11.5,26.5
2012-09-17,2012,8,-0.8660254037844384,-0.5000000000000004,0,5.0,-1,6.75,1,1.75,0,1,0,26.5,10.75
2012-09-18,2012,8,-0.8660254037844384,-0.5000000000000004,1,8.5,1,9.75,-1,3.75,0,1,0,10.75,11.75
2012-09-19,2012,8,-0.8660254037844384,-0.5000000000000004,2,11.5,1,8.25,-1,2.5,0,0,1,11.75,11.75
2012-09-20,2012,8,-0.8660254037844384,-0.5000000000000004,3,10.75,-1,8.5,-1,9.75,0,0,1,11.75,15.5
2012-09-21,2012,8,-0.8660254037844384,-0.5000000000000004,4,5.25,1,6.0,1,15.0,1,0,0,15.5,6.5
2012-09-24,2012,8,-0.8660254037844384,-0.5000000000000004,0,11.0,-1,6.5,-1,21.75,1,0,0,6.5,15.25
2012-09-25,2012,8,-0.8660254037844384,-0.5000000000000004,1,9.5,1,7.0,-1,6.25,0,0,1,15.25,11.0
2012-09-26,2012,8,-0.8660254037844384,-0.5000000000000004,2,5.25,-1,9.75,-1,8.75,0,0,1,11.0,34.75
2012-09-27,2012,8,-0.8660254037844384,-0.5000000000000004,3,7.25,1,8.25,-1,8.0,0,0,1,34.75,15.0
2012-09-28,2012,8,-0.8660254037844384,-0.5000000000000004,4,5.25,-1,6.25,1,7.75,0,1,0,15.0,24.0
2012-10-01,2012,9,-1.0,-1.8369701987210297e-16,0,12.25,-1,24.5,1,13.75,0,0,1,24.0,22.0
2012-10-02,2012,9,-1.0,-1.8369701987210297e-16,1,4.25,1,13.25,1,11.5,1,0,0,22.0,19.5
2012-10-03,2012,9,-1.0,-1.8369701987210297e-16,2,6.0,-1,11.0,1,7.0,0,0,1,19.5,17.25
2012-10-04,2012,9,-1.0,-1.8369701987210297e-16,3,15.75,1,14.5,-1,7.0,0,0,1,17.25,18.75
2012-10-05,2012,9,-1.0,-1.8369701987210297e-16,4,3.75,1,4.0,-1,13.75,0,0,1,18.75,14.0
2012-10-08,2012,9,-1.0,-1.8369701987210297e-16,0,5.75,-1,13.0,-1,13.25,1,0,0,14.0,16.5
2012-10-09,2012,9,-1.0,-1.8369701987210297e-16,1,6.25,1,17.5,-1,5.25,1,0,0,16.5,41.25
2012-10-10,2012,9,-1.0,-1.8369701987210297e-16,2,8.75,1,7.0,-1,1.5,0,1,0,41.25,16.25
2012-10-11,2012,9,-1.0,-1.8369701987210297e-16,3,10.25,1,13.25,1,20.25,0,0,1,16.25,9.25
2012-10-12,2012,9,-1.0,-1.8369701987210297e-16,4,7.5,-1,10.75,-1,0.0,0,0,1,9.25,18.25
2012-10-15,2012,9,-1.0,-1.8369701987210297e-16,0,9.5,1,16.25,1,11.0,0,0,1,18.25,21.5
2012-10-16,2012,9,-1.0,-1.8369701987210297e-16,1,6.75,-1,6.5,-1,5.25,0,0,1,21.5,18.75
2012-10-17,2012,9,-1.0,-1.8369701987210297e-16,2,12.25,-1,5.5,1,9.0,0,0,1,18.75,25.25
2012-10-18,2012,9,-1.0,-1.8369701987210297e-16,3,4.5,1,9.0,1,10.25,0,0,1,25.25,17.0
2012-10-19,2012,9,-1.0,-1.8369701987210297e-16,4,6.0,-1,7.75,-1,2.25,0,0,1,17.0,30.75
2012-10-22,2012,9,-1.0,-1.8369701987210297e-16,0,13.25,1,9.0,1,2.75,1,0,0,30.75,17.75
2012-10-23,2012,9,-1.0,-1.8369701987210297e-16,1,9.5,-1,17.0,-1,27.0,1,0,0,17.75,20.25
2012-10-24,2012,9,-1.0,-1.8369701987210297e-16,2,10.0,1,12.0,-1,15.25,0,0,1,20.25,20.75
2012-10-25,2012,9,-1.0,-1.8369701987210297e-16,3,14.0,1,10.25,1,16.25,0,0,1,20.75,21.25
2012-10-26,2012,9,-1.0,-1.8369701987210297e-16,4,18.75,-1,12.5,-1,0.5,0,0,1,21.25,24.25
2012-10-31,2012,9,-1.0,-1.8369701987210297e-16,2,6.5,-1,23.25,1,2.75,0,1,0,24.25,22.75
2012-11-01,2012,10,-0.8660254037844386,0.5,3,12.25,1,8.5,1,22.5,0,0,1,22.75,31.25
2012-11-02,2012,10,-0.8660254037844386,0.5,4,6.25,-1,4.5,1,6.5,0,0,1,31.25,17.0
2012-11-05,2012,10,-0.8660254037844386,0.5,0,4.75,1,9.0,-1,8.75,0,0,1,17.0,19.5
2012-11-06,2012,10,-0.8660254037844386,0.5,1,9.25,1,13.0,1,11.0,0,1,0,19.5,10.25
2012-11-07,2012,10,-0.8660254037844386,0.5,2,21.0,-1,12.0,1,30.5,0,1,0,10.25,38.25
2012-11-08,2012,10,-0.8660254037844386,0.5,3,5.25,1,10.0,-1,3.75,0,0,1,38.25,25.75
2012-11-09,2012,10,-0.8660254037844386,0.5,4,7.5,1,10.75,-1,3.25,0,0,1,25.75,23.75
2012-11-12,2012,10,-0.8660254037844386,0.5,0,9.75,1,9.0,1,11.25,1,0,0,23.75,22.75
2012-11-13,2012,10,-0.8660254037844386,0.5,1,13.75,-1,8.75,-1,23.5,1,0,0,22.75,29.25
2012-11-14,2012,10,-0.8660254037844386,0.5,2,6.5,1,9.0,1,9.75,0,0,1,29.25,26.75
2012-11-15,2012,10,-0.8660254037844386,0.5,3,7.5,1,7.0,1,2.0,0,0,1,26.75,19.5
2012-11-16,2012,10,-0.8660254037844386,0.5,4,4.25,1,13.0,-1,0.25,0,1,0,19.5,22.75
2012-11-19,2012,10,-0.8660254037844386,0.5,0,4.75,-1,8.5,1,24.75,0,0,1,22.75,18.75
2012-11-20,2012,10,-0.8660254037844386,0.5,1,7.25,-1,7.5,1,4.25,0,0,1,18.75,12.75
2012-11-21,2012,10,-0.8660254037844386,0.5,2,20.0,-1,13.75,1,3.0,0,0,1,12.75,17.0
2012-11-26,2012,10,-0.8660254037844386,0.5,0,3.25,-1,7.75,-1,32.75,1,0,0,17.0,12.75
2012-11-27,2012,10,-0.8660254037844386,0.5,1,5.0,1,6.75,-1,0.5,0,0,1,12.75,18.75
2012-11-28,2012,10,-0.8660254037844386,0.5,2,5.5,1,11.25,-1,13.25,0,0,1,18.75,29.5
2012-11-29,2012,10,-0.8660254037844386,0.5,3,12.5,1,12.25,1,14.0,0,0,1,29.5,15.25
2012-11-30,2012,10,-0.8660254037844386,0.5,4,7.0,1,8.0,1,0.5,0,1,0,15.25,10.75
2012-12-03,2012,11,-0.5000000000000004,0.8660254037844384,0,9.25,1,6.25,0,17.0,0,0,1,10.75,18.5
2012-12-04,2012,11,-0.5000000000000004,0.8660254037844384,1,6.5,-1,10.5,1,0.25,1,0,0,18.5,18.5
2012-12-05,2012,11,-0.5000000000000004,0.8660254037844384,2,18.25,1,10.75,-1,2.0,0,0,1,18.5,41.0
2012-12-06,2012,11,-0.5000000000000004,0.8660254037844384,3,7.75,-1,11.75,1,8.25,0,0,1,41.0,35.25
2012-12-07,2012,11,-0.5000000000000004,0.8660254037844384,4,2.75,1,8.75,-1,11.75,0,0,1,35.25,32.75
2012-12-10,2012,11,-0.5000000000000004,0.8660254037844384,0,9.0,-1,10.75,-1,4.75,1,0,0,32.75,29.25
2012-12-11,2012,11,-0.5000000000000004,0.8660254037844384,1,5.25,1,9.75,1,13.25,0,0,1,29.25,28.0
2012-12-12,2012,11,-0.5000000000000004,0.8660254037844384,2,4.5,-1,8.25,1,7.5,0,1,0,28.0,17.5
2012-12-13,2012,11,-0.5000000000000004,0.8660254037844384,3,6.25,1,10.25,-1,5.75,0,0,1,17.5,21.5
2012-12-14,2012,11,-0.5000000000000004,0.8660254037844384,4,8.75,1,11.0,-1,12.5,0,0,1,21.5,17.0
2012-12-17,2012,11,-0.5000000000000004,0.8660254037844384,0,4.25,1,10.75,-1,1.5,0,1,0,17.0,19.0
2012-12-18,2012,11,-0.5000000000000004,0.8660254037844384,1,9.5,1,5.5,1,8.25,0,1,0,19.0,21.0
2012-12-19,2012,11,-0.5000000000000004,0.8660254037844384,2,3.0,1,6.5,1,6.5,0,0,1,21.0,15.75
2012-12-20,2012,11,-0.5000000000000004,0.8660254037844384,3,5.5,-1,7.25,1,4.5,0,0,1,15.75,19.75
2012-12-21,2012,11,-0.5000000000000004,0.8660254037844384,4,50.25,-1,11.75,-1,43.75,0,0,1,19.75,27.5
2012-12-27,2012,11,-0.5000000000000004,0.8660254037844384,3,6.75,-1,8.25,-1,1.25,0,0,1,27.5,26.25
2012-12-28,2012,11,-0.5000000000000004,0.8660254037844384,4,7.75,-1,8.0,1,15.75,0,0,1,26.25,20.5
2012-12-31,2012,11,-0.5000000000000004,0.8660254037844384,0,6.0,-1,5.5,-1,11.25,1,0,0,20.5,35.5
2013-01-03,2013,0,0.0,1.0,3,5.5,-1,7.25,1,1.0,0,0,1,35.5,13.25
2013-01-04,2013,0,0.0,1.0,4,5.25,-1,8.5,1,2.75,0,0,1,13.25,17.5
2013-01-07,2013,0,0.0,1.0,0,8.5,-1,5.5,1,3.0,1,0,0,17.5,16.75
2013-01-08,2013,0,0.0,1.0,1,5.0,-1,5.0,1,1.25,1,0,0,16.75,22.5
2013-01-09,2013,0,0.0,1.0,2,8.25,-1,8.5,-1,2.5,0,1,0,22.5,16.0
2013-01-10,2013,0,0.0,1.0,3,10.75,1,7.25,1,17.5,0,0,1,16.0,22.0
2013-01-11,2013,0,0.0,1.0,4,3.75,-1,4.5,-1,0.5,0,0,1,22.0,11.25
2013-01-14,2013,0,0.0,1.0,0,8.0,1,9.75,-1,15.25,1,0,0,11.25,19.25
2013-01-15,2013,0,0.0,1.0,1,7.75,-1,8.0,1,11.25,0,0,1,19.25,14.0
2013-01-16,2013,0,0.0,1.0,2,5.25,-1,6.25,-1,5.25,0,0,1,14.0,16.5
2013-01-17,2013,0,0.0,1.0,3,12.5,-1,10.0,1,13.25,0,0,1,16.5,11.5
2013-01-18,2013,0,0.0,1.0,4,4.0,-1,8.0,-1,9.5,0,0,1,11.5,10.75
2013-01-22,2013,0,0.0,1.0,1,8.75,1,15.75,-1,2.25,0,0,1,10.75,19.5
2013-01-23,2013,0,0.0,1.0,2,4.0,-1,6.75,-1,2.75,1,0,0,19.5,13.75
2013-01-24,2013,0,0.0,1.0,3,6.25,1,9.75,1,42.25,0,0,1,13.75,25.0
2013-01-25,2013,0,0.0,1.0,4,5.0,-1,10.25,1,6.75,0,0,1,25.0,18.5
2013-01-28,2013,0,0.0,1.0,0,2.75,0,4.25,-1,2.75,0,0,1,18.5,14.0
2013-01-29,2013,0,0.0,1.0,1,6.5,1,7.25,-1,3.75,0,0,1,14.0,18.5
2013-01-30,2013,0,0.0,1.0,2,3.0,-1,7.75,1,0.0,0,0,1,18.5,19.75
2013-01-31,2013,0,0.0,1.0,3,5.75,-1,8.25,-1,4.75,0,0,1,19.75,17.0
2013-02-01,2013,1,0.49999999999999994,0.8660254037844387,4,6.0,1,6.75,1,15.5,0,0,1,17.0,17.0
2013-02-04,2013,1,0.49999999999999994,0.8660254037844387,0,4.0,-1,4.75,1,15.5,0,1,0,17.0,11.25
2013-02-05,2013,1,0.49999999999999994,0.8660254037844387,1,4.25,1,8.0,1,10.0,0,0,1,11.25,23.5
2013-02-06,2013,1,0.49999999999999994,0.8660254037844387,2,3.25,1,6.75,-1,10.25,0,1,0,23.5,13.5
2013-02-07,2013,1,0.49999999999999994,0.8660254037844387,3,3.25,-1,9.5,1,5.25,0,0,1,13.5,33.75
2013-02-08,2013,1,0.49999999999999994,0.8660254037844387,4,8.25,1,5.5,-1,15.25,0,0,1,33.75,21.0
2013-02-11,2013,1,0.49999999999999994,0.8660254037844387,0,2.5,-1,8.0,1,2.25,1,0,0,21.0,11.25
2013-02-12,2013,1,0.49999999999999994,0.8660254037844387,1,7.75,-1,5.75,-1,2.0,0,1,0,11.25,12.5
2013-02-13,2013,1,0.49999999999999994,0.8660254037844387,2,2.25,-1,3.75,1,7.75,0,0,1,12.5,18.25
2013-02-14,2013,1,0.49999999999999994,0.8660254037844387,3,4.25,1,4.25,-1,12.0,0,0,1,18.25,13.0
2013-02-15,2013,1,0.49999999999999994,0.8660254037844387,4,6.5,-1,6.0,-1,2.5,0,0,1,13.0,8.5
2013-02-19,2013,1,0.49999999999999994,0.8660254037844387,1,2.0,1,6.5,1,7.25,1,0,0,8.5,10.75
2013-02-20,2013,1,0.49999999999999994,0.8660254037844387,2,3.25,1,4.25,1,0.25,0,0,1,10.75,9.75
2013-02-21,2013,1,0.49999999999999994,0.8660254037844387,3,7.0,-1,12.75,-1,6.75,0,0,1,9.75,19.5
2013-02-22,2013,1,0.49999999999999994,0.8660254037844387,4,6.0,1,6.5,1,10.0,0,1,0,19.5,15.5
2013-02-25,2013,1,0.49999999999999994,0.8660254037844387,0,5.5,1,8.75,1,18.25,1,0,0,15.5,21.25
2013-02-26,2013,1,0.49999999999999994,0.8660254037844387,1,10.25,-1,11.0,1,5.75,0,0,1,21.25,20.5
2013-02-27,2013,1,0.49999999999999994,0.8660254037844387,2,4.25,-1,8.0,-1,4.5,0,0,1,20.5,28.0
2013-02-28,2013,1,0.49999999999999994,0.8660254037844387,3,3.75,1,6.75,1,0.75,0,0,1,28.0,19.25
2013-03-01,2013,2,0.8660254037844386,0.5000000000000001,4,8.25,1,10.0,-1,13.25,0,0,1,19.25,32.5
2013-03-04,2013,2,0.8660254037844386,0.5000000000000001,0,10.75,-1,10.75,1,9.75,1,0,0,32.5,13.0
2013-03-05,2013,2,0.8660254037844386,0.5000000000000001,1,2.75,-1,9.75,1,13.75,0,0,1,13.0,23.5
2013-03-06,2013,2,0.8660254037844386,0.5000000000000001,2,2.75,-1,9.0,1,12.0,0,1,0,23.5,19.25
2013-03-07,2013,2,0.8660254037844386,0.5000000000000001,3,2.25,1,7.0,1,0.75,0,0,1,19.25,8.25
2013-03-08,2013,2,0.8660254037844386,0.5000000000000001,4,5.5,1,6.0,1,11.75,0,0,1,8.25,21.5
2013-03-11,2013,2,0.8660254037844386,0.5000000000000001,0,7.25,1,4.25,-1,1.25,1,0,0,21.5,9.75
2013-03-12,2013,2,0.8660254037844386,0.5000000000000001,1,4.0,-1,3.25,1,6.5,0,1,0,9.75,12.0
2013-03-13,2013,2,0.8660254037844386,0.5000000000000001,2,5.5,-1,6.0,-1,1.75,0,0,1,12.0,17.25
2013-03-14,2013,2,0.8660254037844386,0.5000000000000001,3,4.25,0,7.5,1,7.75,0,0,1,17.25,12.0
2013-03-15,2013,2,0.8660254037844386,0.5000000000000001,4,4.0,1,5.5,-1,2.25,0,0,1,12.0,16.75
2013-03-18,2013,2,0.8660254037844386,0.5000000000000001,0,8.75,-1,12.25,1,25.25,1,0,0,16.75,26.5
2013-03-19,2013,2,0.8660254037844386,0.5000000000000001,1,6.75,1,5.25,-1,4.5,0,0,1,26.5,19.75
2013-03-20,2013,2,0.8660254037844386,0.5000000000000001,2,9.0,1,19.25,1,21.0,0,1,0,19.75,17.25
2013-03-21,2013,2,0.8660254037844386,0.5000000000000001,3,5.0,1,11.5,-1,12.25,0,0,1,17.25,12.75
2013-03-22,2013,2,0.8660254037844386,0.5000000000000001,4,3.75,1,8.0,1,9.75,1,0,0,12.75,10.5
2013-03-25,2013,2,0.8660254037844386,0.5000000000000001,0,5.5,1,6.0,-1,8.0,1,0,0,10.5,22.5
2013-03-26,2013,2,0.8660254037844386,0.5000000000000001,1,4.0,1,8.25,1,11.0,0,0,1,22.5,11.0
2013-03-27,2013,2,0.8660254037844386,0.5000000000000001,2,3.0,1,5.5,0,19.75,0,0,1,11.0,19.75
2013-03-28,2013,2,0.8660254037844386,0.5000000000000001,3,8.5,-1,10.5,1,2.75,0,0,1,19.75,11.5
2013-04-01,2013,3,1.0,6.123233995736766e-17,0,6.25,-1,3.25,-1,1.5,0,0,1,11.5,21.0
2013-04-02,2013,3,1.0,6.123233995736766e-17,1,5.5,-1,14.0,1,16.75,0,1,0,21.0,19.75
2013-04-03,2013,3,1.0,6.123233995736766e-17,2,2.5,-1,3.75,1,2.25,0,0,1,19.75,11.75
2013-04-04,2013,3,1.0,6.123233995736766e-17,3,3.5,-1,6.5,1,0.25,0,0,1,11.75,16.75
2013-04-05,2013,3,1.0,6.123233995736766e-17,4,4.75,-1,5.0,-1,42.25,0,0,1,16.75,17.0
2013-04-08,2013,3,1.0,6.123233995736766e-17,0,4.25,1,10.5,1,1.5,1,0,0,17.0,11.5
2013-04-09,2013,3,1.0,6.123233995736766e-17,1,6.5,1,9.5,1,4.75,0,1,0,11.5,13.75
2013-04-10,2013,3,1.0,6.123233995736766e-17,2,3.25,1,8.5,1,8.5,0,0,1,13.75,40.5
2013-04-11,2013,3,1.0,6.123233995736766e-17,3,3.0,0,6.5,1,6.5,0,0,1,40.5,11.25
2013-04-12,2013,3,1.0,6.123233995736766e-17,4,7.75,-1,5.25,-1,7.0,0,0,1,11.25,23.0
2013-04-15,2013,3,1.0,6.123233995736766e-17,0,18.0,-1,14.0,-1,7.0,0,1,0,23.0,16.5
2013-04-16,2013,3,1.0,6.123233995736766e-17,1,14.25,1,12.5,-1,25.25,0,0,1,16.5,12.0
2013-04-17,2013,3,1.0,6.123233995736766e-17,2,6.25,-1,21.0,-1,24.0,0,1,0,12.0,37.75
2013-04-18,2013,3,1.0,6.123233995736766e-17,3,12.5,-1,9.0,1,9.0,0,0,1,37.75,42.5
2013-04-19,2013,3,1.0,6.123233995736766e-17,4,8.25,1,7.25,1,2.5,1,0,0,42.5,30.25
2013-04-22,2013,3,1.0,6.123233995736766e-17,0,11.5,1,12.5,1,13.75,0,0,1,30.25,20.75
2013-04-23,2013,3,1.0,6.123233995736766e-17,1,7.5,-1,18.5,-1,18.5,0,0,1,20.75,16.25
2013-04-24,2013,3,1.0,6.123233995736766e-17,2,7.0,1,8.0,1,2.0,0,0,1,16.25,22.25
2013-04-25,2013,3,1.0,6.123233995736766e-17,3,11.0,1,7.0,1,11.75,0,0,1,22.25,19.25
2013-04-26,2013,3,1.0,6.123233995736766e-17,4,9.75,-1,10.0,-1,8.25,0,0,1,19.25,17.0
2013-04-29,2013,3,1.0,6.123233995736766e-17,0,7.5,1,7.75,1,10.0,0,0,1,17.0,24.25
2013-04-30,2013,3,1.0,6.123233995736766e-17,1,3.0,1,6.5,-1,4.25,0,0,1,24.25,15.75
2013-05-01,2013,4,0.8660254037844388,-0.4999999999999998,2,3.5,-1,5.0,1,0.75,0,0,1,15.75,19.25
2013-05-02,2013,4,0.8660254037844388,-0.4999999999999998,3,5.0,1,4.25,1,8.25,0,0,1,19.25,24.25
2013-05-03,2013,4,0.8660254037844388,-0.4999999999999998,4,2.5,1,3.25,-1,28.0,0,0,1,24.25,17.5
2013-05-06,2013,4,0.8660254037844388,-0.4999999999999998,0,3.0,-1,4.25,-1,6.5,1,0,0,17.5,9.75
2013-05-07,2013,4,0.8660254037844388,-0.4999999999999998,1,3.75,1,4.25,1,5.25,0,1,0,9.75,19.5
2013-05-08,2013,4,0.8660254037844388,-0.4999999999999998,2,4.5,1,4.5,-1,1.25,0,1,0,19.5,21.0
2013-05-09,2013,4,0.8660254037844388,-0.4999999999999998,3,6.75,1,7.5,-1,6.75,0,0,1,21.0,10.5
2013-05-10,2013,4,0.8660254037844388,-0.4999999999999998,4,6.0,1,9.75,-1,2.0,0,0,1,10.5,17.75
2013-05-13,2013,4,0.8660254037844388,-0.4999999999999998,0,6.0,1,9.5,-1,5.25,0,0,1,17.75,13.25
2013-05-14,2013,4,0.8660254037844388,-0.4999999999999998,1,3.5,-1,11.5,-1,1.75,0,1,0,13.25,22.25
2013-05-15,2013,4,0.8660254037844388,-0.4999999999999998,2,4.25,1,5.25,-1,6.25,0,0,1,22.25,12.25
2013-05-16,2013,4,0.8660254037844388,-0.4999999999999998,3,5.25,-1,8.75,-1,4.25,0,0,1,12.25,13.25
2013-05-17,2013,4,0.8660254037844388,-0.4999999999999998,4,3.25,1,7.75,-1,14.0,0,0,1,13.25,15.75
2013-05-20,2013,4,0.8660254037844388,-0.4999999999999998,0,6.0,1,4.25,-1,6.5,1,0,0,15.75,12.75
2013-05-21,2013,4,0.8660254037844388,-0.4999999999999998,1,3.25,1,6.5,-1,1.0,0,1,0,12.75,17.5
2013-05-22,2013,4,0.8660254037844388,-0.4999999999999998,2,3.25,-1,6.75,1,7.25,0,0,1,17.5,29.25
2013-05-23,2013,4,0.8660254037844388,-0.4999999999999998,3,17.75,-1,26.0,-1,29.5,0,0,1,29.25,27.75
2013-05-24,2013,4,0.8660254037844388,-0.4999999999999998,4,12.5,-1,12.75,-1,21.0,0,0,1,27.75,16.5
2013-05-28,2013,4,0.8660254037844388,-0.4999999999999998,1,9.75,1,16.0,1,30.5,0,0,1,16.5,16.75
2013-05-29,2013,4,0.8660254037844388,-0.4999999999999998,2,7.5,1,10.75,-1,8.5,1,0,0,16.75,20.25
2013-05-30,2013,4,0.8660254037844388,-0.4999999999999998,3,7.75,1,11.75,-1,0.75,0,0,1,20.25,21.0
2013-05-31,2013,4,0.8660254037844388,-0.4999999999999998,4,5.25,1,23.0,-1,9.5,0,1,0,21.0,18.0
2013-06-03,2013,5,0.49999999999999994,-0.8660254037844387,0,10.0,1,16.25,-1,6.5,0,0,1,18.0,22.5
2013-06-04,2013,5,0.49999999999999994,-0.8660254037844387,1,6.5,-1,7.0,-1,8.0,0,0,1,22.5,16.25
2013-06-05,2013,5,0.49999999999999994,-0.8660254037844387,2,6.0,-1,10.5,1,12.0,0,0,1,16.25,24.0
2013-06-06,2013,5,0.49999999999999994,-0.8660254037844387,3,3.5,1,5.0,1,1.25,0,0,1,24.0,17.5
2013-06-07,2013,5,0.49999999999999994,-0.8660254037844387,4,7.25,1,10.5,1,11.25,0,0,1,17.5,27.0
2013-06-10,2013,5,0.49999999999999994,-0.8660254037844387,0,8.0,1,6.5,1,11.5,0,1,0,27.0,15.75
2013-06-11,2013,5,0.49999999999999994,-0.8660254037844387,1,6.25,-1,8.75,-1,30.5,0,1,0,15.75,27.5
2013-06-12,2013,5,0.49999999999999994,-0.8660254037844387,2,4.5,1,11.75,1,12.25,0,1,0,27.5,28.0
2013-06-13,2013,5,0.49999999999999994,-0.8660254037844387,3,15.75,-1,14.25,1,4.5,0,0,1,28.0,23.25
2013-06-14,2013,5,0.49999999999999994,-0.8660254037844387,4,9.75,-1,8.25,1,0.25,0,0,1,23.25,21.5
2013-06-17,2013,5,0.49999999999999994,-0.8660254037844387,0,7.5,1,17.25,1,25.75,0,1,0,21.5,18.25
2013-06-18,2013,5,0.49999999999999994,-0.8660254037844387,1,3.25,1,10.25,-1,2.75,0,0,1,18.25,22.75
2013-06-19,2013,5,0.49999999999999994,-0.8660254037844387,2,5.0,-1,12.5,1,1.5,0,1,0,22.75,10.25
2013-06-20,2013,5,0.49999999999999994,-0.8660254037844387,3,16.75,-1,15.0,-1,32.75,0,0,1,10.25,21.0
2013-06-21,2013,5,0.49999999999999994,-0.8660254037844387,4,9.75,1,6.5,1,3.25,1,0,0,21.0,30.25
2013-06-24,2013,5,0.49999999999999994,-0.8660254037844387,0,19.0,-1,16.75,-1,20.5,1,0,0,30.25,29.25
2013-06-25,2013,5,0.49999999999999994,-0.8660254037844387,1,23.5,-1,21.75,1,23.75,0,0,1,29.25,29.5
2013-06-26,2013,5,0.49999999999999994,-0.8660254037844387,2,11.5,1,20.5,1,26.0,0,1,0,29.5,14.0
2013-06-27,2013,5,0.49999999999999994,-0.8660254037844387,3,11.75,1,8.5,-1,16.25,0,0,1,14.0,16.75
2013-06-28,2013,5,0.49999999999999994,-0.8660254037844387,4,8.5,1,8.75,1,11.0,0,1,0,16.75,23.5
2013-07-01,2013,6,1.2246467991473532e-16,-1.0,0,9.25,-1,22.75,1,21.75,0,0,1,23.5,23.0
2013-07-02,2013,6,1.2246467991473532e-16,-1.0,1,6.25,1,11.75,1,1.75,0,1,0,23.0,21.5
2013-07-05,2013,6,1.2246467991473532e-16,-1.0,4,5.75,1,6.25,-1,28.75,0,0,1,21.5,29.25
2013-07-08,2013,6,1.2246467991473532e-16,-1.0,0,6.5,-1,11.75,1,11.0,1,0,0,29.25,17.25
2013-07-09,2013,6,1.2246467991473532e-16,-1.0,1,10.0,1,8.0,1,13.5,0,1,0,17.25,16.5
2013-07-10,2013,6,1.2246467991473532e-16,-1.0,2,7.75,-1,11.75,-1,2.0,0,1,0,16.5,15.75
2013-07-11,2013,6,1.2246467991473532e-16,-1.0,3,10.75,1,8.5,1,30.25,0,0,1,15.75,12.25
2013-07-12,2013,6,1.2246467991473532e-16,-1.0,4,5.25,1,4.75,-1,1.25,0,0,1,12.25,8.5
2013-07-15,2013,6,1.2246467991473532e-16,-1.0,0,7.5,1,5.5,-1,6.5,0,0,1,8.5,10.25
2013-07-16,2013,6,1.2246467991473532e-16,-1.0,1,2.75,1,5.25,0,4.5,0,0,1,10.25,8.25
2013-07-17,2013,6,1.2246467991473532e-16,-1.0,2,5.0,1,8.25,-1,9.25,0,0,1,8.25,11.5
2013-07-18,2013,6,1.2246467991473532e-16,-1.0,3,4.25,-1,7.75,1,2.0,0,0,1,11.5,14.5
2013-07-19,2013,6,1.2246467991473532e-16,-1.0,4,5.0,-1,5.75,-1,4.0,1,0,0,14.5,12.5
2013-07-22,2013,6,1.2246467991473532e-16,-1.0,0,7.0,1,10.25,1,6.5,0,0,1,12.5,16.75
2013-07-23,2013,6,1.2246467991473532e-16,-1.0,1,8.5,1,8.75,-1,6.5,1,0,0,16.75,23.0
2013-07-24,2013,6,1.2246467991473532e-16,-1.0,2,4.25,1,12.5,1,29.75,0,0,1,23.0,25.75
2013-07-25,2013,6,1.2246467991473532e-16,-1.0,3,4.25,-1,14.5,-1,2.0,0,0,1,25.75,15.75
2013-07-26,2013,6,1.2246467991473532e-16,-1.0,4,6.25,1,12.25,-1,8.25,0,1,0,15.75,16.0
2013-07-29,2013,6,1.2246467991473532e-16,-1.0,0,7.5,-1,11.25,-1,6.5,0,0,1,16.0,14.5
2013-07-30,2013,6,1.2246467991473532e-16,-1.0,1,5.75,1,8.0,-1,8.5,0,0,1,14.5,12.5
2013-07-31,2013,6,1.2246467991473532e-16,-1.0,2,6.0,1,9.5,1,1.25,0,0,1,12.5,11.0
2013-08-01,2013,7,-0.4999999999999998,-0.8660254037844388,3,6.0,1,5.25,1,16.5,0,0,1,11.0,9.25
2013-08-02,2013,7,-0.4999999999999998,-0.8660254037844388,4,4.0,1,4.75,-1,2.75,0,0,1,9.25,12.75
2013-08-05,2013,7,-0.4999999999999998,-0.8660254037844388,0,3.25,1,5.25,1,5.25,0,0,1,12.75,10.5
2013-08-06,2013,7,-0.4999999999999998,-0.8660254037844388,1,4.75,-1,6.25,1,3.5,0,0,1,10.5,28.25
2013-08-07,2013,7,-0.4999999999999998,-0.8660254037844388,2,4.75,-1,7.75,1,8.0,0,1,0,28.25,28.75
2013-08-08,2013,7,-0.4999999999999998,-0.8660254037844388,3,7.5,1,5.75,1,14.75,0,0,1,28.75,24.75
2013-08-09,2013,7,-0.4999999999999998,-0.8660254037844388,4,6.75,-1,12.75,-1,4.5,1,0,0,24.75,15.0
2013-08-12,2013,7,-0.4999999999999998,-0.8660254037844388,0,5.5,1,18.5,-1,10.5,1,0,0,15.0,24.25
2013-08-13,2013,7,-0.4999999999999998,-0.8660254037844388,1,4.75,1,7.75,1,2.75,0,0,1,24.25,27.25
2013-08-14,2013,7,-0.4999999999999998,-0.8660254037844388,2,3.75,-1,8.0,-1,0.5,0,0,1,27.25,19.75
2013-08-15,2013,7,-0.4999999999999998,-0.8660254037844388,3,7.75,1,8.0,1,28.75,0,0,1,19.75,28.0
2013-08-16,2013,7,-0.4999999999999998,-0.8660254037844388,4,8.5,1,9.75,1,3.25,0,0,1,28.0,20.5
2013-08-19,2013,7,-0.4999999999999998,-0.8660254037844388,0,4.75,-1,10.5,1,5.25,1,0,0,20.5,29.0
2013-08-20,2013,7,-0.4999999999999998,-0.8660254037844388,1,8.75,-1,10.0,1,4.25,1,0,0,29.0,16.75
2013-08-21,2013,7,-0.4999999999999998,-0.8660254037844388,2,7.25,-1,8.5,-1,8.5,0,0,1,16.75,19.25
2013-08-22,2013,7,-0.4999999999999998,-0.8660254037844388,3,10.75,1,20.75,1,19.5,0,0,1,19.25,20.75
2013-08-23,2013,7,-0.4999999999999998,-0.8660254037844388,4,5.25,1,9.75,-1,21.5,0,0,1,20.75,14.75
2013-08-26,2013,7,-0.4999999999999998,-0.8660254037844388,0,13.0,1,10.0,-1,2.25,0,0,1,14.75,17.75
2013-08-27,2013,7,-0.4999999999999998,-0.8660254037844388,1,3.5,1,20.5,-1,35.0,0,0,1,17.75,21.0
2013-08-28,2013,7,-0.4999999999999998,-0.8660254037844388,2,10.25,1,8.0,1,2.75,0,0,1,21.0,19.75
2013-08-29,2013,7,-0.4999999999999998,-0.8660254037844388,3,4.5,1,10.75,1,1.25,0,0,1,19.75,40.25
2013-08-30,2013,7,-0.4999999999999998,-0.8660254037844388,4,9.5,1,13.0,-1,4.75,0,1,0,40.25,26.0
2013-09-03,2013,8,-0.8660254037844384,-0.5000000000000004,1,5.5,1,18.0,-1,19.25,0,0,1,26.0,15.25
2013-09-04,2013,8,-0.8660254037844384,-0.5000000000000004,2,5.5,1,12.75,-1,10.0,0,0,1,15.25,25.0
2013-09-05,2013,8,-0.8660254037844384,-0.5000000000000004,3,3.0,0,10.0,-1,4.0,0,0,1,25.0,13.25
2013-09-06,2013,8,-0.8660254037844384,-0.5000000000000004,4,10.0,-1,8.75,1,9.75,0,0,1,13.25,46.0
2013-09-09,2013,8,-0.8660254037844384,-0.5000000000000004,0,7.0,1,6.75,1,12.25,1,0,0,46.0,12.0
2013-09-10,2013,8,-0.8660254037844384,-0.5000000000000004,1,4.25,-1,12.5,1,20.0,0,1,0,12.0,9.75
2013-09-11,2013,8,-0.8660254037844384,-0.5000000000000004,2,8.75,1,5.75,-1,21.25,0,1,0,9.75,13.75
2013-09-12,2013,8,-0.8660254037844384,-0.5000000000000004,3,3.75,-1,2.5,-1,7.75,0,0,1,13.75,16.25
2013-09-13,2013,8,-0.8660254037844384,-0.5000000000000004,4,3.75,1,7.0,1,4.0,0,0,1,16.25,21.0
2013-09-16,2013,8,-0.8660254037844384,-0.5000000000000004,0,4.0,1,8.75,1,25.25,0,1,0,21.0,25.75
2013-09-17,2013,8,-0.8660254037844384,-0.5000000000000004,1,6.0,1,6.5,1,7.25,0,0,1,25.75,13.75
2013-09-18,2013,8,-0.8660254037844384,-0.5000000000000004,2,5.5,1,5.25,1,4.5,0,0,1,13.75,6.5
2013-09-19,2013,8,-0.8660254037844384,-0.5000000000000004,3,3.5,-1,4.75,1,9.0,0,0,1,6.5,13.0
2013-09-20,2013,8,-0.8660254037844384,-0.5000000000000004,4,2.5,-1,6.5,1,6.75,1,0,0,13.0,10.5
2013-09-23,2013,8,-0.8660254037844384,-0.5000000000000004,0,8.0,1,9.75,1,16.0,0,1,0,10.5,33.25
2013-09-24,2013,8,-0.8660254037844384,-0.5000000000000004,1,5.0,-1,6.5,1,10.25,0,0,1,33.25,24.0
2013-09-25,2013,8,-0.8660254037844384,-0.5000000000000004,2,4.5,1,11.75,-1,0.75,0,0,1,24.0,20.0
2013-09-26,2013,8,-0.8660254037844384,-0.5000000000000004,3,7.25,1,8.0,-1,13.75,0,0,1,20.0,20.25
2013-09-27,2013,8,-0.8660254037844384,-0.5000000000000004,4,3.25,-1,8.75,-1,18.25,0,1,0,20.25,21.25
2013-09-30,2013,8,-0.8660254037844384,-0.5000000000000004,0,9.5,0,7.25,-1,35.25,0,1,0,21.25,38.0
2013-10-01,2013,9,-1.0,-1.8369701987210297e-16,1,15.5,1,10.75,1,5.75,0,0,1,38.0,28.75
2013-10-02,2013,9,-1.0,-1.8369701987210297e-16,2,6.5,-1,18.0,-1,22.0,0,1,0,28.75,16.5
2013-10-03,2013,9,-1.0,-1.8369701987210297e-16,3,12.0,1,7.75,-1,1.75,0,0,1,16.5,37.5
2013-10-04,2013,9,-1.0,-1.8369701987210297e-16,4,8.0,-1,11.25,1,3.25,0,1,0,37.5,24.25
2013-10-07,2013,9,-1.0,-1.8369701987210297e-16,0,7.75,-1,18.75,-1,31.0,1,0,0,24.25,28.0
2013-10-08,2013,9,-1.0,-1.8369701987210297e-16,1,9.25,1,7.75,-1,1.25,1,0,0,28.0,39.25
2013-10-09,2013,9,-1.0,-1.8369701987210297e-16,2,5.25,-1,8.25,1,3.5,0,1,0,39.25,29.75
2013-10-10,2013,9,-1.0,-1.8369701987210297e-16,3,6.25,1,15.25,1,35.0,0,0,1,29.75,22.25
2013-10-11,2013,9,-1.0,-1.8369701987210297e-16,4,13.75,1,9.0,1,2.25,0,0,1,22.25,22.25
2013-10-14,2013,9,-1.0,-1.8369701987210297e-16,0,9.75,-1,10.25,1,21.0,1,0,0,22.25,18.0
2013-10-15,2013,9,-1.0,-1.8369701987210297e-16,1,7.5,-1,6.75,1,4.0,0,1,0,18.0,17.5
2013-10-16,2013,9,-1.0,-1.8369701987210297e-16,2,14.25,-1,10.0,-1,9.5,0,1,0,17.5,22.5
2013-10-17,2013,9,-1.0,-1.8369701987210297e-16,3,8.25,-1,10.5,0,7.0,0,0,1,22.5,17.75
2013-10-18,2013,9,-1.0,-1.8369701987210297e-16,4,4.75,-1,9.0,-1,18.0,1,0,0,17.75,20.75
2013-10-21,2013,9,-1.0,-1.8369701987210297e-16,0,5.0,1,8.75,-1,10.0,0,0,1,20.75,15.5
2013-10-22,2013,9,-1.0,-1.8369701987210297e-16,1,3.5,-1,4.75,1,9.75,0,0,1,15.5,39.25
2013-10-23,2013,9,-1.0,-1.8369701987210297e-16,2,10.5,-1,11.0,-1,16.0,0,1,0,39.25,26.75
2013-10-24,2013,9,-1.0,-1.8369701987210297e-16,3,8.0,1,11.75,-1,1.5,0,0,1,26.75,14.25
2013-10-25,2013,9,-1.0,-1.8369701987210297e-16,4,6.75,-1,5.75,1,13.5,0,0,1,14.25,18.25
2013-10-28,2013,9,-1.0,-1.8369701987210297e-16,0,9.5,1,7.25,-1,1.75,0,0,1,18.25,17.25
2013-10-29,2013,9,-1.0,-1.8369701987210297e-16,1,9.25,1,12.25,1,3.25,0,0,1,17.25,23.25
2013-10-30,2013,9,-1.0,-1.8369701987210297e-16,2,5.75,1,8.25,1,10.75,0,0,1,23.25,16.25
2013-10-31,2013,9,-1.0,-1.8369701987210297e-16,3,7.25,-1,9.0,1,20.5,0,0,1,16.25,25.0
2013-11-01,2013,10,-0.8660254037844386,0.5,4,5.0,-1,7.0,1,7.5,0,0,1,25.0,19.25
2013-11-04,2013,10,-0.8660254037844386,0.5,0,7.5,1,8.0,1,16.0,0,1,0,19.25,18.25
2013-11-05,2013,10,-0.8660254037844386,0.5,1,4.25,-1,13.5,-1,12.25,0,0,1,18.25,22.5
2013-11-06,2013,10,-0.8660254037844386,0.5,2,15.75,1,6.5,-1,15.5,0,1,0,22.5,23.25
2013-11-07,2013,10,-0.8660254037844386,0.5,3,4.75,1,6.0,-1,3.75,0,0,1,23.25,47.5
2013-11-08,2013,10,-0.8660254037844386,0.5,4,4.25,1,10.5,1,9.25,0,0,1,47.5,30.25
2013-11-11,2013,10,-0.8660254037844386,0.5,0,4.5,-1,6.75,0,5.5,1,0,0,30.25,16.75
2013-11-12,2013,10,-0.8660254037844386,0.5,1,4.75,1,11.5,-1,9.0,1,0,0,16.75,22.25
2013-11-13,2013,10,-0.8660254037844386,0.5,2,15.25,-1,11.0,1,25.0,1,0,0,22.25,27.0
2013-11-14,2013,10,-0.8660254037844386,0.5,3,6.75,1,6.75,-1,9.75,0,0,1,27.0,20.0
2013-11-15,2013,10,-0.8660254037844386,0.5,4,8.25,1,4.0,1,4.0,0,1,0,20.0,10.5
2013-11-18,2013,10,-0.8660254037844386,0.5,0,4.25,1,6.5,1,1.75,0,1,0,10.5,20.5
2013-11-19,2013,10,-0.8660254037844386,0.5,1,8.75,1,10.25,-1,1.0,0,1,0,20.5,23.25
2013-11-20,2013,10,-0.8660254037844386,0.5,2,4.25,1,7.75,1,11.5,0,0,1,23.25,19.25
2013-11-21,2013,10,-0.8660254037844386,0.5,3,7.5,-1,13.25,1,14.5,0,0,1,19.25,16.0
2013-11-22,2013,10,-0.8660254037844386,0.5,4,4.25,-1,6.0,1,7.5,0,1,0,16.0,12.75
2013-11-25,2013,10,-0.8660254037844386,0.5,0,6.5,-1,5.5,1,12.5,0,0,1,12.75,16.25
2013-11-26,2013,10,-0.8660254037844386,0.5,1,5.25,1,8.5,-1,1.5,0,0,1,16.25,14.0
2013-11-27,2013,10,-0.8660254037844386,0.5,2,2.75,1,5.5,1,7.25,0,0,1,14.0,16.25
2013-12-02,2013,11,-0.5000000000000004,0.8660254037844384,0,4.0,0,8.25,-1,27.25,0,0,1,16.25,18.5
2013-12-03,2013,11,-0.5000000000000004,0.8660254037844384,1,3.5,-1,4.75,-1,4.0,1,0,0,18.5,13.5
2013-12-04,2013,11,-0.5000000000000004,0.8660254037844384,2,5.25,-1,7.5,1,10.5,0,0,1,13.5,31.25
2013-12-05,2013,11,-0.5000000000000004,0.8660254037844384,3,4.0,-1,10.5,1,3.25,0,0,1,31.25,14.75
2013-12-06,2013,11,-0.5000000000000004,0.8660254037844384,4,5.25,1,11.25,1,29.25,0,0,1,14.75,23.75
2013-12-09,2013,11,-0.5000000000000004,0.8660254037844384,0,2.25,1,5.0,-1,11.75,1,0,0,23.75,11.75
2013-12-10,2013,11,-0.5000000000000004,0.8660254037844384,1,3.0,1,4.75,1,8.5,0,1,0,11.75,13.5
2013-12-11,2013,11,-0.5000000000000004,0.8660254037844384,2,8.75,-1,7.0,-1,1.75,0,1,0,13.5,24.5
2013-12-12,2013,11,-0.5000000000000004,0.8660254037844384,3,11.75,-1,8.25,1,3.25,0,0,1,24.5,16.25
2013-12-13,2013,11,-0.5000000000000004,0.8660254037844384,4,10.5,1,6.5,1,17.5,0,0,1,16.25,20.0
2013-12-16,2013,11,-0.5000000000000004,0.8660254037844384,0,27.5,-1,20.75,1,14.25,0,1,0,20.0,23.75
2013-12-17,2013,11,-0.5000000000000004,0.8660254037844384,1,5.0,1,7.0,-1,1.25,0,0,1,23.75,13.25
2013-12-18,2013,11,-0.5000000000000004,0.8660254037844384,2,6.0,1,7.25,1,6.5,0,0,1,13.25,17.5
2013-12-19,2013,11,-0.5000000000000004,0.8660254037844384,3,5.25,-1,7.0,1,10.5,0,0,1,17.5,20.5
2013-12-20,2013,11,-0.5000000000000004,0.8660254037844384,4,5.25,1,8.25,1,5.5,0,1,0,20.5,25.5
2013-12-23,2013,11,-0.5000000000000004,0.8660254037844384,0,4.75,1,9.25,1,27.0,0,1,0,25.5,12.0
2013-12-27,2013,11,-0.5000000000000004,0.8660254037844384,4,4.5,1,5.0,-1,2.25,0,1,0,12.0,16.5
2013-12-30,2013,11,-0.5000000000000004,0.8660254037844384,0,3.25,1,3.75,-1,3.5,0,0,1,16.5,12.0
2013-12-31,2013,11,-0.5000000000000004,0.8660254037844384,1,1.5,-1,1.25,1,5.25,0,0,1,12.0,11.25
2014-01-03,2014,0,0.0,1.0,4,9.25,-1,11.5,1,0.25,0,1,0,11.25,15.25
2014-01-06,2014,0,0.0,1.0,0,9.25,-1,7.75,1,1.25,0,0,1,15.25,25.5
2014-01-07,2014,0,0.0,1.0,1,7.25,1,7.75,1,17.0,0,0,1,25.5,23.25
2014-01-08,2014,0,0.0,1.0,2,5.5,1,7.0,-1,3.25,0,1,0,23.25,24.5
2014-01-09,2014,0,0.0,1.0,3,6.25,1,17.75,1,7.75,0,0,1,24.5,32.0
2014-01-10,2014,0,0.0,1.0,4,3.25,1,7.5,1,8.75,0,0,1,32.0,27.0
2014-01-13,2014,0,0.0,1.0,0,9.75,-1,6.0,1,7.5,1,0,0,27.0,14.25
2014-01-14,2014,0,0.0,1.0,1,6.25,-1,11.5,1,9.0,0,0,1,14.25,31.25
2014-01-15,2014,0,0.0,1.0,2,4.75,-1,14.0,1,13.75,0,0,1,31.25,18.5
2014-01-16,2014,0,0.0,1.0,3,4.5,-1,4.5,-1,1.25,0,0,1,18.5,13.0
2014-01-17,2014,0,0.0,1.0,4,7.5,1,5.0,1,2.25,0,0,1,13.0,14.25
2014-01-21,2014,0,0.0,1.0,1,15.75,1,9.25,-1,20.0,1,0,0,14.25,19.5
2014-01-22,2014,0,0.0,1.0,2,14.75,1,9.75,-1,8.75,1,0,0,19.5,12.5
2014-01-23,2014,0,0.0,1.0,3,24.5,-1,12.0,1,13.25,0,0,1,12.5,25.25
2014-01-24,2014,0,0.0,1.0,4,15.25,-1,16.25,-1,24.25,1,0,0,25.25,32.0
2014-01-27,2014,0,0.0,1.0,0,9.5,-1,11.5,1,5.5,0,0,1,32.0,49.0
2014-01-28,2014,0,0.0,1.0,1,12.25,1,20.0,1,22.75,0,0,1,49.0,23.0
2014-01-29,2014,0,0.0,1.0,2,5.75,1,20.0,-1,32.75,0,1,0,23.0,25.75
2014-01-30,2014,0,0.0,1.0,3,16.25,-1,16.75,-1,31.25,0,0,1,25.75,18.0
2014-01-31,2014,0,0.0,1.0,4,14.75,-1,18.25,-1,15.0,0,1,0,18.0,23.75
2014-02-03,2014,1,0.49999999999999994,0.8660254037844387,0,11.75,-1,20.0,-1,6.75,0,0,1,23.75,51.25
2014-02-04,2014,1,0.49999999999999994,0.8660254037844387,1,10.75,-1,9.25,1,20.75,0,1,0,51.25,19.25
2014-02-05,2014,1,0.49999999999999994,0.8660254037844387,2,13.5,-1,11.25,1,4.25,0,0,1,19.25,47.75
2014-02-06,2014,1,0.49999999999999994,0.8660254037844387,3,8.75,1,17.25,1,14.25,0,0,1,47.75,39.25
2014-02-07,2014,1,0.49999999999999994,0.8660254037844387,4,6.25,1,14.75,1,26.25,0,0,1,39.25,23.0
2014-02-10,2014,1,0.49999999999999994,0.8660254037844387,0,5.75,1,7.5,-1,3.5,1,0,0,23.0,19.0
2014-02-11,2014,1,0.49999999999999994,0.8660254037844387,1,8.5,1,8.0,1,6.5,0,0,1,19.0,18.25
2014-02-12,2014,1,0.49999999999999994,0.8660254037844387,2,8.0,1,7.75,1,12.0,0,1,0,18.25,15.5
2014-02-13,2014,1,0.49999999999999994,0.8660254037844387,3,12.0,-1,8.5,1,26.25,0,0,1,15.5,44.75
2014-02-14,2014,1,0.49999999999999994,0.8660254037844387,4,19.75,-1,12.75,1,1.0,0,0,1,44.75,18.0
2014-02-18,2014,1,0.49999999999999994,0.8660254037844387,1,9.0,1,14.0,-1,4.0,0,1,0,18.0,25.0
2014-02-19,2014,1,0.49999999999999994,0.8660254037844387,2,5.0,1,7.5,1,5.25,0,0,1,25.0,16.75
2014-02-20,2014,1,0.49999999999999994,0.8660254037844387,3,20.75,-1,12.25,1,0.25,0,0,1,16.75,25.25
2014-02-21,2014,1,0.49999999999999994,0.8660254037844387,4,10.75,1,10.75,-1,9.25,0,0,1,25.25,12.25
2014-02-24,2014,1,0.49999999999999994,0.8660254037844387,0,18.5,-1,12.5,1,7.5,1,0,0,12.25,27.75
2014-02-25,2014,1,0.49999999999999994,0.8660254037844387,1,5.25,-1,6.75,-1,0.75,0,0,1,27.75,23.75
2014-02-26,2014,1,0.49999999999999994,0.8660254037844387,2,8.5,1,7.5,-1,2.75,0,0,1,23.75,22.5
2014-02-27,2014,1,0.49999999999999994,0.8660254037844387,3,9.25,1,17.75,-1,3.0,0,0,1,22.5,17.5
2014-02-28,2014,1,0.49999999999999994,0.8660254037844387,4,9.25,-1,11.0,-1,2.25,0,0,1,17.5,24.0
2014-03-03,2014,2,0.8660254037844386,0.5000000000000001,0,17.25,1,12.25,-1,36.5,0,0,1,24.0,26.25
2014-03-04,2014,2,0.8660254037844386,0.5000000000000001,1,7.5,1,11.25,1,40.0,1,0,0,26.25,14.25
2014-03-05,2014,2,0.8660254037844386,0.5000000000000001,2,5.5,1,8.25,1,5.0,0,0,1,14.25,14.5
2014-03-06,2014,2,0.8660254037844386,0.5000000000000001,3,6.0,1,3.5,1,5.75,0,0,1,14.5,12.5
2014-03-07,2014,2,0.8660254037844386,0.5000000000000001,4,5.0,1,9.25,-1,12.75,0,0,1,12.5,41.25
2014-03-10,2014,2,0.8660254037844386,0.5000000000000001,0,8.75,-1,17.25,1,2.25,1,0,0,41.25,26.0
2014-03-11,2014,2,0.8660254037844386,0.5000000000000001,1,6.0,1,5.25,1,8.75,0,0,1,26.0,24.0
2014-03-12,2014,2,0.8660254037844386,0.5000000000000001,2,6.75,1,11.25,1,13.0,0,1,0,24.0,33.25
2014-03-13,2014,2,0.8660254037844386,0.5000000000000001,3,9.75,1,8.25,-1,6.0,0,0,1,33.25,26.5
2014-03-14,2014,2,0.8660254037844386,0.5000000000000001,4,7.5,1,11.0,1,9.75,0,0,1,26.5,23.5
2014-03-17,2014,2,0.8660254037844386,0.5000000000000001,0,9.25,1,26.0,1,23.75,0,1,0,23.5,30.25
2014-03-18,2014,2,0.8660254037844386,0.5000000000000001,1,10.75,1,12.75,-1,4.75,0,0,1,30.25,33.25
2014-03-19,2014,2,0.8660254037844386,0.5000000000000001,2,6.0,-1,8.5,1,3.25,0,1,0,33.25,17.5
2014-03-20,2014,2,0.8660254037844386,0.5000000000000001,3,15.5,-1,13.0,1,9.0,0,0,1,17.5,32.5
2014-03-21,2014,2,0.8660254037844386,0.5000000000000001,4,5.75,1,12.25,1,15.75,1,0,0,32.5,52.75
2014-03-24,2014,2,0.8660254037844386,0.5000000000000001,0,11.75,-1,16.25,1,14.75,0,1,0,52.75,69.5
2014-03-25,2014,2,0.8660254037844386,0.5000000000000001,1,8.75,1,11.5,-1,16.75,0,0,1,69.5,46.25
2014-03-26,2014,2,0.8660254037844386,0.5000000000000001,2,5.5,-1,5.25,1,15.75,0,0,1,46.25,30.0
2014-03-27,2014,2,0.8660254037844386,0.5000000000000001,3,8.0,0,7.0,0,2.0,0,0,1,30.0,50.0
2014-03-28,2014,2,0.8660254037844386,0.5000000000000001,4,7.75,1,12.0,1,9.0,0,1,0,50.0,41.0
2014-03-31,2014,2,0.8660254037844386,0.5000000000000001,0,7.75,-1,6.5,-1,24.75,0,0,1,41.0,26.5
2014-04-01,2014,3,1.0,6.123233995736766e-17,1,9.25,1,6.25,1,23.5,0,0,1,26.5,40.25
2014-04-02,2014,3,1.0,6.123233995736766e-17,2,14.5,1,7.0,1,13.75,0,1,0,40.25,23.5
2014-04-03,2014,3,1.0,6.123233995736766e-17,3,4.5,1,8.25,1,6.0,0,0,1,23.5,24.0
2014-04-04,2014,3,1.0,6.123233995736766e-17,4,5.5,1,5.25,-1,20.5,0,0,1,24.0,64.5
2014-04-07,2014,3,1.0,6.123233995736766e-17,0,9.0,1,19.75,-1,26.75,1,0,0,64.5,43.75
2014-04-08,2014,3,1.0,6.123233995736766e-17,1,8.5,1,9.0,-1,3.5,0,0,1,43.75,37.0
2014-04-09,2014,3,1.0,6.123233995736766e-17,2,6.75,-1,14.25,1,15.25,0,1,0,37.0,22.0
2014-04-10,2014,3,1.0,6.123233995736766e-17,3,9.0,-1,8.75,-1,1.75,0,0,1,22.0,51.5
2014-04-11,2014,3,1.0,6.123233995736766e-17,4,6.5,1,11.75,-1,31.5,0,0,1,51.5,53.0
2014-04-14,2014,3,1.0,6.123233995736766e-17,0,11.25,1,12.5,-1,25.5,0,0,1,53.0,37.25
2014-04-15,2014,3,1.0,6.123233995736766e-17,1,5.25,1,10.0,-1,7.25,0,0,1,37.25,62.25
2014-04-16,2014,3,1.0,6.123233995736766e-17,2,13.5,1,9.0,1,18.0,0,0,1,62.25,31.75
2014-04-17,2014,3,1.0,6.123233995736766e-17,3,12.0,-1,7.75,1,8.5,0,0,1,31.75,31.25
2014-04-21,2014,3,1.0,6.123233995736766e-17,0,5.5,-1,1.5,-1,10.0,1,0,0,31.25,29.75
2014-04-22,2014,3,1.0,6.123233995736766e-17,1,4.5,0,11.5,1,11.0,0,0,1,29.75,21.25
2014-04-23,2014,3,1.0,6.123233995736766e-17,2,6.25,-1,6.0,1,4.25,0,0,1,21.25,29.75
2014-04-24,2014,3,1.0,6.123233995736766e-17,3,4.75,-1,10.25,1,52.75,0,0,1,29.75,64.25
2014-04-25,2014,3,1.0,6.123233995736766e-17,4,6.5,-1,11.0,-1,23.75,0,1,0,64.25,42.75
2014-04-28,2014,3,1.0,6.123233995736766e-17,0,6.75,-1,18.0,1,10.25,0,0,1,42.75,41.75
2014-04-29,2014,3,1.0,6.123233995736766e-17,1,7.75,1,8.25,1,6.25,0,0,1,41.75,30.0
2014-04-30,2014,3,1.0,6.123233995736766e-17,2,5.0,-1,7.5,1,15.5,0,0,1,30.0,31.25
2014-05-01,2014,4,0.8660254037844388,-0.4999999999999998,3,6.25,-1,10.0,1,4.25,0,0,1,31.25,27.25
2014-05-02,2014,4,0.8660254037844388,-0.4999999999999998,4,3.25,-1,5.5,1,9.75,0,0,1,27.25,34.25
2014-05-05,2014,4,0.8660254037844388,-0.4999999999999998,0,10.25,-1,16.5,-1,23.0,0,0,1,34.25,44.5
2014-05-06,2014,4,0.8660254037844388,-0.4999999999999998,1,4.0,1,9.0,1,0.75,0,0,1,44.5,17.25
2014-05-07,2014,4,0.8660254037844388,-0.4999999999999998,2,6.25,-1,9.0,1,6.5,0,0,1,17.25,63.5
2014-05-08,2014,4,0.8660254037844388,-0.4999999999999998,3,11.75,1,6.25,1,12.5,0,0,1,63.5,56.5
2014-05-09,2014,4,0.8660254037844388,-0.4999999999999998,4,7.75,1,11.75,-1,4.5,0,0,1,56.5,31.75
2014-05-12,2014,4,0.8660254037844388,-0.4999999999999998,0,6.25,1,5.5,0,21.5,1,0,0,31.75,32.5
2014-05-13,2014,4,0.8660254037844388,-0.4999999999999998,1,3.75,1,4.75,1,3.25,0,0,1,32.5,20.0
2014-05-14,2014,4,0.8660254037844388,-0.4999999999999998,2,6.75,1,8.75,-1,8.75,0,0,1,20.0,17.75
2014-05-15,2014,4,0.8660254037844388,-0.4999999999999998,3,6.5,1,15.25,-1,5.25,0,0,1,17.75,51.25
2014-05-16,2014,4,0.8660254037844388,-0.4999999999999998,4,6.75,-1,8.5,1,4.5,0,0,1,51.25,25.0
2014-05-19,2014,4,0.8660254037844388,-0.4999999999999998,0,5.0,-1,15.75,-1,6.25,1,0,0,25.0,34.5
2014-05-20,2014,4,0.8660254037844388,-0.4999999999999998,1,8.0,1,13.75,-1,1.25,1,0,0,34.5,18.75
2014-05-21,2014,4,0.8660254037844388,-0.4999999999999998,2,7.0,1,13.75,1,8.5,0,1,0,18.75,24.25
2014-05-22,2014,4,0.8660254037844388,-0.4999999999999998,3,13.75,1,7.5,-1,4.0,0,0,1,24.25,19.25
2014-05-23,2014,4,0.8660254037844388,-0.4999999999999998,4,4.5,1,6.25,1,4.75,0,0,1,19.25,14.5
2014-05-27,2014,4,0.8660254037844388,-0.4999999999999998,1,2.5,0,8.0,1,17.5,0,0,1,14.5,18.0
2014-05-28,2014,4,0.8660254037844388,-0.4999999999999998,2,4.5,1,7.75,-1,0.75,1,0,0,18.0,16.0
2014-05-29,2014,4,0.8660254037844388,-0.4999999999999998,3,6.25,1,5.0,-1,7.5,0,0,1,16.0,11.75
2014-05-30,2014,4,0.8660254037844388,-0.4999999999999998,4,6.0,-1,5.75,1,0.75,0,1,0,11.75,12.0
2014-06-02,2014,5,0.49999999999999994,-0.8660254037844387,0,8.25,1,5.25,-1,8.75,0,0,1,12.0,32.75
2014-06-03,2014,5,0.49999999999999994,-0.8660254037844387,1,4.25,1,5.25,-1,10.0,0,1,0,32.75,21.75
2014-06-04,2014,5,0.49999999999999994,-0.8660254037844387,2,5.75,-1,9.0,-1,10.5,0,0,1,21.75,23.5
2014-06-05,2014,5,0.49999999999999994,-0.8660254037844387,3,3.0,-1,4.75,-1,2.75,0,0,1,23.5,21.0
2014-06-06,2014,5,0.49999999999999994,-0.8660254037844387,4,7.75,1,6.25,-1,13.5,0,0,1,21.0,10.0
2014-06-09,2014,5,0.49999999999999994,-0.8660254037844387,0,3.25,-1,4.25,1,0.5,1,0,0,10.0,11.25
2014-06-10,2014,5,0.49999999999999994,-0.8660254037844387,1,4.5,-1,5.0,-1,3.25,0,1,0,11.25,15.0
2014-06-11,2014,5,0.49999999999999994,-0.8660254037844387,2,2.25,0,4.5,-1,13.25,0,1,0,15.0,18.25
2014-06-12,2014,5,0.49999999999999994,-0.8660254037844387,3,9.5,0,5.0,1,14.25,0,0,1,18.25,20.0
2014-06-13,2014,5,0.49999999999999994,-0.8660254037844387,4,7.0,1,9.25,-1,10.75,0,0,1,20.0,24.5
2014-06-16,2014,5,0.49999999999999994,-0.8660254037844387,0,9.5,-1,7.5,1,6.5,0,1,0,24.5,24.75
2014-06-17,2014,5,0.49999999999999994,-0.8660254037844387,1,4.75,1,11.25,1,2.5,0,0,1,24.75,22.0
2014-06-18,2014,5,0.49999999999999994,-0.8660254037844387,2,5.25,1,7.5,1,5.0,0,1,0,22.0,14.75
2014-06-19,2014,5,0.49999999999999994,-0.8660254037844387,3,5.5,1,5.5,1,3.75,0,0,1,14.75,18.25
2014-06-20,2014,5,0.49999999999999994,-0.8660254037844387,4,3.5,1,5.25,1,4.25,1,0,0,18.25,14.0
2014-06-23,2014,5,0.49999999999999994,-0.8660254037844387,0,14.25,1,17.0,-1,0.5,0,0,1,14.0,11.0
2014-06-24,2014,5,0.49999999999999994,-0.8660254037844387,1,4.75,-1,7.0,-1,1.25,0,0,1,11.0,31.25
2014-06-25,2014,5,0.49999999999999994,-0.8660254037844387,2,8.0,-1,9.75,1,10.75,0,0,1,31.25,19.5
2014-06-26,2014,5,0.49999999999999994,-0.8660254037844387,3,4.5,1,6.0,-1,4.25,0,0,1,19.5,30.75
2014-06-27,2014,5,0.49999999999999994,-0.8660254037844387,4,12.0,-1,8.5,1,6.0,0,1,0,30.75,11.75
2014-06-30,2014,5,0.49999999999999994,-0.8660254037844387,0,4.25,1,4.75,-1,1.5,0,0,1,11.75,14.25
2014-07-01,2014,6,1.2246467991473532e-16,-1.0,1,2.5,1,2.25,1,6.0,0,0,1,14.25,29.0
2014-07-02,2014,6,1.2246467991473532e-16,-1.0,2,3.25,1,4.25,1,0.5,0,0,1,29.0,9.75
2014-07-07,2014,6,1.2246467991473532e-16,-1.0,0,3.0,-1,5.0,-1,21.0,1,0,0,9.75,13.0
2014-07-08,2014,6,1.2246467991473532e-16,-1.0,1,3.5,1,5.75,-1,7.25,0,1,0,13.0,44.25
2014-07-09,2014,6,1.2246467991473532e-16,-1.0,2,4.0,-1,5.5,-1,3.75,0,1,0,44.25,25.0
2014-07-10,2014,6,1.2246467991473532e-16,-1.0,3,6.0,-1,22.75,-1,48.5,0,0,1,25.0,36.0
2014-07-11,2014,6,1.2246467991473532e-16,-1.0,4,6.25,1,14.75,1,7.75,1,0,0,36.0,18.75
2014-07-14,2014,6,1.2246467991473532e-16,-1.0,0,4.25,1,13.5,1,17.75,1,0,0,18.75,16.5
2014-07-15,2014,6,1.2246467991473532e-16,-1.0,1,3.75,1,6.0,-1,7.0,0,0,1,16.5,37.5
2014-07-16,2014,6,1.2246467991473532e-16,-1.0,2,4.0,-1,14.0,1,24.25,0,0,1,37.5,16.75
2014-07-17,2014,6,1.2246467991473532e-16,-1.0,3,7.25,-1,10.0,0,10.0,0,0,1,16.75,15.25
2014-07-18,2014,6,1.2246467991473532e-16,-1.0,4,10.25,1,10.5,1,17.75,0,0,1,15.25,20.75
2014-07-21,2014,6,1.2246467991473532e-16,-1.0,0,4.0,-1,8.75,-1,5.0,1,0,0,20.75,20.25
2014-07-22,2014,6,1.2246467991473532e-16,-1.0,1,7.0,1,7.25,1,20.5,0,0,1,20.25,17.25
2014-07-23,2014,6,1.2246467991473532e-16,-1.0,2,5.75,1,9.5,1,16.25,0,1,0,17.25,23.25
2014-07-24,2014,6,1.2246467991473532e-16,-1.0,3,10.25,-1,16.25,1,9.0,0,0,1,23.25,21.75
2014-07-25,2014,6,1.2246467991473532e-16,-1.0,4,3.75,1,4.25,-1,18.5,0,0,1,21.75,19.0
2014-07-28,2014,6,1.2246467991473532e-16,-1.0,0,6.0,1,13.0,-1,5.75,0,0,1,19.0,34.25
2014-07-29,2014,6,1.2246467991473532e-16,-1.0,1,7.0,-1,13.25,-1,8.0,0,0,1,34.25,15.5
2014-07-30,2014,6,1.2246467991473532e-16,-1.0,2,5.25,1,9.5,-1,22.25,0,0,1,15.5,27.5
2014-07-31,2014,6,1.2246467991473532e-16,-1.0,3,7.0,-1,35.75,-1,32.5,0,0,1,27.5,39.25
2014-08-01,2014,7,-0.4999999999999998,-0.8660254037844388,4,4.75,1,29.75,-1,16.75,0,0,1,39.25,27.25
2014-08-04,2014,7,-0.4999999999999998,-0.8660254037844388,0,7.75,1,11.25,-1,10.75,1,0,0,27.25,27.25
2014-08-05,2014,7,-0.4999999999999998,-0.8660254037844388,1,6.75,-1,12.0,1,12.0,0,0,1,27.25,25.5
2014-08-06,2014,7,-0.4999999999999998,-0.8660254037844388,2,9.0,-1,14.5,-1,26.25,0,0,1,25.5,41.0
2014-08-07,2014,7,-0.4999999999999998,-0.8660254037844388,3,9.75,-1,15.25,1,15.0,0,0,1,41.0,23.75
2014-08-08,2014,7,-0.4999999999999998,-0.8660254037844388,4,28.75,-1,16.0,1,4.5,0,1,0,23.75,21.25
2014-08-11,2014,7,-0.4999999999999998,-0.8660254037844388,0,7.75,0,10.25,1,22.75,1,0,0,21.25,19.5
2014-08-12,2014,7,-0.4999999999999998,-0.8660254037844388,1,6.0,1,8.5,1,3.25,0,1,0,19.5,17.5
2014-08-13,2014,7,-0.4999999999999998,-0.8660254037844388,2,5.75,1,11.75,1,16.25,0,0,1,17.5,17.0
2014-08-14,2014,7,-0.4999999999999998,-0.8660254037844388,3,5.75,1,7.75,-1,4.0,0,0,1,17.0,10.75
2014-08-15,2014,7,-0.4999999999999998,-0.8660254037844388,4,3.75,1,10.5,1,19.0,0,0,1,10.75,36.25
2014-08-18,2014,7,-0.4999999999999998,-0.8660254037844388,0,6.5,-1,9.5,1,19.0,0,1,0,36.25,17.5
2014-08-19,2014,7,-0.4999999999999998,-0.8660254037844388,1,3.25,1,6.25,-1,11.0,0,0,1,17.5,7.5
2014-08-20,2014,7,-0.4999999999999998,-0.8660254037844388,2,5.5,-1,6.0,-1,0.75,0,1,0,7.5,9.5
2014-08-21,2014,7,-0.4999999999999998,-0.8660254037844388,3,6.75,-1,12.25,1,1.0,0,0,1,9.5,14.0
2014-08-22,2014,7,-0.4999999999999998,-0.8660254037844388,4,5.75,1,4.0,-1,1.0,0,0,1,14.0,21.25
2014-08-25,2014,7,-0.4999999999999998,-0.8660254037844388,0,14.5,1,8.5,-1,15.5,0,0,1,21.25,8.5
2014-08-26,2014,7,-0.4999999999999998,-0.8660254037844388,1,4.75,-1,6.0,1,8.5,0,0,1,8.5,12.0
2014-08-27,2014,7,-0.4999999999999998,-0.8660254037844388,2,3.0,-1,5.0,1,0.25,0,1,0,12.0,11.25
2014-08-28,2014,7,-0.4999999999999998,-0.8660254037844388,3,2.5,-1,7.5,-1,13.5,0,0,1,11.25,12.75
2014-08-29,2014,7,-0.4999999999999998,-0.8660254037844388,4,3.25,-1,12.5,1,6.5,0,0,1,12.75,18.25
2014-09-02,2014,8,-0.8660254037844384,-0.5000000000000004,1,6.75,1,7.0,1,12.75,0,0,1,18.25,12.25
2014-09-03,2014,8,-0.8660254037844384,-0.5000000000000004,2,4.75,1,17.0,1,13.0,0,1,0,12.25,21.25
2014-09-04,2014,8,-0.8660254037844384,-0.5000000000000004,3,3.5,1,16.75,-1,9.0,0,0,1,21.25,26.25
2014-09-05,2014,8,-0.8660254037844384,-0.5000000000000004,4,7.75,-1,11.25,-1,5.0,0,0,1,26.25,22.5
2014-09-08,2014,8,-0.8660254037844384,-0.5000000000000004,0,4.25,-1,4.0,-1,0.5,0,1,0,22.5,18.25
2014-09-09,2014,8,-0.8660254037844384,-0.5000000000000004,1,7.5,-1,9.75,1,0.0,0,1,0,18.25,16.25
2014-09-10,2014,8,-0.8660254037844384,-0.5000000000000004,2,7.5,-1,6.25,1,0.75,0,1,0,16.25,19.0
2014-09-11,2014,8,-0.8660254037844384,-0.5000000000000004,3,5.5,1,12.5,-1,24.0,0,0,1,19.0,23.0
2014-09-12,2014,8,-0.8660254037844384,-0.5000000000000004,4,3.0,1,6.5,-1,3.75,0,0,1,23.0,22.0
2014-09-15,2014,8,-0.8660254037844384,-0.5000000000000004,0,4.0,1,10.25,1,4.25,0,1,0,22.0,45.5
2014-09-16,2014,8,-0.8660254037844384,-0.5000000000000004,1,3.75,-1,12.5,-1,17.25,0,0,1,45.5,29.5
2014-09-17,2014,8,-0.8660254037844384,-0.5000000000000004,2,5.25,-1,5.5,1,0.25,0,0,1,29.5,14.75
2014-09-18,2014,8,-0.8660254037844384,-0.5000000000000004,3,3.75,-1,11.75,1,11.75,0,0,1,14.75,19.5
2014-09-19,2014,8,-0.8660254037844384,-0.5000000000000004,4,16.0,1,8.0,0,15.25,1,0,0,19.5,15.75
2014-09-22,2014,8,-0.8660254037844384,-0.5000000000000004,0,23.0,-1,8.75,-1,9.0,0,0,1,15.75,37.0
2014-09-23,2014,8,-0.8660254037844384,-0.5000000000000004,1,5.75,1,20.25,-1,14.25,0,1,0,37.0,26.75
2014-09-24,2014,8,-0.8660254037844384,-0.5000000000000004,2,5.5,1,9.25,-1,9.0,0,0,1,26.75,25.5
2014-09-25,2014,8,-0.8660254037844384,-0.5000000000000004,3,4.5,-1,8.5,-1,12.5,0,0,1,25.5,68.75
2014-09-26,2014,8,-0.8660254037844384,-0.5000000000000004,4,3.25,-1,11.75,-1,7.5,0,0,1,68.75,18.25
2014-09-29,2014,8,-0.8660254037844384,-0.5000000000000004,0,16.25,-1,13.25,-1,44.5,0,1,0,18.25,41.75
2014-09-30,2014,8,-0.8660254037844384,-0.5000000000000004,1,5.75,1,10.5,1,13.25,0,0,1,41.75,33.5
2014-10-01,2014,9,-1.0,-1.8369701987210297e-16,2,12.75,1,11.75,1,9.25,0,0,1,33.5,44.5
2014-10-02,2014,9,-1.0,-1.8369701987210297e-16,3,6.25,1,16.75,-1,6.0,0,0,1,44.5,37.75
2014-10-03,2014,9,-1.0,-1.8369701987210297e-16,4,9.0,1,10.0,1,23.25,0,0,1,37.75,39.5
2014-10-06,2014,9,-1.0,-1.8369701987210297e-16,0,7.25,1,12.25,1,12.75,1,0,0,39.5,29.5
2014-10-07,2014,9,-1.0,-1.8369701987210297e-16,1,7.75,1,23.75,-1,17.25,0,1,0,29.5,28.0
2014-10-08,2014,9,-1.0,-1.8369701987210297e-16,2,5.25,1,12.5,-1,0.25,0,1,0,28.0,30.5
2014-10-09,2014,9,-1.0,-1.8369701987210297e-16,3,17.0,1,16.5,1,7.25,0,0,1,30.5,29.5
2014-10-10,2014,9,-1.0,-1.8369701987210297e-16,4,16.5,1,25.0,-1,28.25,0,1,0,29.5,70.75
2014-10-13,2014,9,-1.0,-1.8369701987210297e-16,0,15.5,-1,31.0,1,6.0,1,0,0,70.75,66.5
2014-10-14,2014,9,-1.0,-1.8369701987210297e-16,1,15.5,1,18.75,-1,29.5,1,0,0,66.5,46.5
2014-10-15,2014,9,-1.0,-1.8369701987210297e-16,2,26.25,-1,22.25,-1,66.75,0,0,1,46.5,53.5
2014-10-16,2014,9,-1.0,-1.8369701987210297e-16,3,12.75,1,29.0,-1,51.75,0,0,1,53.5,60.75
2014-10-17,2014,9,-1.0,-1.8369701987210297e-16,4,20.25,-1,45.75,1,60.75,0,0,1,60.75,42.75
2014-10-20,2014,9,-1.0,-1.8369701987210297e-16,0,9.25,1,22.25,-1,1.0,0,1,0,42.75,41.75
2014-10-21,2014,9,-1.0,-1.8369701987210297e-16,1,14.5,-1,32.5,1,40.5,0,1,0,41.75,26.0
2014-10-22,2014,9,-1.0,-1.8369701987210297e-16,2,4.75,1,13.75,-1,1.75,0,0,1,26.0,24.0
2014-10-23,2014,9,-1.0,-1.8369701987210297e-16,3,12.5,-1,32.0,1,31.0,0,0,1,24.0,33.75
2014-10-24,2014,9,-1.0,-1.8369701987210297e-16,4,30.0,-1,13.5,1,2.25,0,0,1,33.75,26.25
2014-10-27,2014,9,-1.0,-1.8369701987210297e-16,0,9.25,-1,15.25,-1,10.0,0,1,0,26.25,31.75
2014-10-28,2014,9,-1.0,-1.8369701987210297e-16,1,7.5,1,18.5,1,16.75,0,0,1,31.75,23.25
2014-10-29,2014,9,-1.0,-1.8369701987210297e-16,2,7.5,1,8.25,1,9.25,0,1,0,23.25,16.75
2014-10-30,2014,9,-1.0,-1.8369701987210297e-16,3,8.0,1,10.75,1,8.0,0,0,1,16.75,26.75
2014-10-31,2014,9,-1.0,-1.8369701987210297e-16,4,12.5,1,24.5,1,70.25,0,1,0,26.75,26.5
2014-11-03,2014,10,-0.8660254037844386,0.5,0,7.75,-1,8.5,-1,10.75,0,0,1,26.5,22.75
2014-11-04,2014,10,-0.8660254037844386,0.5,1,13.5,1,14.25,1,9.0,0,0,1,22.75,31.75
2014-11-05,2014,10,-0.8660254037844386,0.5,2,15.0,1,14.0,1,31.5,0,0,1,31.75,38.5
2014-11-06,2014,10,-0.8660254037844386,0.5,3,13.0,-1,8.75,-1,3.0,0,0,1,38.5,23.75
2014-11-07,2014,10,-0.8660254037844386,0.5,4,9.0,1,9.0,-1,5.5,0,0,1,23.75,34.5
2014-11-10,2014,10,-0.8660254037844386,0.5,0,6.75,1,16.75,-1,9.75,1,0,0,34.5,26.0
2014-11-11,2014,10,-0.8660254037844386,0.5,1,13.25,1,6.5,1,3.5,1,0,0,26.0,18.25
2014-11-12,2014,10,-0.8660254037844386,0.5,2,5.5,-1,11.25,-1,14.25,1,0,0,18.25,15.25
2014-11-13,2014,10,-0.8660254037844386,0.5,3,7.75,1,8.75,-1,4.75,0,0,1,15.25,27.25
2014-11-14,2014,10,-0.8660254037844386,0.5,4,7.5,1,12.75,1,7.0,0,0,1,27.25,23.25
2014-11-17,2014,10,-0.8660254037844386,0.5,0,13.5,-1,14.5,1,9.25,0,1,0,23.25,20.0
2014-11-18,2014,10,-0.8660254037844386,0.5,1,3.75,-1,11.25,-1,2.5,0,0,1,20.0,25.0
2014-11-19,2014,10,-0.8660254037844386,0.5,2,6.0,-1,5.5,1,0.75,0,0,1,25.0,31.0
2014-11-20,2014,10,-0.8660254037844386,0.5,3,6.5,-1,18.0,-1,17.75,0,0,1,31.0,36.25
2014-11-21,2014,10,-0.8660254037844386,0.5,4,9.0,1,10.5,1,34.75,1,0,0,36.25,28.25
2014-11-24,2014,10,-0.8660254037844386,0.5,0,4.5,1,12.0,1,13.0,1,0,0,28.25,19.0
2014-11-25,2014,10,-0.8660254037844386,0.5,1,5.5,-1,11.5,1,9.0,0,0,1,19.0,24.0
2014-11-26,2014,10,-0.8660254037844386,0.5,2,7.75,1,8.0,1,2.0,0,0,1,24.0,16.25
2014-12-01,2014,11,-0.5000000000000004,0.8660254037844384,0,10.75,-1,15.25,1,9.25,0,0,1,16.25,61.25
2014-12-02,2014,11,-0.5000000000000004,0.8660254037844384,1,5.25,1,13.25,1,8.0,0,1,0,61.25,20.75
2014-12-03,2014,11,-0.5000000000000004,0.8660254037844384,2,7.0,-1,6.5,0,7.0,0,0,1,20.75,31.0
2014-12-04,2014,11,-0.5000000000000004,0.8660254037844384,3,4.25,1,7.0,-1,0.0,0,0,1,31.0,22.5
2014-12-05,2014,11,-0.5000000000000004,0.8660254037844384,4,2.25,-1,11.0,1,4.25,0,0,1,22.5,17.0
2014-12-08,2014,11,-0.5000000000000004,0.8660254037844384,0,4.5,1,18.25,-1,13.25,1,0,0,17.0,24.75
2014-12-09,2014,11,-0.5000000000000004,0.8660254037844384,1,15.75,-1,9.5,-1,49.0,0,1,0,24.75,28.5
2014-12-10,2014,11,-0.5000000000000004,0.8660254037844384,2,11.0,-1,11.25,-1,1.5,0,1,0,28.5,35.75
2014-12-11,2014,11,-0.5000000000000004,0.8660254037844384,3,8.75,1,10.75,1,7.75,0,0,1,35.75,54.25
2014-12-12,2014,11,-0.5000000000000004,0.8660254037844384,4,14.25,-1,42.0,-1,30.25,0,0,1,54.25,52.5
2014-12-15,2014,11,-0.5000000000000004,0.8660254037844384,0,14.0,1,30.0,1,32.0,0,1,0,52.5,57.5
2014-12-16,2014,11,-0.5000000000000004,0.8660254037844384,1,8.75,1,25.0,1,28.5,0,0,1,57.5,42.75
2014-12-17,2014,11,-0.5000000000000004,0.8660254037844384,2,16.5,-1,13.5,1,5.25,0,0,1,42.75,28.75
2014-12-18,2014,11,-0.5000000000000004,0.8660254037844384,3,13.75,-1,52.25,1,60.5,0,0,1,28.75,33.25
2014-12-19,2014,11,-0.5000000000000004,0.8660254037844384,4,23.25,1,8.0,1,1.25,1,0,0,33.25,30.0
2014-12-22,2014,11,-0.5000000000000004,0.8660254037844384,0,7.75,1,15.75,1,2.0,0,1,0,30.0,21.25
2014-12-23,2014,11,-0.5000000000000004,0.8660254037844384,1,5.0,1,10.5,-1,18.75,0,0,1,21.25,37.25
2014-12-26,2014,11,-0.5000000000000004,0.8660254037844384,4,3.75,1,4.5,1,15.5,1,0,0,37.25,12.25
2014-12-29,2014,11,-0.5000000000000004,0.8660254037844384,0,5.25,1,14.0,-1,3.25,1,0,0,12.25,11.25
2014-12-30,2014,11,-0.5000000000000004,0.8660254037844384,1,4.25,-1,8.75,-1,16.5,0,0,1,11.25,18.75
2014-12-31,2014,11,-0.5000000000000004,0.8660254037844384,2,8.0,1,7.5,-1,3.0,0,0,1,18.75,20.75
2015-01-02,2015,0,0.0,1.0,4,9.25,1,15.75,-1,17.75,0,0,1,20.75,62.25
2015-01-05,2015,0,0.0,1.0,0,20.5,1,15.25,-1,12.25,1,0,0,62.25,36.25
2015-01-06,2015,0,0.0,1.0,1,10.5,-1,18.0,-1,1.5,0,0,1,36.25,33.0
2015-01-07,2015,0,0.0,1.0,2,5.5,1,11.5,1,26.25,0,0,1,33.0,35.0
2015-01-08,2015,0,0.0,1.0,3,38.0,1,9.75,-1,36.5,0,0,1,35.0,45.5
2015-01-09,2015,0,0.0,1.0,4,6.75,-1,11.25,-1,15.75,0,0,1,45.5,51.5
2015-01-12,2015,0,0.0,1.0,0,9.0,-1,27.5,1,13.25,1,0,0,51.5,66.25
2015-01-13,2015,0,0.0,1.0,1,10.0,1,27.75,1,35.0,0,1,0,66.25,45.75
2015-01-14,2015,0,0.0,1.0,2,21.25,-1,41.75,1,40.25,0,0,1,45.75,46.25
2015-01-15,2015,0,0.0,1.0,3,12.0,1,95.75,-1,11.25,0,0,1,46.25,65.5
2015-01-16,2015,0,0.0,1.0,4,23.5,-1,34.5,-1,11.0,0,0,1,65.5,40.25
2015-01-20,2015,0,0.0,1.0,1,20.0,1,15.75,-1,21.25,0,1,0,40.25,47.5
2015-01-21,2015,0,0.0,1.0,2,18.25,1,15.0,-1,15.25,0,0,1,47.5,64.75
2015-01-22,2015,0,0.0,1.0,3,8.75,1,11.75,1,18.0,0,0,1,64.75,63.75
2015-01-23,2015,0,0.0,1.0,4,4.0,-1,15.75,1,2.5,0,1,0,63.75,24.75
2015-01-26,2015,0,0.0,1.0,0,10.5,1,14.75,1,0.5,1,0,0,24.75,22.75
2015-01-27,2015,0,0.0,1.0,1,3.5,1,19.25,-1,68.75,0,0,1,22.75,59.25
2015-01-28,2015,0,0.0,1.0,2,29.5,1,23.0,1,48.25,0,1,0,59.25,52.5
2015-01-29,2015,0,0.0,1.0,3,14.0,-1,15.25,1,7.0,0,0,1,52.5,42.25
2015-01-30,2015,0,0.0,1.0,4,12.75,-1,29.5,-1,15.0,0,0,1,42.25,49.0
2015-02-02,2015,1,0.49999999999999994,0.8660254037844387,0,10.0,-1,18.25,-1,6.5,0,0,1,49.0,72.75
2015-02-03,2015,1,0.49999999999999994,0.8660254037844387,1,16.25,-1,27.25,1,9.5,0,1,0,72.75,38.5
2015-02-04,2015,1,0.49999999999999994,0.8660254037844387,2,7.75,-1,13.5,-1,14.5,0,0,1,38.5,24.0
2015-02-05,2015,1,0.49999999999999994,0.8660254037844387,3,16.0,1,32.75,1,20.25,0,0,1,24.0,30.0
2015-02-06,2015,1,0.49999999999999994,0.8660254037844387,4,4.75,-1,9.0,1,9.75,0,0,1,30.0,30.5
2015-02-09,2015,1,0.49999999999999994,0.8660254037844387,0,11.75,1,17.75,-1,22.25,1,0,0,30.5,24.0
2015-02-10,2015,1,0.49999999999999994,0.8660254037844387,1,6.25,1,16.25,-1,19.75,0,1,0,24.0,17.75
2015-02-11,2015,1,0.49999999999999994,0.8660254037844387,2,5.0,-1,7.25,-1,5.5,0,1,0,17.75,19.5
2015-02-12,2015,1,0.49999999999999994,0.8660254037844387,3,15.75,-1,23.25,1,22.5,0,0,1,19.5,16.0
2015-02-13,2015,1,0.49999999999999994,0.8660254037844387,4,7.75,1,16.5,1,9.75,0,0,1,16.0,16.0
2015-02-17,2015,1,0.49999999999999994,0.8660254037844387,1,7.75,1,14.5,1,3.0,0,1,0,16.0,15.0
2015-02-18,2015,1,0.49999999999999994,0.8660254037844387,2,3.75,1,6.0,1,1.75,0,0,1,15.0,12.75
2015-02-19,2015,1,0.49999999999999994,0.8660254037844387,3,2.5,1,11.5,-1,2.0,0,0,1,12.75,23.25
2015-02-20,2015,1,0.49999999999999994,0.8660254037844387,4,3.25,1,5.25,-1,4.75,0,1,0,23.25,24.5
2015-02-23,2015,1,0.49999999999999994,0.8660254037844387,0,2.0,-1,7.25,-1,0.0,0,1,0,24.5,14.0
2015-02-24,2015,1,0.49999999999999994,0.8660254037844387,1,3.0,1,5.75,-1,4.25,0,0,1,14.0,18.75
2015-02-25,2015,1,0.49999999999999994,0.8660254037844387,2,3.25,1,7.5,-1,7.0,0,0,1,18.75,14.0
2015-02-26,2015,1,0.49999999999999994,0.8660254037844387,3,5.0,1,9.75,1,5.5,0,0,1,14.0,22.0
2015-02-27,2015,1,0.49999999999999994,0.8660254037844387,4,5.0,1,7.5,-1,2.5,0,0,1,22.0,16.25
2015-03-02,2015,2,0.8660254037844386,0.5000000000000001,0,3.25,-1,10.5,1,2.75,0,0,1,16.25,27.0
2015-03-03,2015,2,0.8660254037844386,0.5000000000000001,1,4.5,-1,3.25,1,11.0,1,0,0,27.0,23.5
2015-03-04,2015,2,0.8660254037844386,0.5000000000000001,2,4.75,1,13.0,-1,11.25,0,0,1,23.5,28.25
2015-03-05,2015,2,0.8660254037844386,0.5000000000000001,3,3.75,1,7.0,-1,9.5,0,0,1,28.25,15.75
2015-03-06,2015,2,0.8660254037844386,0.5000000000000001,4,3.5,-1,5.5,-1,4.5,0,0,1,15.75,20.0
2015-03-09,2015,2,0.8660254037844386,0.5000000000000001,0,6.25,-1,8.5,-1,3.75,1,0,0,20.0,21.25
2015-03-10,2015,2,0.8660254037844386,0.5000000000000001,1,9.25,-1,12.25,-1,32.5,0,1,0,21.25,42.0
2015-03-11,2015,2,0.8660254037844386,0.5000000000000001,2,7.75,1,10.75,1,5.5,0,1,0,42.0,27.0
2015-03-12,2015,2,0.8660254037844386,0.5000000000000001,3,13.25,1,7.0,1,11.75,0,0,1,27.0,30.5
2015-03-13,2015,2,0.8660254037844386,0.5000000000000001,4,10.25,-1,8.5,1,0.25,0,0,1,30.5,48.0
2015-03-16,2015,2,0.8660254037844386,0.5000000000000001,0,14.5,1,14.0,1,21.5,0,1,0,48.0,31.5
2015-03-17,2015,2,0.8660254037844386,0.5000000000000001,1,7.0,1,11.75,1,0.25,0,0,1,31.5,14.75
2015-03-18,2015,2,0.8660254037844386,0.5000000000000001,2,4.25,1,7.75,1,13.0,0,1,0,14.75,15.0
2015-03-19,2015,2,0.8660254037844386,0.5000000000000001,3,11.75,1,21.0,-1,3.0,0,0,1,15.0,19.5
2015-03-20,2015,2,0.8660254037844386,0.5000000000000001,4,12.25,1,9.5,1,31.75,0,1,0,19.5,12.75
2015-03-23,2015,2,0.8660254037844386,0.5000000000000001,0,6.25,0,12.5,-1,2.0,0,1,0,12.75,17.25
2015-03-24,2015,2,0.8660254037844386,0.5000000000000001,1,7.0,1,15.25,1,1.5,0,0,1,17.25,24.0
2015-03-25,2015,2,0.8660254037844386,0.5000000000000001,2,7.0,-1,8.5,1,2.25,0,0,1,24.0,40.25
2015-03-26,2015,2,0.8660254037844386,0.5000000000000001,3,8.75,-1,38.25,-1,39.25,0,0,1,40.25,41.0
2015-03-27,2015,2,0.8660254037844386,0.5000000000000001,4,14.0,1,13.5,-1,5.25,0,0,1,41.0,28.75
2015-03-30,2015,2,0.8660254037844386,0.5000000000000001,0,32.25,1,30.75,1,23.0,0,1,0,28.75,28.25
2015-03-31,2015,2,0.8660254037844386,0.5000000000000001,1,8.5,-1,11.0,-1,12.25,0,0,1,28.25,20.25
2015-04-01,2015,3,1.0,6.123233995736766e-17,2,66.75,-1,20.75,1,3.0,0,0,1,20.25,52.25
2015-04-02,2015,3,1.0,6.123233995736766e-17,3,7.25,-1,16.5,-1,4.5,0,0,1,52.25,28.0
2015-04-06,2015,3,1.0,6.123233995736766e-17,0,9.75,1,9.25,-1,26.5,0,0,1,28.0,62.75
2015-04-07,2015,3,1.0,6.123233995736766e-17,1,5.5,1,13.25,1,0.75,0,1,0,62.75,32.75
2015-04-08,2015,3,1.0,6.123233995736766e-17,2,8.5,-1,15.75,1,2.25,0,1,0,32.75,33.75
2015-04-09,2015,3,1.0,6.123233995736766e-17,3,4.0,-1,19.0,-1,7.0,0,0,1,33.75,31.0
2015-04-10,2015,3,1.0,6.123233995736766e-17,4,4.0,0,8.0,-1,4.25,0,1,0,31.0,20.75
2015-04-13,2015,3,1.0,6.123233995736766e-17,0,7.5,-1,9.0,-1,4.75,1,0,0,20.75,24.0
2015-04-14,2015,3,1.0,6.123233995736766e-17,1,6.25,1,13.75,-1,4.5,0,0,1,24.0,46.25
2015-04-15,2015,3,1.0,6.123233995736766e-17,2,4.5,1,17.25,1,4.75,0,1,0,46.25,14.0
2015-04-16,2015,3,1.0,6.123233995736766e-17,3,6.75,1,10.0,-1,14.25,0,0,1,14.0,18.0
2015-04-17,2015,3,1.0,6.123233995736766e-17,4,5.25,-1,10.75,-1,43.75,0,0,1,18.0,41.0
2015-04-20,2015,3,1.0,6.123233995736766e-17,0,9.75,1,21.75,1,15.5,1,0,0,41.0,39.25
2015-04-21,2015,3,1.0,6.123233995736766e-17,1,10.0,1,21.75,1,27.5,1,0,0,39.25,20.0
2015-04-22,2015,3,1.0,6.123233995736766e-17,2,4.75,-1,47.75,-1,11.0,0,1,0,20.0,32.25
2015-04-23,2015,3,1.0,6.123233995736766e-17,3,4.75,-1,26.75,-1,8.75,0,0,1,32.25,25.0
2015-04-24,2015,3,1.0,6.123233995736766e-17,4,10.75,1,24.0,1,34.0,0,0,1,25.0,16.0
2015-04-27,2015,3,1.0,6.123233995736766e-17,0,3.5,1,15.0,1,18.25,1,0,0,16.0,18.0
2015-04-28,2015,3,1.0,6.123233995736766e-17,1,9.0,-1,11.25,-1,4.25,0,0,1,18.0,53.5
2015-04-29,2015,3,1.0,6.123233995736766e-17,2,8.5,-1,12.0,1,30.25,0,0,1,53.5,29.5
2015-04-30,2015,3,1.0,6.123233995736766e-17,3,9.75,0,22.5,-1,23.5,0,0,1,29.5,44.25
2015-05-01,2015,4,0.8660254037844388,-0.4999999999999998,4,4.5,1,8.25,-1,12.25,0,0,1,44.25,26.75
2015-05-04,2015,4,0.8660254037844388,-0.4999999999999998,0,6.0,-1,18.75,1,14.5,0,1,0,26.75,25.25
2015-05-05,2015,4,0.8660254037844388,-0.4999999999999998,1,6.25,-1,16.75,-1,19.25,0,0,1,25.25,42.0
2015-05-06,2015,4,0.8660254037844388,-0.4999999999999998,2,13.5,1,20.5,-1,2.5,0,0,1,42.0,61.75
2015-05-07,2015,4,0.8660254037844388,-0.4999999999999998,3,9.25,1,25.75,-1,3.5,0,0,1,61.75,31.0
2015-05-08,2015,4,0.8660254037844388,-0.4999999999999998,4,9.25,1,13.75,1,42.0,0,0,1,31.0,20.0
2015-05-11,2015,4,0.8660254037844388,-0.4999999999999998,0,5.75,-1,8.25,-1,5.75,1,0,0,20.0,26.0
2015-05-12,2015,4,0.8660254037844388,-0.4999999999999998,1,6.75,-1,43.5,-1,22.0,0,1,0,26.0,43.75
2015-05-13,2015,4,0.8660254037844388,-0.4999999999999998,2,11.25,1,20.25,1,13.75,0,0,1,43.75,28.75
2015-05-14,2015,4,0.8660254037844388,-0.4999999999999998,3,8.0,-1,39.25,1,35.75,0,0,1,28.75,25.75
2015-05-15,2015,4,0.8660254037844388,-0.4999999999999998,4,6.0,1,15.5,1,11.0,0,0,1,25.75,26.5
2015-05-18,2015,4,0.8660254037844388,-0.4999999999999998,0,6.25,1,15.0,0,8.0,0,1,0,26.5,14.75
2015-05-19,2015,4,0.8660254037844388,-0.4999999999999998,1,5.75,1,15.0,1,6.75,0,0,1,14.75,17.75
2015-05-20,2015,4,0.8660254037844388,-0.4999999999999998,2,6.5,1,13.0,-1,5.75,0,1,0,17.75,25.25
2015-05-21,2015,4,0.8660254037844388,-0.4999999999999998,3,5.5,1,9.5,-1,5.75,0,0,1,25.25,33.0
2015-05-22,2015,4,0.8660254037844388,-0.4999999999999998,4,5.75,1,4.75,-1,4.0,0,0,1,33.0,17.75
2015-05-26,2015,4,0.8660254037844388,-0.4999999999999998,1,6.75,-1,25.0,-1,11.5,0,0,1,17.75,51.0
2015-05-27,2015,4,0.8660254037844388,-0.4999999999999998,2,6.0,-1,9.25,1,5.75,1,0,0,51.0,42.5
2015-05-28,2015,4,0.8660254037844388,-0.4999999999999998,3,3.5,1,9.0,1,3.5,0,0,1,42.5,25.75
2015-05-29,2015,4,0.8660254037844388,-0.4999999999999998,4,4.75,1,26.5,-1,11.0,0,0,1,25.75,41.75
2015-06-01,2015,5,0.49999999999999994,-0.8660254037844387,0,7.0,1,18.25,-1,16.0,0,0,1,41.75,50.0
2015-06-02,2015,5,0.49999999999999994,-0.8660254037844387,1,10.25,-1,47.25,-1,15.0,0,1,0,50.0,33.0
2015-06-03,2015,5,0.49999999999999994,-0.8660254037844387,2,3.75,-1,15.5,1,27.0,0,0,1,33.0,26.0
2015-06-04,2015,5,0.49999999999999994,-0.8660254037844387,3,8.25,-1,38.0,-1,31.5,0,0,1,26.0,32.75
2015-06-05,2015,5,0.49999999999999994,-0.8660254037844387,4,5.75,-1,17.0,1,15.25,0,0,1,32.75,44.0
2015-06-08,2015,5,0.49999999999999994,-0.8660254037844387,0,12.25,-1,10.25,1,7.5,1,0,0,44.0,25.25
2015-06-09,2015,5,0.49999999999999994,-0.8660254037844387,1,6.75,1,15.5,-1,13.5,0,1,0,25.25,38.25
2015-06-10,2015,5,0.49999999999999994,-0.8660254037844387,2,7.0,1,17.5,1,8.25,0,1,0,38.25,41.5
2015-06-11,2015,5,0.49999999999999994,-0.8660254037844387,3,3.0,-1,13.0,1,5.0,0,0,1,41.5,25.5
2015-06-12,2015,5,0.49999999999999994,-0.8660254037844387,4,6.75,-1,14.75,-1,23.5,0,0,1,25.5,27.5
2015-06-15,2015,5,0.49999999999999994,-0.8660254037844387,0,10.0,-1,11.25,-1,35.25,0,1,0,27.5,27.5
2015-06-16,2015,5,0.49999999999999994,-0.8660254037844387,1,8.75,-1,23.5,-1,7.0,0,0,1,27.5,23.0
2015-06-17,2015,5,0.49999999999999994,-0.8660254037844387,2,4.25,-1,12.75,1,4.0,0,1,0,23.0,10.25
2015-06-18,2015,5,0.49999999999999994,-0.8660254037844387,3,10.0,-1,24.25,1,24.0,0,0,1,10.25,47.5
2015-06-19,2015,5,0.49999999999999994,-0.8660254037844387,4,4.0,1,13.0,1,0.75,1,0,0,47.5,22.75
2015-06-22,2015,5,0.49999999999999994,-0.8660254037844387,0,3.25,-1,29.75,1,38.5,0,0,1,22.75,14.75
2015-06-23,2015,5,0.49999999999999994,-0.8660254037844387,1,8.0,1,8.75,-1,10.25,0,0,1,14.75,23.0
2015-06-24,2015,5,0.49999999999999994,-0.8660254037844387,2,4.75,-1,8.5,1,4.75,0,0,1,23.0,25.25
2015-06-25,2015,5,0.49999999999999994,-0.8660254037844387,3,5.75,1,25.0,1,20.5,0,0,1,25.25,18.5
2015-06-26,2015,5,0.49999999999999994,-0.8660254037844387,4,9.5,-1,11.0,1,2.5,0,1,0,18.5,31.5
2015-06-29,2015,5,0.49999999999999994,-0.8660254037844387,0,14.25,1,28.5,1,55.75,0,1,0,31.5,32.5
2015-06-30,2015,5,0.49999999999999994,-0.8660254037844387,1,11.75,1,13.75,-1,22.75,0,0,1,32.5,28.75
2015-07-01,2015,6,1.2246467991473532e-16,-1.0,2,14.75,1,21.0,1,39.0,0,0,1,28.75,26.0
2015-07-02,2015,6,1.2246467991473532e-16,-1.0,3,5.0,-1,15.5,1,10.5,0,0,1,26.0,20.25
2015-07-06,2015,6,1.2246467991473532e-16,-1.0,0,10.0,1,28.0,1,33.75,0,0,1,20.25,52.5
2015-07-07,2015,6,1.2246467991473532e-16,-1.0,1,7.5,1,13.0,1,4.75,0,0,1,52.5,77.0
2015-07-08,2015,6,1.2246467991473532e-16,-1.0,2,28.75,-1,35.25,-1,32.25,0,1,0,77.0,41.25
2015-07-09,2015,6,1.2246467991473532e-16,-1.0,3,28.75,1,14.75,1,57.5,0,0,1,41.25,29.25
2015-07-10,2015,6,1.2246467991473532e-16,-1.0,4,27.0,1,13.0,-1,64.75,1,0,0,29.25,17.25
2015-07-13,2015,6,1.2246467991473532e-16,-1.0,0,26.5,1,43.5,1,39.5,1,0,0,17.25,29.5
2015-07-14,2015,6,1.2246467991473532e-16,-1.0,1,3.5,1,6.75,1,5.5,0,0,1,29.5,20.75
2015-07-15,2015,6,1.2246467991473532e-16,-1.0,2,17.0,1,8.0,1,8.0,0,0,1,20.75,18.25
2015-07-16,2015,6,1.2246467991473532e-16,-1.0,3,16.5,1,12.0,1,22.5,0,0,1,18.25,16.5
2015-07-17,2015,6,1.2246467991473532e-16,-1.0,4,8.5,-1,8.25,-1,25.25,0,0,1,16.5,19.0
2015-07-20,2015,6,1.2246467991473532e-16,-1.0,0,7.0,-1,7.5,1,11.75,1,0,0,19.0,19.0
2015-07-21,2015,6,1.2246467991473532e-16,-1.0,1,7.25,1,9.75,-1,0.5,1,0,0,19.0,24.75
2015-07-22,2015,6,1.2246467991473532e-16,-1.0,2,6.0,-1,15.0,1,72.75,0,1,0,24.75,41.75
2015-07-23,2015,6,1.2246467991473532e-16,-1.0,3,9.25,1,11.75,-1,0.5,0,0,1,41.75,23.0
2015-07-24,2015,6,1.2246467991473532e-16,-1.0,4,11.5,-1,15.5,1,1.0,0,1,0,23.0,33.0
2015-07-27,2015,6,1.2246467991473532e-16,-1.0,0,10.0,1,23.5,-1,37.75,0,0,1,33.0,38.0
2015-07-28,2015,6,1.2246467991473532e-16,-1.0,1,23.75,1,13.0,1,10.25,0,0,1,38.0,37.0
2015-07-29,2015,6,1.2246467991473532e-16,-1.0,2,10.25,-1,18.5,1,5.5,0,1,0,37.0,24.5
2015-07-30,2015,6,1.2246467991473532e-16,-1.0,3,5.75,1,12.25,-1,6.0,0,0,1,24.5,35.5
2015-07-31,2015,6,1.2246467991473532e-16,-1.0,4,5.0,1,14.5,1,9.75,0,1,0,35.5,26.0
2015-08-03,2015,7,-0.4999999999999998,-0.8660254037844388,0,11.75,-1,21.75,1,2.5,0,0,1,26.0,28.75
2015-08-04,2015,7,-0.4999999999999998,-0.8660254037844388,1,9.25,1,22.5,-1,4.5,0,1,0,28.75,33.75
2015-08-05,2015,7,-0.4999999999999998,-0.8660254037844388,2,11.0,1,9.5,1,35.75,0,0,1,33.75,41.5
2015-08-06,2015,7,-0.4999999999999998,-0.8660254037844388,3,7.25,-1,14.5,1,7.75,0,0,1,41.5,62.0
2015-08-07,2015,7,-0.4999999999999998,-0.8660254037844388,4,10.25,1,16.5,-1,14.25,0,0,1,62.0,33.5
2015-08-10,2015,7,-0.4999999999999998,-0.8660254037844388,0,13.75,1,16.0,1,26.5,0,1,0,33.5,27.0
2015-08-11,2015,7,-0.4999999999999998,-0.8660254037844388,1,28.5,-1,16.0,-1,20.0,0,0,1,27.0,29.25
2015-08-12,2015,7,-0.4999999999999998,-0.8660254037844388,2,50.5,-1,36.5,-1,31.0,0,1,0,29.25,49.25
2015-08-13,2015,7,-0.4999999999999998,-0.8660254037844388,3,32.25,1,21.75,1,2.75,0,0,1,49.25,35.25
2015-08-14,2015,7,-0.4999999999999998,-0.8660254037844388,4,9.75,1,16.75,-1,8.0,0,0,1,35.25,23.0
2015-08-17,2015,7,-0.4999999999999998,-0.8660254037844388,0,15.0,-1,22.5,1,17.5,0,1,0,23.0,38.25
2015-08-18,2015,7,-0.4999999999999998,-0.8660254037844388,1,10.0,-1,18.5,-1,7.5,0,0,1,38.25,18.75
2015-08-19,2015,7,-0.4999999999999998,-0.8660254037844388,2,17.25,-1,19.75,-1,17.0,0,0,1,18.75,29.0
2015-08-20,2015,7,-0.4999999999999998,-0.8660254037844388,3,11.0,1,31.25,-1,35.5,0,0,1,29.0,63.75
2015-08-21,2015,7,-0.4999999999999998,-0.8660254037844388,4,39.5,-1,26.25,1,40.75,0,1,0,63.75,64.25
2015-08-24,2015,7,-0.4999999999999998,-0.8660254037844388,0,154.5,-1,41.75,1,259.25,1,0,0,64.25,214.25
2015-08-25,2015,7,-0.4999999999999998,-0.8660254037844388,1,76.25,1,132.5,1,176.0,0,0,1,214.25,49.25
2015-08-26,2015,7,-0.4999999999999998,-0.8660254037844388,2,92.0,1,61.5,-1,101.25,0,0,1,49.25,71.75
2015-08-27,2015,7,-0.4999999999999998,-0.8660254037844388,3,32.25,1,74.25,1,66.5,0,0,1,71.75,41.5
2015-08-28,2015,7,-0.4999999999999998,-0.8660254037844388,4,33.25,-1,41.25,-1,27.75,0,0,1,41.5,32.25
2015-08-31,2015,7,-0.4999999999999998,-0.8660254037844388,0,31.5,1,33.75,-1,33.25,0,1,0,32.25,44.5
2015-09-01,2015,8,-0.8660254037844384,-0.5000000000000004,1,58.75,-1,47.25,-1,100.0,0,0,1,44.5,66.0
2015-09-02,2015,8,-0.8660254037844384,-0.5000000000000004,2,46.0,1,44.5,-1,51.75,0,1,0,66.0,49.0
2015-09-03,2015,8,-0.8660254037844384,-0.5000000000000004,3,21.5,-1,28.75,1,10.0,0,0,1,49.0,36.75
2015-09-04,2015,8,-0.8660254037844384,-0.5000000000000004,4,56.25,-1,32.5,-1,55.0,0,0,1,36.75,38.25
2015-09-08,2015,8,-0.8660254037844384,-0.5000000000000004,1,24.75,-1,58.25,1,68.0,1,0,0,38.25,40.5
2015-09-09,2015,8,-0.8660254037844384,-0.5000000000000004,2,38.0,1,27.5,1,52.25,0,1,0,40.5,48.75
2015-09-10,2015,8,-0.8660254037844384,-0.5000000000000004,3,22.0,1,29.75,-1,18.75,0,0,1,48.75,65.25
2015-09-11,2015,8,-0.8660254037844384,-0.5000000000000004,4,27.5,1,48.0,-1,16.0,0,0,1,65.25,23.5
2015-09-14,2015,8,-0.8660254037844384,-0.5000000000000004,0,31.25,-1,33.25,1,14.0,1,0,0,23.5,38.25
2015-09-15,2015,8,-0.8660254037844384,-0.5000000000000004,1,16.75,1,25.5,-1,9.75,0,0,1,38.25,50.0
2015-09-16,2015,8,-0.8660254037844384,-0.5000000000000004,2,16.25,-1,15.75,1,0.5,0,0,1,50.0,23.75
2015-09-17,2015,8,-0.8660254037844384,-0.5000000000000004,3,8.5,1,13.25,-1,10.25,0,0,1,23.75,16.25
2015-09-18,2015,8,-0.8660254037844384,-0.5000000000000004,4,21.25,1,23.25,-1,60.75,1,0,0,16.25,47.5
2015-09-21,2015,8,-0.8660254037844384,-0.5000000000000004,0,26.75,-1,35.25,1,8.5,0,1,0,47.5,34.75
2015-09-22,2015,8,-0.8660254037844384,-0.5000000000000004,1,12.25,-1,69.25,-1,83.0,1,0,0,34.75,42.75
2015-09-23,2015,8,-0.8660254037844384,-0.5000000000000004,2,46.0,-1,61.25,1,5.75,0,1,0,42.75,36.5
2015-09-24,2015,8,-0.8660254037844384,-0.5000000000000004,3,36.75,-1,38.75,1,41.5,0,0,1,36.5,45.0
2015-09-25,2015,8,-0.8660254037844384,-0.5000000000000004,4,26.5,-1,53.25,1,47.0,0,0,1,45.0,34.5
2015-09-28,2015,8,-0.8660254037844384,-0.5000000000000004,0,25.75,1,44.0,-1,19.0,0,0,1,34.5,56.75
2015-09-29,2015,8,-0.8660254037844384,-0.5000000000000004,1,25.0,-1,60.75,1,9.25,0,0,1,56.75,71.5
2015-09-30,2015,8,-0.8660254037844384,-0.5000000000000004,2,39.5,1,23.25,1,53.5,0,1,0,71.5,44.75
2015-10-01,2015,9,-1.0,-1.8369701987210297e-16,3,59.0,1,25.0,-1,17.75,0,0,1,44.75,56.25
2015-10-02,2015,9,-1.0,-1.8369701987210297e-16,4,17.25,1,21.25,1,61.75,0,0,1,56.25,56.0
2015-10-05,2015,9,-1.0,-1.8369701987210297e-16,0,22.25,1,26.75,1,26.5,0,0,1,56.0,27.0
2015-10-06,2015,9,-1.0,-1.8369701987210297e-16,1,17.25,-1,21.25,1,4.25,0,0,1,27.0,38.25
2015-10-07,2015,9,-1.0,-1.8369701987210297e-16,2,13.5,1,30.75,1,36.25,0,1,0,38.25,47.25
2015-10-08,2015,9,-1.0,-1.8369701987210297e-16,3,27.5,-1,19.75,-1,17.0,0,0,1,47.25,25.5
2015-10-09,2015,9,-1.0,-1.8369701987210297e-16,4,17.75,1,32.5,-1,2.25,0,1,0,25.5,36.25
2015-10-12,2015,9,-1.0,-1.8369701987210297e-16,0,12.25,1,15.5,1,11.25,0,1,0,36.25,21.5
2015-10-13,2015,9,-1.0,-1.8369701987210297e-16,1,15.75,-1,33.0,-1,29.5,1,0,0,21.5,45.5
2015-10-14,2015,9,-1.0,-1.8369701987210297e-16,2,14.75,-1,20.25,-1,2.75,0,0,1,45.5,47.5
2015-10-15,2015,9,-1.0,-1.8369701987210297e-16,3,21.0,1,17.25,1,26.75,0,0,1,47.5,30.0
2015-10-16,2015,9,-1.0,-1.8369701987210297e-16,4,13.0,-1,21.5,1,5.5,0,0,1,30.0,17.0
2015-10-19,2015,9,-1.0,-1.8369701987210297e-16,0,11.5,-1,25.5,1,14.25,0,1,0,17.0,30.25
2015-10-20,2015,9,-1.0,-1.8369701987210297e-16,1,6.0,1,17.75,-1,10.0,0,0,1,30.25,20.5
2015-10-21,2015,9,-1.0,-1.8369701987210297e-16,2,25.5,1,27.75,-1,27.0,0,1,0,20.5,37.25
2015-10-22,2015,9,-1.0,-1.8369701987210297e-16,3,16.5,1,9.0,1,43.25,0,0,1,37.25,49.75
2015-10-23,2015,9,-1.0,-1.8369701987210297e-16,4,11.0,-1,10.5,-1,62.25,1,0,0,49.75,31.25
2015-10-26,2015,9,-1.0,-1.8369701987210297e-16,0,10.25,-1,12.75,-1,3.5,0,1,0,31.25,30.5
2015-10-27,2015,9,-1.0,-1.8369701987210297e-16,1,15.25,-1,11.5,0,7.25,0,0,1,30.5,21.25
2015-10-28,2015,9,-1.0,-1.8369701987210297e-16,2,12.0,1,11.75,1,5.5,0,1,0,21.25,25.0
2015-10-29,2015,9,-1.0,-1.8369701987210297e-16,3,16.75,-1,12.25,-1,24.75,0,0,1,25.0,15.75
2015-10-30,2015,9,-1.0,-1.8369701987210297e-16,4,23.0,1,12.25,-1,2.25,0,0,1,15.75,14.25
2015-11-02,2015,10,-0.8660254037844386,0.5,0,10.75,-1,27.0,1,7.5,0,0,1,14.25,29.25
2015-11-03,2015,10,-0.8660254037844386,0.5,1,7.5,-1,7.5,-1,9.5,0,1,0,29.25,20.0
2015-11-04,2015,10,-0.8660254037844386,0.5,2,19.25,1,13.5,1,14.75,0,0,1,20.0,29.5
2015-11-05,2015,10,-0.8660254037844386,0.5,3,12.5,1,13.75,-1,4.75,0,0,1,29.5,52.75
2015-11-06,2015,10,-0.8660254037844386,0.5,4,8.25,1,10.25,-1,7.0,0,0,1,52.75,48.25
2015-11-09,2015,10,-0.8660254037844386,0.5,0,12.75,1,16.75,-1,18.75,1,0,0,48.25,38.25
2015-11-10,2015,10,-0.8660254037844386,0.5,1,17.0,1,25.25,-1,26.25,0,1,0,38.25,23.25
2015-11-11,2015,10,-0.8660254037844386,0.5,2,12.25,1,18.75,1,8.75,1,0,0,23.25,27.25
2015-11-12,2015,10,-0.8660254037844386,0.5,3,12.75,1,21.25,-1,19.0,0,0,1,27.25,29.75
2015-11-13,2015,10,-0.8660254037844386,0.5,4,11.75,-1,14.0,-1,16.25,0,0,1,29.75,46.75
2015-11-16,2015,10,-0.8660254037844386,0.5,0,11.75,1,39.5,1,9.0,0,1,0,46.75,39.75
2015-11-17,2015,10,-0.8660254037844386,0.5,1,15.0,1,29.25,1,11.0,0,0,1,39.75,30.25
2015-11-18,2015,10,-0.8660254037844386,0.5,2,11.75,-1,9.75,1,13.25,0,0,1,30.25,22.75
2015-11-19,2015,10,-0.8660254037844386,0.5,3,14.25,-1,15.75,1,2.75,0,0,1,22.75,20.25
2015-11-20,2015,10,-0.8660254037844386,0.5,4,6.0,1,17.0,1,18.25,1,0,0,20.25,18.0
2015-11-23,2015,10,-0.8660254037844386,0.5,0,8.25,-1,14.25,-1,0.5,0,1,0,18.0,24.5
2015-11-24,2015,10,-0.8660254037844386,0.5,1,7.25,-1,50.25,-1,32.25,0,0,1,24.5,40.5
2015-11-25,2015,10,-0.8660254037844386,0.5,2,12.0,1,23.25,1,10.5,0,0,1,40.5,18.75
2015-11-30,2015,10,-0.8660254037844386,0.5,0,6.0,1,26.0,1,15.5,0,1,0,18.75,26.75
2015-12-01,2015,11,-0.5000000000000004,0.8660254037844384,1,9.75,1,14.0,-1,13.0,0,0,1,26.75,28.0
2015-12-02,2015,11,-0.5000000000000004,0.8660254037844384,2,5.5,1,9.5,-1,2.75,0,1,0,28.0,23.25
2015-12-03,2015,11,-0.5000000000000004,0.8660254037844384,3,13.5,1,28.0,1,4.75,0,0,1,23.25,47.5
2015-12-04,2015,11,-0.5000000000000004,0.8660254037844384,4,9.25,-1,20.75,1,9.0,0,0,1,47.5,73.75
2015-12-07,2015,11,-0.5000000000000004,0.8660254037844384,0,7.25,-1,27.5,1,5.75,1,0,0,73.75,41.75
2015-12-08,2015,11,-0.5000000000000004,0.8660254037844384,1,21.75,-1,30.0,-1,57.75,0,1,0,41.75,43.25
2015-12-09,2015,11,-0.5000000000000004,0.8660254037844384,2,11.5,-1,41.25,-1,15.25,0,1,0,43.25,38.75
2015-12-10,2015,11,-0.5000000000000004,0.8660254037844384,3,7.5,1,22.0,1,9.5,0,0,1,38.75,41.5
2015-12-11,2015,11,-0.5000000000000004,0.8660254037844384,4,11.25,-1,23.5,-1,55.0,0,0,1,41.5,30.75
2015-12-14,2015,11,-0.5000000000000004,0.8660254037844384,0,15.25,1,22.75,1,4.25,1,0,0,30.75,48.75
2015-12-15,2015,11,-0.5000000000000004,0.8660254037844384,1,10.5,-1,35.25,1,43.75,0,0,1,48.75,35.5
2015-12-16,2015,11,-0.5000000000000004,0.8660254037844384,2,21.0,1,15.25,1,22.75,0,0,1,35.5,44.75
2015-12-17,2015,11,-0.5000000000000004,0.8660254037844384,3,11.5,-1,31.75,1,23.25,0,0,1,44.75,59.75
2015-12-18,2015,11,-0.5000000000000004,0.8660254037844384,4,33.25,1,22.25,-1,5.0,1,0,0,59.75,48.5
2015-12-21,2015,11,-0.5000000000000004,0.8660254037844384,0,15.5,1,32.25,1,42.25,1,0,0,48.5,22.0
2015-12-22,2015,11,-0.5000000000000004,0.8660254037844384,1,14.0,-1,38.0,-1,14.0,0,0,1,22.0,23.75
2015-12-23,2015,11,-0.5000000000000004,0.8660254037844384,2,7.0,-1,18.5,1,15.5,0,0,1,23.75,16.75
2015-12-28,2015,11,-0.5000000000000004,0.8660254037844384,0,7.0,-1,14.0,-1,1.0,1,0,0,16.75,36.0
2015-12-29,2015,11,-0.5000000000000004,0.8660254037844384,1,11.25,1,25.0,1,27.25,0,0,1,36.0,34.0
2015-12-30,2015,11,-0.5000000000000004,0.8660254037844384,2,8.0,-1,12.5,-1,8.75,0,1,0,34.0,28.0
2015-12-31,2015,11,-0.5000000000000004,0.8660254037844384,3,9.75,-1,9.25,-1,17.0,0,0,1,28.0,32.0
2016-01-04,2016,0,0.0,1.0,0,64.0,-1,45.0,-1,106.25,0,0,1,32.0,44.0
2016-01-05,2016,0,0.0,1.0,1,17.0,-1,35.5,-1,4.25,1,0,0,44.0,38.0
2016-01-06,2016,0,0.0,1.0,2,58.25,-1,30.25,-1,82.75,0,0,1,38.0,50.75
2016-01-07,2016,0,0.0,1.0,3,70.0,-1,81.5,-1,105.25,0,0,1,50.75,63.75
2016-01-08,2016,0,0.0,1.0,4,60.0,1,27.5,1,41.25,0,0,1,63.75,43.5
2016-01-11,2016,0,0.0,1.0,0,40.75,1,53.0,1,30.0,1,0,0,43.5,59.0
2016-01-12,2016,0,0.0,1.0,1,39.75,-1,51.25,1,42.5,0,1,0,59.0,41.75
2016-01-13,2016,0,0.0,1.0,2,23.75,1,37.0,1,30.0,0,0,1,41.75,48.5
2016-01-14,2016,0,0.0,1.0,3,36.5,1,47.0,-1,14.75,0,0,1,48.5,115.0
2016-01-15,2016,0,0.0,1.0,4,51.0,-1,51.75,-1,139.75,0,0,1,115.0,62.25
2016-01-19,2016,0,0.0,1.0,1,36.75,1,34.25,1,45.5,1,0,0,62.25,39.5
2016-01-20,2016,0,0.0,1.0,2,77.5,-1,43.0,-1,70.75,0,0,1,39.5,88.25
2016-01-21,2016,0,0.0,1.0,3,57.0,-1,52.0,-1,11.0,0,0,1,88.25,84.25
2016-01-22,2016,0,0.0,1.0,4,48.0,1,36.75,1,83.25,0,1,0,84.25,43.25
2016-01-25,2016,0,0.0,1.0,0,21.25,1,30.25,-1,8.5,1,0,0,43.25,23.0
2016-01-26,2016,0,0.0,1.0,1,25.25,-1,35.0,1,18.25,0,0,1,23.0,51.0
2016-01-27,2016,0,0.0,1.0,2,28.0,-1,32.25,-1,26.25,0,0,1,51.0,58.75
2016-01-28,2016,0,0.0,1.0,3,43.5,1,39.75,1,57.0,0,0,1,58.75,83.25
2016-01-29,2016,0,0.0,1.0,4,67.75,1,26.0,1,25.0,0,0,1,83.25,54.0
2016-02-01,2016,1,0.49999999999999994,0.8660254037844387,0,14.25,1,26.25,-1,18.75,0,0,1,54.0,39.5
2016-02-02,2016,1,0.49999999999999994,0.8660254037844387,1,22.0,-1,42.0,-1,30.75,1,0,0,39.5,32.75
2016-02-03,2016,1,0.49999999999999994,0.8660254037844387,2,24.75,-1,34.0,1,19.0,0,0,1,32.75,114.25
2016-02-04,2016,1,0.49999999999999994,0.8660254037844387,3,39.5,1,32.75,-1,19.0,0,0,1,114.25,82.75
2016-02-05,2016,1,0.49999999999999994,0.8660254037844387,4,18.25,1,32.0,1,6.25,0,0,1,82.75,88.75
2016-02-08,2016,1,0.49999999999999994,0.8660254037844387,0,18.75,1,96.25,-1,78.75,1,0,0,88.75,39.25
2016-02-09,2016,1,0.49999999999999994,0.8660254037844387,1,27.0,-1,58.5,1,60.0,0,1,0,39.25,106.5
2016-02-10,2016,1,0.49999999999999994,0.8660254037844387,2,26.0,-1,61.75,1,47.25,0,0,1,106.5,68.75
2016-02-11,2016,1,0.49999999999999994,0.8660254037844387,3,23.75,1,84.5,-1,59.0,0,0,1,68.75,51.75
2016-02-12,2016,1,0.49999999999999994,0.8660254037844387,4,30.5,0,49.0,1,36.0,0,0,1,51.75,43.75
2016-02-16,2016,1,0.49999999999999994,0.8660254037844387,1,27.0,1,29.75,-1,65.5,0,1,0,43.75,33.25
2016-02-17,2016,1,0.49999999999999994,0.8660254037844387,2,32.5,-1,43.5,1,43.75,0,0,1,33.25,51.75
2016-02-18,2016,1,0.49999999999999994,0.8660254037844387,3,16.5,1,30.5,-1,14.0,0,0,1,51.75,45.75
2016-02-19,2016,1,0.49999999999999994,0.8660254037844387,4,17.25,1,19.5,-1,21.25,0,0,1,45.75,46.25
2016-02-22,2016,1,0.49999999999999994,0.8660254037844387,0,27.0,1,37.0,1,38.0,1,0,0,46.25,30.5
2016-02-23,2016,1,0.49999999999999994,0.8660254037844387,1,19.5,-1,25.25,-1,8.5,0,0,1,30.5,46.75
2016-02-24,2016,1,0.49999999999999994,0.8660254037844387,2,25.0,-1,42.25,-1,45.75,0,0,1,46.75,30.5
2016-02-25,2016,1,0.49999999999999994,0.8660254037844387,3,22.0,-1,21.25,1,0.0,0,0,1,30.5,45.5
2016-02-26,2016,1,0.49999999999999994,0.8660254037844387,4,11.0,-1,40.0,1,25.0,0,0,1,45.5,34.0
2016-02-29,2016,1,0.49999999999999994,0.8660254037844387,0,31.75,-1,18.0,-1,1.0,1,0,0,34.0,23.0
2016-03-01,2016,2,0.8660254037844386,0.5000000000000001,1,23.0,-1,40.75,1,33.25,0,0,1,23.0,55.75
2016-03-02,2016,2,0.8660254037844386,0.5000000000000001,2,17.75,1,23.75,-1,12.25,0,0,1,55.75,26.0
2016-03-03,2016,2,0.8660254037844386,0.5000000000000001,3,17.5,1,18.75,-1,0.25,0,0,1,26.0,27.75
2016-03-04,2016,2,0.8660254037844386,0.5000000000000001,4,10.0,1,14.25,-1,9.5,0,0,1,27.75,35.25
2016-03-07,2016,2,0.8660254037844386,0.5000000000000001,0,12.25,-1,21.75,-1,19.5,1,0,0,35.25,26.75
2016-03-08,2016,2,0.8660254037844386,0.5000000000000001,1,19.25,-1,26.75,-1,29.75,1,0,0,26.75,35.25
2016-03-09,2016,2,0.8660254037844386,0.5000000000000001,2,16.5,1,20.75,1,9.25,0,0,1,35.25,35.25
2016-03-10,2016,2,0.8660254037844386,0.5000000000000001,3,17.25,1,24.5,1,8.5,0,0,1,35.25,54.75
2016-03-11,2016,2,0.8660254037844386,0.5000000000000001,4,39.5,1,24.25,1,48.0,0,1,0,54.75,28.0
2016-03-14,2016,2,0.8660254037844386,0.5000000000000001,0,9.75,-1,14.5,1,10.75,1,0,0,28.0,26.0
2016-03-15,2016,2,0.8660254037844386,0.5000000000000001,1,17.5,-1,18.75,-1,14.25,0,0,1,26.0,22.75
2016-03-16,2016,2,0.8660254037844386,0.5000000000000001,2,16.25,-1,10.25,1,8.25,0,0,1,22.75,22.5
2016-03-17,2016,2,0.8660254037844386,0.5000000000000001,3,16.75,1,19.25,1,4.25,0,0,1,22.5,28.0
2016-03-18,2016,2,0.8660254037844386,0.5000000000000001,4,12.75,-1,18.0,-1,10.25,0,0,1,28.0,31.25
2016-03-21,2016,2,0.8660254037844386,0.5000000000000001,0,12.25,-1,17.25,1,3.5,0,1,0,31.25,23.25
2016-03-22,2016,2,0.8660254037844386,0.5000000000000001,1,14.75,-1,32.25,-1,24.25,1,0,0,23.25,33.75
2016-03-23,2016,2,0.8660254037844386,0.5000000000000001,2,8.75,-1,18.25,1,13.25,0,0,1,33.75,22.0
2016-03-24,2016,2,0.8660254037844386,0.5000000000000001,3,11.75,-1,15.0,-1,25.5,0,0,1,22.0,27.0
2016-03-28,2016,2,0.8660254037844386,0.5000000000000001,0,7.5,1,15.25,1,10.0,0,1,0,27.0,27.5
2016-03-29,2016,2,0.8660254037844386,0.5000000000000001,1,15.5,1,13.25,-1,8.5,0,0,1,27.5,30.75
2016-03-30,2016,2,0.8660254037844386,0.5000000000000001,2,8.75,-1,30.0,1,28.5,0,0,1,30.75,29.0
2016-03-31,2016,2,0.8660254037844386,0.5000000000000001,3,12.5,-1,14.0,1,2.0,0,0,1,29.0,21.25
2016-04-01,2016,3,1.0,6.123233995736766e-17,4,25.0,-1,18.25,1,28.75,0,0,1,21.25,55.75
2016-04-04,2016,3,1.0,6.123233995736766e-17,0,15.75,1,19.25,1,7.5,0,1,0,55.75,24.75
2016-04-05,2016,3,1.0,6.123233995736766e-17,1,15.0,-1,26.5,-1,28.75,0,0,1,24.75,30.0
2016-04-06,2016,3,1.0,6.123233995736766e-17,2,19.5,1,22.25,-1,1.75,0,0,1,30.0,27.25
2016-04-07,2016,3,1.0,6.123233995736766e-17,3,13.75,0,15.25,-1,24.5,0,0,1,27.25,36.75
2016-04-08,2016,3,1.0,6.123233995736766e-17,4,27.25,1,18.5,1,29.0,0,1,0,36.75,25.75
2016-04-11,2016,3,1.0,6.123233995736766e-17,0,23.5,-1,51.5,1,19.0,0,1,0,25.75,29.75
2016-04-12,2016,3,1.0,6.123233995736766e-17,1,14.75,1,25.5,-1,2.25,0,1,0,29.75,38.5
2016-04-13,2016,3,1.0,6.123233995736766e-17,2,19.75,1,20.0,1,32.75,0,0,1,38.5,29.5
2016-04-14,2016,3,1.0,6.123233995736766e-17,3,9.0,-1,18.75,-1,1.25,0,0,1,29.5,17.0
2016-04-15,2016,3,1.0,6.123233995736766e-17,4,11.25,-1,13.0,-1,3.75,0,0,1,17.0,16.75
2016-04-18,2016,3,1.0,6.123233995736766e-17,0,10.5,-1,28.75,1,16.25,0,1,0,16.75,42.0
2016-04-19,2016,3,1.0,6.123233995736766e-17,1,9.0,-1,21.75,1,22.0,0,0,1,42.0,35.25
2016-04-20,2016,3,1.0,6.123233995736766e-17,2,13.25,-1,14.25,1,4.25,0,0,1,35.25,28.75
2016-04-21,2016,3,1.0,6.123233995736766e-17,3,23.5,1,20.0,-1,4.0,0,0,1,28.75,33.75
2016-04-22,2016,3,1.0,6.123233995736766e-17,4,11.5,1,17.75,-1,20.0,1,0,0,33.75,66.0
2016-04-25,2016,3,1.0,6.123233995736766e-17,0,17.25,-1,32.75,-1,14.25,0,1,0,66.0,22.0
2016-04-26,2016,3,1.0,6.123233995736766e-17,1,16.5,-1,21.5,1,4.25,0,0,1,22.0,41.0
2016-04-27,2016,3,1.0,6.123233995736766e-17,2,9.75,-1,14.5,1,54.25,0,0,1,41.0,46.25
2016-04-28,2016,3,1.0,6.123233995736766e-17,3,40.5,-1,22.75,-1,11.25,0,0,1,46.25,29.25
2016-04-29,2016,3,1.0,6.123233995736766e-17,4,17.25,-1,21.0,-1,31.75,0,1,0,29.25,45.75
2016-05-02,2016,4,0.8660254037844388,-0.4999999999999998,0,9.75,1,18.0,1,6.0,0,0,1,45.75,23.75
2016-05-03,2016,4,0.8660254037844388,-0.4999999999999998,1,8.25,1,34.0,-1,29.25,0,1,0,23.75,32.0
2016-05-04,2016,4,0.8660254037844388,-0.4999999999999998,2,21.5,-1,22.25,-1,28.75,0,0,1,32.0,21.0
2016-05-05,2016,4,0.8660254037844388,-0.4999999999999998,3,15.0,1,21.5,1,9.75,0,0,1,21.0,23.0
2016-05-06,2016,4,0.8660254037844388,-0.4999999999999998,4,13.25,-1,16.75,1,20.25,0,0,1,23.0,35.0
2016-05-09,2016,4,0.8660254037844388,-0.4999999999999998,0,11.5,-1,23.25,1,3.5,1,0,0,35.0,29.25
2016-05-10,2016,4,0.8660254037844388,-0.4999999999999998,1,18.25,1,18.5,1,15.5,0,1,0,29.25,31.25
2016-05-11,2016,4,0.8660254037844388,-0.4999999999999998,2,13.5,-1,13.25,-1,3.75,0,0,1,31.25,21.5
2016-05-12,2016,4,0.8660254037844388,-0.4999999999999998,3,10.75,1,21.25,1,17.25,0,0,1,21.5,44.75
2016-05-13,2016,4,0.8660254037844388,-0.4999999999999998,4,21.5,-1,20.5,-1,0.0,0,0,1,44.75,23.75
2016-05-16,2016,4,0.8660254037844388,-0.4999999999999998,0,20.75,1,13.25,-1,4.5,0,1,0,23.75,31.5
2016-05-17,2016,4,0.8660254037844388,-0.4999999999999998,1,9.5,1,13.25,1,1.0,0,0,1,31.5,39.5
2016-05-18,2016,4,0.8660254037844388,-0.4999999999999998,2,13.75,-1,14.0,1,8.0,0,0,1,39.5,38.75
2016-05-19,2016,4,0.8660254037844388,-0.4999999999999998,3,20.25,-1,18.5,-1,15.25,0,0,1,38.75,40.25
2016-05-20,2016,4,0.8660254037844388,-0.4999999999999998,4,22.25,1,11.5,-1,13.5,0,1,0,40.25,42.75
2016-05-23,2016,4,0.8660254037844388,-0.4999999999999998,0,20.5,1,30.0,1,1.0,1,0,0,42.75,20.5
2016-05-24,2016,4,0.8660254037844388,-0.4999999999999998,1,6.5,1,23.75,1,26.0,0,1,0,20.5,50.0
2016-05-25,2016,4,0.8660254037844388,-0.4999999999999998,2,11.5,1,15.75,1,14.25,0,0,1,50.0,27.25
2016-05-26,2016,4,0.8660254037844388,-0.4999999999999998,3,9.75,-1,14.0,1,4.25,0,0,1,27.25,19.5
2016-05-27,2016,4,0.8660254037844388,-0.4999999999999998,4,9.75,1,9.25,-1,1.5,0,0,1,19.5,20.75
2016-05-31,2016,4,0.8660254037844388,-0.4999999999999998,1,12.5,1,13.5,-1,6.25,0,0,1,20.75,13.75
2016-06-01,2016,5,0.49999999999999994,-0.8660254037844387,2,14.0,1,18.0,-1,18.5,0,0,1,13.75,24.25
2016-06-02,2016,5,0.49999999999999994,-0.8660254037844387,3,12.0,-1,9.0,1,9.75,0,0,1,24.25,27.0
2016-06-03,2016,5,0.49999999999999994,-0.8660254037844387,4,6.0,-1,9.75,-1,10.5,0,0,1,27.0,44.75
2016-06-06,2016,5,0.49999999999999994,-0.8660254037844387,0,7.5,1,16.75,1,6.75,1,0,0,44.75,17.25
2016-06-07,2016,5,0.49999999999999994,-0.8660254037844387,1,6.5,1,17.0,1,2.75,0,1,0,17.25,15.0
2016-06-08,2016,5,0.49999999999999994,-0.8660254037844387,2,8.5,1,8.75,-1,6.25,0,0,1,15.0,26.25
2016-06-09,2016,5,0.49999999999999994,-0.8660254037844387,3,9.25,-1,12.5,-1,23.75,0,0,1,26.25,17.25
2016-06-10,2016,5,0.49999999999999994,-0.8660254037844387,4,8.0,-1,27.5,-1,41.25,0,0,1,17.25,17.5
2016-06-13,2016,5,0.49999999999999994,-0.8660254037844387,0,10.0,-1,19.5,-1,28.75,1,0,0,17.5,27.25
2016-06-14,2016,5,0.49999999999999994,-0.8660254037844387,1,9.25,1,25.25,-1,11.25,0,0,1,27.25,43.5
2016-06-15,2016,5,0.49999999999999994,-0.8660254037844387,2,15.0,1,18.75,1,11.5,0,0,1,43.5,14.75
2016-06-16,2016,5,0.49999999999999994,-0.8660254037844387,3,17.25,-1,14.5,-1,23.5,0,0,1,14.75,32.5
2016-06-17,2016,5,0.49999999999999994,-0.8660254037844387,4,10.25,-1,14.0,-1,9.0,0,0,1,32.5,49.75
2016-06-20,2016,5,0.49999999999999994,-0.8660254037844387,0,18.0,1,12.25,1,56.75,1,0,0,49.75,21.25
2016-06-21,2016,5,0.49999999999999994,-0.8660254037844387,1,17.5,1,14.0,1,9.25,0,0,1,21.25,18.25
2016-06-22,2016,5,0.49999999999999994,-0.8660254037844387,2,13.0,1,13.25,-1,8.5,0,0,1,18.25,30.0
2016-06-23,2016,5,0.49999999999999994,-0.8660254037844387,3,8.5,1,14.0,1,34.25,0,0,1,30.0,26.25
2016-06-24,2016,5,0.49999999999999994,-0.8660254037844387,4,225.25,-1,89.0,1,171.0,0,0,1,26.25,81.75
2016-06-27,2016,5,0.49999999999999994,-0.8660254037844387,0,24.75,1,30.0,-1,25.5,1,0,0,81.75,72.5
2016-06-28,2016,5,0.49999999999999994,-0.8660254037844387,1,41.5,1,18.0,1,53.5,0,0,1,72.5,33.0
2016-06-29,2016,5,0.49999999999999994,-0.8660254037844387,2,27.0,1,20.25,1,31.0,0,0,1,33.0,26.5
2016-06-30,2016,5,0.49999999999999994,-0.8660254037844387,3,10.5,-1,33.5,1,3.0,0,0,1,26.5,25.25
2016-07-01,2016,6,1.2246467991473532e-16,-1.0,4,7.5,1,16.25,-1,3.25,0,0,1,25.25,42.25
2016-07-05,2016,6,1.2246467991473532e-16,-1.0,1,16.5,-1,23.5,-1,25.0,0,1,0,42.25,25.5
2016-07-06,2016,6,1.2246467991473532e-16,-1.0,2,29.75,-1,33.0,-1,23.5,0,0,1,25.5,41.25
2016-07-07,2016,6,1.2246467991473532e-16,-1.0,3,12.5,1,20.75,1,2.5,0,0,1,41.25,20.0
2016-07-08,2016,6,1.2246467991473532e-16,-1.0,4,17.75,-1,20.5,1,21.0,0,0,1,20.0,39.5
2016-07-11,2016,6,1.2246467991473532e-16,-1.0,0,24.0,1,12.5,-1,19.25,0,1,0,39.5,19.25
2016-07-12,2016,6,1.2246467991473532e-16,-1.0,1,9.5,1,27.25,1,25.0,0,1,0,19.25,18.0
2016-07-13,2016,6,1.2246467991473532e-16,-1.0,2,10.0,-1,12.25,1,11.5,0,0,1,18.0,17.0
2016-07-14,2016,6,1.2246467991473532e-16,-1.0,3,10.25,1,30.25,1,28.5,0,0,1,17.0,20.0
2016-07-15,2016,6,1.2246467991473532e-16,-1.0,4,18.5,1,13.75,1,10.25,0,0,1,20.0,19.25
2016-07-18,2016,6,1.2246467991473532e-16,-1.0,0,10.75,-1,14.5,1,6.0,1,0,0,19.25,30.5
2016-07-19,2016,6,1.2246467991473532e-16,-1.0,1,11.5,-1,15.75,-1,9.5,0,0,1,30.5,21.25
2016-07-20,2016,6,1.2246467991473532e-16,-1.0,2,8.25,-1,17.5,1,16.5,0,0,1,21.25,32.75
2016-07-21,2016,6,1.2246467991473532e-16,-1.0,3,7.0,1,16.0,-1,3.75,0,0,1,32.75,14.5
2016-07-22,2016,6,1.2246467991473532e-16,-1.0,4,7.25,-1,17.0,1,4.5,1,0,0,14.5,26.5
2016-07-25,2016,6,1.2246467991473532e-16,-1.0,0,19.75,-1,16.75,1,3.75,1,0,0,26.5,15.0
2016-07-26,2016,6,1.2246467991473532e-16,-1.0,1,16.0,1,12.75,-1,4.5,0,0,1,15.0,38.0
2016-07-27,2016,6,1.2246467991473532e-16,-1.0,2,9.75,1,6.0,1,40.5,0,0,1,38.0,18.25
2016-07-28,2016,6,1.2246467991473532e-16,-1.0,3,6.75,1,13.75,1,3.5,0,0,1,18.25,23.75
2016-07-29,2016,6,1.2246467991473532e-16,-1.0,4,21.5,-1,15.75,-1,4.25,0,0,1,23.75,22.25
2016-08-01,2016,7,-0.4999999999999998,-0.8660254037844388,0,15.75,1,12.0,-1,3.0,0,0,1,22.25,32.25
2016-08-02,2016,7,-0.4999999999999998,-0.8660254037844388,1,11.5,1,24.75,-1,3.0,0,1,0,32.25,51.5
2016-08-03,2016,7,-0.4999999999999998,-0.8660254037844388,2,10.25,-1,15.5,-1,5.25,0,0,1,51.5,19.25
2016-08-04,2016,7,-0.4999999999999998,-0.8660254037844388,3,12.25,-1,11.75,-1,0.25,0,0,1,19.25,28.0
2016-08-05,2016,7,-0.4999999999999998,-0.8660254037844388,4,8.25,1,10.75,1,23.25,0,0,1,28.0,37.0
2016-08-08,2016,7,-0.4999999999999998,-0.8660254037844388,0,6.0,1,13.5,1,5.0,1,0,0,37.0,24.25
2016-08-09,2016,7,-0.4999999999999998,-0.8660254037844388,1,4.75,1,7.0,-1,5.0,0,1,0,24.25,23.75
2016-08-10,2016,7,-0.4999999999999998,-0.8660254037844388,2,7.5,1,12.25,1,2.25,0,0,1,23.75,12.75
2016-08-11,2016,7,-0.4999999999999998,-0.8660254037844388,3,9.0,1,15.25,1,14.75,0,0,1,12.75,24.5
2016-08-12,2016,7,-0.4999999999999998,-0.8660254037844388,4,7.5,-1,7.0,1,7.75,0,0,1,24.5,10.75
2016-08-15,2016,7,-0.4999999999999998,-0.8660254037844388,0,8.5,1,9.5,1,5.25,0,1,0,10.75,23.75
2016-08-16,2016,7,-0.4999999999999998,-0.8660254037844388,1,6.25,-1,7.25,-1,8.0,0,0,1,23.75,19.25
2016-08-17,2016,7,-0.4999999999999998,-0.8660254037844388,2,4.75,1,20.25,-1,0.75,0,0,1,19.25,22.5
2016-08-18,2016,7,-0.4999999999999998,-0.8660254037844388,3,11.75,1,10.25,-1,1.5,0,0,1,22.5,18.5
2016-08-19,2016,7,-0.4999999999999998,-0.8660254037844388,4,10.25,-1,20.0,-1,7.5,1,0,0,18.5,31.75
2016-08-22,2016,7,-0.4999999999999998,-0.8660254037844388,0,10.5,-1,22.25,1,8.5,1,0,0,31.75,28.5
2016-08-23,2016,7,-0.4999999999999998,-0.8660254037844388,1,8.75,1,16.25,1,15.0,0,1,0,28.5,10.75
2016-08-24,2016,7,-0.4999999999999998,-0.8660254037844388,2,14.25,-1,17.0,1,2.0,0,0,1,10.75,15.5
2016-08-25,2016,7,-0.4999999999999998,-0.8660254037844388,3,11.25,1,17.5,-1,14.0,0,0,1,15.5,17.75
2016-08-26,2016,7,-0.4999999999999998,-0.8660254037844388,4,7.75,1,9.25,1,1.75,0,0,1,17.75,44.0
2016-08-29,2016,7,-0.4999999999999998,-0.8660254037844388,0,7.0,-1,10.75,1,1.75,0,1,0,44.0,13.25
2016-08-30,2016,7,-0.4999999999999998,-0.8660254037844388,1,6.25,-1,6.75,-1,9.0,0,0,1,13.25,32.25
2016-08-31,2016,7,-0.4999999999999998,-0.8660254037844388,2,7.5,1,9.75,1,7.0,0,0,1,32.25,14.75
2016-09-01,2016,8,-0.8660254037844384,-0.5000000000000004,3,16.75,1,10.0,1,1.25,0,0,1,14.75,36.25
2016-09-02,2016,8,-0.8660254037844384,-0.5000000000000004,4,4.5,-1,11.75,1,30.75,0,0,1,36.25,18.5
2016-09-06,2016,8,-0.8660254037844384,-0.5000000000000004,1,7.0,1,7.0,1,11.25,0,0,1,18.5,22.5
2016-09-07,2016,8,-0.8660254037844384,-0.5000000000000004,2,4.0,1,10.75,1,5.0,0,1,0,22.5,13.5
2016-09-08,2016,8,-0.8660254037844384,-0.5000000000000004,3,3.0,1,7.75,1,16.0,0,0,1,13.5,22.5
2016-09-09,2016,8,-0.8660254037844384,-0.5000000000000004,4,4.75,0,9.25,-1,34.75,1,0,0,22.5,27.75
2016-09-12,2016,8,-0.8660254037844384,-0.5000000000000004,0,32.25,-1,20.75,-1,15.0,1,0,0,27.75,62.5
2016-09-13,2016,8,-0.8660254037844384,-0.5000000000000004,1,14.75,-1,17.75,-1,24.5,1,0,0,62.5,39.0
2016-09-14,2016,8,-0.8660254037844384,-0.5000000000000004,2,20.5,1,20.75,1,0.75,0,0,1,39.0,45.0
2016-09-15,2016,8,-0.8660254037844384,-0.5000000000000004,3,20.75,-1,15.25,1,15.25,0,0,1,45.0,52.5
2016-09-16,2016,8,-0.8660254037844384,-0.5000000000000004,4,7.0,1,13.25,-1,4.0,0,0,1,52.5,28.75
2016-09-19,2016,8,-0.8660254037844384,-0.5000000000000004,0,5.75,1,10.25,1,10.75,1,0,0,28.75,28.5
2016-09-20,2016,8,-0.8660254037844384,-0.5000000000000004,1,14.0,1,8.5,-1,14.25,0,0,1,28.5,23.75
2016-09-21,2016,8,-0.8660254037844384,-0.5000000000000004,2,21.75,1,13.5,1,23.25,0,0,1,23.75,14.25
2016-09-22,2016,8,-0.8660254037844384,-0.5000000000000004,3,5.75,1,13.25,1,27.75,0,0,1,14.25,17.0
2016-09-23,2016,8,-0.8660254037844384,-0.5000000000000004,4,6.25,1,12.25,-1,6.5,1,0,0,17.0,17.5
2016-09-26,2016,8,-0.8660254037844384,-0.5000000000000004,0,18.75,-1,27.75,-1,30.5,0,1,0,17.5,22.0
2016-09-27,2016,8,-0.8660254037844384,-0.5000000000000004,1,45.5,1,20.25,-1,1.75,0,0,1,22.0,43.0
2016-09-28,2016,8,-0.8660254037844384,-0.5000000000000004,2,12.25,-1,18.5,1,6.25,0,0,1,43.0,20.0
2016-09-29,2016,8,-0.8660254037844384,-0.5000000000000004,3,7.75,1,8.75,-1,4.75,0,0,1,20.0,24.5
2016-09-30,2016,8,-0.8660254037844384,-0.5000000000000004,4,14.75,-1,21.75,1,1.5,0,1,0,24.5,21.25
2016-10-03,2016,9,-1.0,-1.8369701987210297e-16,0,8.5,0,10.5,-1,3.75,0,0,1,21.25,20.75
2016-10-04,2016,9,-1.0,-1.8369701987210297e-16,1,5.75,1,14.0,1,8.25,1,0,0,20.75,24.25
2016-10-05,2016,9,-1.0,-1.8369701987210297e-16,2,10.5,1,12.75,1,10.5,0,0,1,24.25,18.75
2016-10-06,2016,9,-1.0,-1.8369701987210297e-16,3,7.5,-1,8.25,1,6.75,0,0,1,18.75,18.0
2016-10-07,2016,9,-1.0,-1.8369701987210297e-16,4,8.5,-1,12.25,0,3.0,0,0,1,18.0,29.0
2016-10-10,2016,9,-1.0,-1.8369701987210297e-16,0,11.25,-1,11.25,1,24.5,1,0,0,29.0,19.0
2016-10-11,2016,9,-1.0,-1.8369701987210297e-16,1,16.0,-1,6.25,-1,7.75,1,0,0,19.0,48.5
2016-10-12,2016,9,-1.0,-1.8369701987210297e-16,2,16.25,1,17.75,-1,5.25,0,1,0,48.5,22.5
2016-10-13,2016,9,-1.0,-1.8369701987210297e-16,3,36.5,-1,14.75,1,31.0,0,0,1,22.5,29.25
2016-10-14,2016,9,-1.0,-1.8369701987210297e-16,4,15.25,1,13.0,1,22.5,0,0,1,29.25,22.25
2016-10-17,2016,9,-1.0,-1.8369701987210297e-16,0,16.5,-1,13.25,-1,1.75,0,1,0,22.25,26.25
2016-10-18,2016,9,-1.0,-1.8369701987210297e-16,1,12.5,1,15.25,1,43.5,0,0,1,26.25,19.5
2016-10-19,2016,9,-1.0,-1.8369701987210297e-16,2,8.5,1,19.0,-1,3.75,0,0,1,19.5,16.0
2016-10-20,2016,9,-1.0,-1.8369701987210297e-16,3,14.75,1,10.0,-1,6.5,0,0,1,16.0,39.0
2016-10-21,2016,9,-1.0,-1.8369701987210297e-16,4,10.25,-1,12.25,-1,13.5,1,0,0,39.0,22.25
2016-10-24,2016,9,-1.0,-1.8369701987210297e-16,0,8.5,1,24.75,1,33.75,0,1,0,22.25,21.0
2016-10-25,2016,9,-1.0,-1.8369701987210297e-16,1,11.5,1,8.0,1,2.25,0,0,1,21.0,19.25
2016-10-26,2016,9,-1.0,-1.8369701987210297e-16,2,6.75,-1,18.5,-1,32.25,0,0,1,19.25,32.0
2016-10-27,2016,9,-1.0,-1.8369701987210297e-16,3,10.25,-1,21.25,1,22.75,0,0,1,32.0,39.75
2016-10-28,2016,9,-1.0,-1.8369701987210297e-16,4,9.0,-1,25.25,-1,9.5,0,0,1,39.75,43.75
2016-10-31,2016,9,-1.0,-1.8369701987210297e-16,0,29.75,1,10.5,-1,12.5,0,1,0,43.75,20.0
2016-11-01,2016,10,-0.8660254037844386,0.5,1,19.75,1,13.5,-1,1.75,0,0,1,20.0,32.0
2016-11-02,2016,10,-0.8660254037844386,0.5,2,20.0,-1,10.5,1,0.25,0,0,1,32.0,24.5
2016-11-03,2016,10,-0.8660254037844386,0.5,3,24.25,-1,11.25,1,2.25,0,0,1,24.5,24.5
2016-11-04,2016,10,-0.8660254037844386,0.5,4,8.0,1,12.25,-1,13.75,0,0,1,24.5,36.25
2016-11-07,2016,10,-0.8660254037844386,0.5,0,9.25,1,14.0,1,74.25,1,0,0,36.25,32.25
2016-11-08,2016,10,-0.8660254037844386,0.5,1,15.25,1,9.5,1,13.5,0,1,0,32.25,17.0
2016-11-09,2016,10,-0.8660254037844386,0.5,2,279.0,-1,127.75,1,59.0,0,0,1,17.0,63.5
2016-11-10,2016,10,-0.8660254037844386,0.5,3,44.0,1,31.5,1,20.75,0,0,1,63.5,172.25
2016-11-11,2016,10,-0.8660254037844386,0.5,4,28.75,-1,34.75,-1,21.5,0,0,1,172.25,44.25
2016-11-14,2016,10,-0.8660254037844386,0.5,0,24.75,1,15.75,-1,2.0,1,0,0,44.25,64.75
2016-11-15,2016,10,-0.8660254037844386,0.5,1,11.0,1,19.25,1,36.0,0,0,1,64.75,50.75
2016-11-16,2016,10,-0.8660254037844386,0.5,2,5.25,-1,22.0,-1,24.25,0,0,1,50.75,51.0
2016-11-17,2016,10,-0.8660254037844386,0.5,3,15.75,1,13.0,-1,4.0,0,0,1,51.0,25.75
2016-11-18,2016,10,-0.8660254037844386,0.5,4,8.25,1,19.5,-1,0.0,0,1,0,25.75,37.5
2016-11-21,2016,10,-0.8660254037844386,0.5,0,10.75,1,18.25,-1,10.75,1,0,0,37.5,33.5
2016-11-22,2016,10,-0.8660254037844386,0.5,1,18.75,1,5.75,-1,22.0,0,1,0,33.5,20.25
2016-11-23,2016,10,-0.8660254037844386,0.5,2,7.0,1,7.5,-1,18.75,0,0,1,20.25,25.5
2016-11-28,2016,10,-0.8660254037844386,0.5,0,8.75,1,23.25,-1,11.5,1,0,0,25.5,28.0
2016-11-29,2016,10,-0.8660254037844386,0.5,1,5.5,1,13.75,1,0.75,0,0,1,28.0,31.0
2016-11-30,2016,10,-0.8660254037844386,0.5,2,10.5,-1,12.25,-1,3.25,0,0,1,31.0,42.0
2016-12-01,2016,11,-0.5000000000000004,0.8660254037844384,3,10.0,1,12.0,-1,8.75,0,0,1,42.0,79.5
2016-12-02,2016,11,-0.5000000000000004,0.8660254037844384,4,10.25,-1,20.25,-1,0.5,0,0,1,79.5,39.0
2016-12-05,2016,11,-0.5000000000000004,0.8660254037844384,0,15.5,1,59.75,1,26.75,0,0,1,39.0,54.0
2016-12-06,2016,11,-0.5000000000000004,0.8660254037844384,1,8.5,-1,13.0,1,7.0,0,1,0,54.0,28.25
2016-12-07,2016,11,-0.5000000000000004,0.8660254037844384,2,8.25,-1,7.0,-1,9.75,0,0,1,28.25,29.0
2016-12-08,2016,11,-0.5000000000000004,0.8660254037844384,3,7.5,1,9.5,-1,7.25,0,0,1,29.0,24.0
2016-12-09,2016,11,-0.5000000000000004,0.8660254037844384,4,7.75,1,9.25,-1,13.25,0,0,1,24.0,22.25
2016-12-12,2016,11,-0.5000000000000004,0.8660254037844384,0,30.25,-1,17.5,-1,20.0,1,0,0,22.25,22.5
2016-12-13,2016,11,-0.5000000000000004,0.8660254037844384,1,6.0,1,10.5,1,21.5,0,1,0,22.5,62.75
2016-12-14,2016,11,-0.5000000000000004,0.8660254037844384,2,7.75,1,8.5,-1,1.5,0,0,1,62.75,14.0
2016-12-15,2016,11,-0.5000000000000004,0.8660254037844384,3,13.75,1,13.75,-1,2.25,0,0,1,14.0,26.5
2016-12-16,2016,11,-0.5000000000000004,0.8660254037844384,4,6.75,1,8.5,-1,7.75,0,0,1,26.5,23.5
2016-12-19,2016,11,-0.5000000000000004,0.8660254037844384,0,5.75,-1,6.5,-1,4.5,1,0,0,23.5,46.75
2016-12-20,2016,11,-0.5000000000000004,0.8660254037844384,1,5.25,1,8.75,1,10.5,1,0,0,46.75,16.0
2016-12-21,2016,11,-0.5000000000000004,0.8660254037844384,2,4.25,-1,7.0,-1,0.5,0,0,1,16.0,20.5
2016-12-22,2016,11,-0.5000000000000004,0.8660254037844384,3,12.0,-1,7.25,1,1.0,0,0,1,20.5,24.5
2016-12-23,2016,11,-0.5000000000000004,0.8660254037844384,4,5.0,1,6.75,1,7.0,0,1,0,24.5,13.5
2016-12-27,2016,11,-0.5000000000000004,0.8660254037844384,1,2.75,1,4.25,-1,7.0,0,0,1,13.5,46.5
2016-12-28,2016,11,-0.5000000000000004,0.8660254037844384,2,6.0,1,5.5,1,14.0,0,1,0,46.5,41.75
2016-12-29,2016,11,-0.5000000000000004,0.8660254037844384,3,8.0,1,11.5,-1,2.0,0,0,1,41.75,22.0
2016-12-30,2016,11,-0.5000000000000004,0.8660254037844384,4,20.0,1,6.75,-1,6.25,0,1,0,22.0,56.25
2017-01-03,2017,0,0.0,1.0,1,16.75,1,13.0,1,32.75,0,0,1,56.25,41.75
2017-01-04,2017,0,0.0,1.0,2,10.5,1,5.5,-1,5.0,1,0,0,41.75,21.75
2017-01-05,2017,0,0.0,1.0,3,3.75,1,11.75,1,1.25,0,0,1,21.75,29.0
2017-01-06,2017,0,0.0,1.0,4,3.25,-1,4.75,-1,4.25,0,0,1,29.0,37.0
2017-01-09,2017,0,0.0,1.0,0,5.75,1,10.5,-1,4.5,1,0,0,37.0,15.75
2017-01-10,2017,0,0.0,1.0,1,12.75,-1,8.75,1,0.75,0,1,0,15.75,17.5
2017-01-11,2017,0,0.0,1.0,2,9.5,-1,13.25,1,1.5,0,0,1,17.5,15.75
2017-01-12,2017,0,0.0,1.0,3,11.0,-1,7.5,-1,19.25,0,0,1,15.75,34.0
2017-01-13,2017,0,0.0,1.0,4,5.5,1,7.0,0,5.5,0,0,1,34.0,21.0
2017-01-17,2017,0,0.0,1.0,1,5.0,1,8.0,-1,21.25,0,0,1,21.0,24.0
2017-01-18,2017,0,0.0,1.0,2,19.5,1,9.0,-1,6.75,0,0,1,24.0,17.25
2017-01-19,2017,0,0.0,1.0,3,6.5,-1,6.25,-1,1.75,0,0,1,17.25,24.25
2017-01-20,2017,0,0.0,1.0,4,4.75,1,8.25,1,15.5,0,1,0,24.25,23.5
2017-01-23,2017,0,0.0,1.0,0,6.5,1,13.0,1,4.75,1,0,0,23.5,31.75
2017-01-24,2017,0,0.0,1.0,1,6.75,-1,8.25,1,8.75,0,1,0,31.75,16.0
2017-01-25,2017,0,0.0,1.0,2,4.0,1,10.5,1,31.0,0,0,1,16.0,13.5
2017-01-26,2017,0,0.0,1.0,3,17.75,1,7.5,-1,8.25,0,0,1,13.5,16.75
2017-01-27,2017,0,0.0,1.0,4,8.75,1,8.25,-1,16.0,0,0,1,16.75,21.5
2017-01-30,2017,0,0.0,1.0,0,6.0,1,10.25,-1,16.75,0,1,0,21.5,51.25
2017-01-31,2017,0,0.0,1.0,1,17.5,-1,10.5,1,18.0,0,0,1,51.25,22.0
2017-02-01,2017,1,0.49999999999999994,0.8660254037844387,2,8.5,1,6.75,-1,27.75,0,0,1,22.0,32.75
2017-02-02,2017,1,0.49999999999999994,0.8660254037844387,3,14.75,-1,9.5,1,9.5,0,0,1,32.75,32.25
2017-02-03,2017,1,0.49999999999999994,0.8660254037844387,4,10.75,-1,14.25,1,17.5,0,0,1,32.25,17.25
2017-02-06,2017,1,0.49999999999999994,0.8660254037844387,0,8.25,1,9.75,1,9.25,1,0,0,17.25,13.5
2017-02-07,2017,1,0.49999999999999994,0.8660254037844387,1,6.25,1,10.0,1,14.25,0,1,0,13.5,22.25
2017-02-08,2017,1,0.49999999999999994,0.8660254037844387,2,6.5,1,9.5,-1,3.0,0,0,1,22.25,27.25
2017-02-09,2017,1,0.49999999999999994,0.8660254037844387,3,6.75,1,5.75,1,4.75,0,0,1,27.25,15.0
2017-02-10,2017,1,0.49999999999999994,0.8660254037844387,4,9.0,1,8.75,-1,5.5,0,0,1,15.0,14.5
2017-02-13,2017,1,0.49999999999999994,0.8660254037844387,0,10.25,1,5.0,0,14.0,1,0,0,14.5,12.0
2017-02-14,2017,1,0.49999999999999994,0.8660254037844387,1,5.25,-1,5.25,1,2.5,0,0,1,12.0,17.0
2017-02-15,2017,1,0.49999999999999994,0.8660254037844387,2,13.5,1,6.75,-1,7.5,0,0,1,17.0,15.25
2017-02-16,2017,1,0.49999999999999994,0.8660254037844387,3,6.0,1,6.5,-1,2.25,0,0,1,15.25,27.5
2017-02-17,2017,1,0.49999999999999994,0.8660254037844387,4,6.25,1,10.75,-1,5.75,1,0,0,27.5,17.5
2017-02-21,2017,1,0.49999999999999994,0.8660254037844387,1,6.25,-1,7.75,1,8.5,0,1,0,17.5,21.25
2017-02-22,2017,1,0.49999999999999994,0.8660254037844387,2,7.25,1,9.75,-1,2.25,0,1,0,21.25,15.25
2017-02-23,2017,1,0.49999999999999994,0.8660254037844387,3,4.5,1,6.5,1,8.25,0,0,1,15.25,40.0
2017-02-24,2017,1,0.49999999999999994,0.8660254037844387,4,6.75,-1,5.5,1,22.75,0,0,1,40.0,18.25
2017-02-27,2017,1,0.49999999999999994,0.8660254037844387,0,13.25,1,13.5,-1,10.5,0,0,1,18.25,15.25
2017-02-28,2017,1,0.49999999999999994,0.8660254037844387,1,5.75,1,5.5,1,0.75,0,0,1,15.25,14.25
2017-03-01,2017,2,0.8660254037844386,0.5000000000000001,2,16.25,1,26.75,1,33.0,0,0,1,14.25,19.0
2017-03-02,2017,2,0.8660254037844386,0.5000000000000001,3,6.0,-1,8.0,-1,5.0,0,0,1,19.0,15.75
2017-03-03,2017,2,0.8660254037844386,0.5000000000000001,4,15.25,-1,5.5,-1,8.0,0,0,1,15.75,20.25
2017-03-06,2017,2,0.8660254037844386,0.5000000000000001,0,5.75,1,16.0,1,17.75,0,1,0,20.25,20.25
2017-03-07,2017,2,0.8660254037844386,0.5000000000000001,1,5.75,1,9.25,-1,12.5,0,1,0,20.25,30.25
2017-03-08,2017,2,0.8660254037844386,0.5000000000000001,2,11.5,0,11.5,1,2.5,0,0,1,30.25,26.0
2017-03-09,2017,2,0.8660254037844386,0.5000000000000001,3,7.25,-1,8.25,1,1.25,0,0,1,26.0,24.0
2017-03-10,2017,2,0.8660254037844386,0.5000000000000001,4,8.5,1,8.75,0,20.75,0,0,1,24.0,18.5
2017-03-13,2017,2,0.8660254037844386,0.5000000000000001,0,7.25,1,5.75,1,2.25,1,0,0,18.5,10.75
2017-03-14,2017,2,0.8660254037844386,0.5000000000000001,1,3.25,1,10.0,-1,12.75,0,0,1,10.75,25.0
2017-03-15,2017,2,0.8660254037844386,0.5000000000000001,2,7.75,1,8.0,1,12.25,0,0,1,25.0,17.75
2017-03-16,2017,2,0.8660254037844386,0.5000000000000001,3,10.25,1,10.25,1,8.5,0,0,1,17.75,17.25
2017-03-17,2017,2,0.8660254037844386,0.5000000000000001,4,3.75,1,4.25,-1,1.5,0,0,1,17.25,10.75
2017-03-20,2017,2,0.8660254037844386,0.5000000000000001,0,10.25,-1,7.5,1,0.75,1,0,0,10.75,22.75
2017-03-21,2017,2,0.8660254037844386,0.5000000000000001,1,19.75,1,7.25,1,17.5,0,1,0,22.75,53.25
2017-03-22,2017,2,0.8660254037844386,0.5000000000000001,2,20.75,-1,15.75,1,0.75,0,0,1,53.25,26.5
2017-03-23,2017,2,0.8660254037844386,0.5000000000000001,3,7.25,-1,12.0,-1,3.25,0,0,1,26.5,24.25
2017-03-24,2017,2,0.8660254037844386,0.5000000000000001,4,13.25,1,8.5,-1,18.25,0,0,1,24.25,19.75
2017-03-27,2017,2,0.8660254037844386,0.5000000000000001,0,15.5,-1,21.0,-1,48.5,1,0,0,19.75,41.0
2017-03-28,2017,2,0.8660254037844386,0.5000000000000001,1,7.5,1,9.75,-1,4.25,0,0,1,41.0,21.75
2017-03-29,2017,2,0.8660254037844386,0.5000000000000001,2,7.75,1,8.75,-1,6.25,0,0,1,21.75,21.5
2017-03-30,2017,2,0.8660254037844386,0.5000000000000001,3,14.0,1,12.25,-1,3.25,0,0,1,21.5,20.75
2017-03-31,2017,2,0.8660254037844386,0.5000000000000001,4,6.5,-1,9.5,1,4.75,0,1,0,20.75,18.25
2017-04-03,2017,3,1.0,6.123233995736766e-17,0,11.0,-1,9.5,1,3.0,0,0,1,18.25,30.75
2017-04-04,2017,3,1.0,6.123233995736766e-17,1,7.5,-1,11.5,-1,17.0,0,1,0,30.75,20.0
2017-04-05,2017,3,1.0,6.123233995736766e-17,2,11.5,-1,6.5,-1,4.0,0,0,1,20.0,30.25
2017-04-06,2017,3,1.0,6.123233995736766e-17,3,22.0,-1,14.25,1,9.75,0,0,1,30.25,24.75
2017-04-07,2017,3,1.0,6.123233995736766e-17,4,47.0,-1,15.0,1,3.5,0,0,1,24.75,31.5
2017-04-10,2017,3,1.0,6.123233995736766e-17,0,12.5,1,8.5,-1,3.0,1,0,0,31.5,21.0
2017-04-11,2017,3,1.0,6.123233995736766e-17,1,15.25,-1,11.75,-1,8.25,0,1,0,21.0,66.5
2017-04-12,2017,3,1.0,6.123233995736766e-17,2,12.75,-1,20.75,1,6.25,0,0,1,66.5,20.0
2017-04-13,2017,3,1.0,6.123233995736766e-17,3,14.5,-1,19.25,-1,4.25,0,0,1,20.0,33.25
2017-04-17,2017,3,1.0,6.123233995736766e-17,0,10.75,1,6.25,-1,10.5,0,1,0,33.25,24.25
2017-04-18,2017,3,1.0,6.123233995736766e-17,1,8.25,1,15.75,-1,16.0,0,0,1,24.25,28.0
2017-04-19,2017,3,1.0,6.123233995736766e-17,2,6.5,-1,7.75,1,22.5,0,0,1,28.0,16.75
2017-04-20,2017,3,1.0,6.123233995736766e-17,3,8.75,1,15.25,1,23.5,0,0,1,16.75,18.25
2017-04-21,2017,3,1.0,6.123233995736766e-17,4,3.75,-1,5.5,0,4.25,0,1,0,18.25,14.5
2017-04-24,2017,3,1.0,6.123233995736766e-17,0,8.0,-1,9.5,1,59.75,1,0,0,14.5,17.0
2017-04-25,2017,3,1.0,6.123233995736766e-17,1,13.0,1,7.75,-1,20.25,0,0,1,17.0,17.5
2017-04-26,2017,3,1.0,6.123233995736766e-17,2,6.5,1,5.25,-1,0.25,0,0,1,17.5,20.0
2017-04-27,2017,3,1.0,6.123233995736766e-17,3,5.75,1,8.75,-1,16.25,0,0,1,20.0,17.75
2017-04-28,2017,3,1.0,6.123233995736766e-17,4,6.0,1,7.0,0,1.25,0,0,1,17.75,20.0
2017-05-01,2017,4,0.8660254037844388,-0.4999999999999998,0,11.25,1,4.5,1,18.75,0,0,1,20.0,21.75
2017-05-02,2017,4,0.8660254037844388,-0.4999999999999998,1,6.0,1,5.25,1,6.5,1,0,0,21.75,16.0
2017-05-03,2017,4,0.8660254037844388,-0.4999999999999998,2,6.75,-1,4.75,-1,11.75,0,0,1,16.0,22.0
2017-05-04,2017,4,0.8660254037844388,-0.4999999999999998,3,4.5,1,7.75,1,9.0,0,0,1,22.0,22.75
2017-05-05,2017,4,0.8660254037844388,-0.4999999999999998,4,13.75,-1,11.25,1,11.5,0,0,1,22.75,23.25
2017-05-08,2017,4,0.8660254037844388,-0.4999999999999998,0,8.25,1,12.0,-1,2.5,1,0,0,23.25,14.25
2017-05-09,2017,4,0.8660254037844388,-0.4999999999999998,1,4.75,-1,6.25,1,7.5,0,1,0,14.25,29.0
2017-05-10,2017,4,0.8660254037844388,-0.4999999999999998,2,7.0,1,9.25,-1,1.5,0,0,1,29.0,21.0
2017-05-11,2017,4,0.8660254037844388,-0.4999999999999998,3,3.25,-1,5.5,-1,12.25,0,0,1,21.0,32.0
2017-05-12,2017,4,0.8660254037844388,-0.4999999999999998,4,13.75,-1,7.75,-1,5.0,0,0,1,32.0,12.0
2017-05-15,2017,4,0.8660254037844388,-0.4999999999999998,0,7.75,1,10.0,-1,2.5,0,1,0,12.0,24.0
2017-05-16,2017,4,0.8660254037844388,-0.4999999999999998,1,9.25,-1,5.0,1,15.25,0,0,1,24.0,18.5
2017-05-17,2017,4,0.8660254037844388,-0.4999999999999998,2,19.0,-1,14.25,1,42.75,0,0,1,18.5,66.0
2017-05-18,2017,4,0.8660254037844388,-0.4999999999999998,3,17.0,1,28.5,-1,1.0,0,0,1,66.0,64.75
2017-05-19,2017,4,0.8660254037844388,-0.4999999999999998,4,11.5,-1,19.25,1,18.5,1,0,0,64.75,26.25
2017-05-22,2017,4,0.8660254037844388,-0.4999999999999998,0,9.5,1,13.0,-1,12.0,0,1,0,26.25,24.0
2017-05-23,2017,4,0.8660254037844388,-0.4999999999999998,1,10.25,1,22.5,1,16.75,0,1,0,24.0,23.25
2017-05-24,2017,4,0.8660254037844388,-0.4999999999999998,2,6.0,-1,9.75,1,11.25,0,0,1,23.25,17.25
2017-05-25,2017,4,0.8660254037844388,-0.4999999999999998,3,19.0,1,16.75,-1,22.75,0,0,1,17.25,29.25
2017-05-26,2017,4,0.8660254037844388,-0.4999999999999998,4,8.0,1,11.25,-1,1.0,0,0,1,29.25,19.75
2017-05-30,2017,4,0.8660254037844388,-0.4999999999999998,1,11.75,-1,9.75,1,6.0,0,0,1,19.75,18.25
2017-05-31,2017,4,0.8660254037844388,-0.4999999999999998,2,8.75,1,6.5,1,22.0,0,1,0,18.25,52.0
2017-06-01,2017,5,0.49999999999999994,-0.8660254037844387,3,10.0,1,6.75,1,0.25,0,0,1,52.0,32.5
2017-06-02,2017,5,0.49999999999999994,-0.8660254037844387,4,19.5,1,10.5,-1,14.0,0,0,1,32.5,25.0
2017-06-05,2017,5,0.49999999999999994,-0.8660254037844387,0,7.25,1,4.25,-1,4.5,0,0,1,25.0,18.5
2017-06-06,2017,5,0.49999999999999994,-0.8660254037844387,1,9.5,-1,11.0,1,6.5,0,1,0,18.5,22.75
2017-06-07,2017,5,0.49999999999999994,-0.8660254037844387,2,6.25,1,9.25,-1,8.75,0,0,1,22.75,24.0
2017-06-08,2017,5,0.49999999999999994,-0.8660254037844387,3,10.0,1,7.0,-1,20.5,0,0,1,24.0,41.75
2017-06-09,2017,5,0.49999999999999994,-0.8660254037844387,4,18.0,1,12.75,1,6.5,1,0,0,41.75,20.25
2017-06-12,2017,5,0.49999999999999994,-0.8660254037844387,0,13.75,-1,53.75,-1,49.75,1,0,0,20.25,65.5
2017-06-13,2017,5,0.49999999999999994,-0.8660254037844387,1,13.25,1,8.75,-1,26.25,0,0,1,65.5,45.5
2017-06-14,2017,5,0.49999999999999994,-0.8660254037844387,2,15.25,-1,18.25,1,22.25,0,0,1,45.5,28.0
2017-06-15,2017,5,0.49999999999999994,-0.8660254037844387,3,25.25,-1,44.75,-1,56.75,0,0,1,28.0,43.25
2017-06-16,2017,5,0.49999999999999994,-0.8660254037844387,4,18.5,1,17.5,-1,3.5,0,0,1,43.25,45.0
2017-06-19,2017,5,0.49999999999999994,-0.8660254037844387,0,22.75,1,19.0,1,50.75,1,0,0,45.0,46.0
2017-06-20,2017,5,0.49999999999999994,-0.8660254037844387,1,7.75,1,14.0,-1,4.0,0,1,0,46.0,26.25
2017-06-21,2017,5,0.49999999999999994,-0.8660254037844387,2,19.75,-1,24.75,-1,10.0,0,0,1,26.25,34.25
2017-06-22,2017,5,0.49999999999999994,-0.8660254037844387,3,18.0,1,29.25,-1,0.75,0,0,1,34.25,24.75
2017-06-23,2017,5,0.49999999999999994,-0.8660254037844387,4,6.75,1,10.25,1,5.75,0,1,0,24.75,31.5
2017-06-26,2017,5,0.49999999999999994,-0.8660254037844387,0,16.75,1,13.5,1,27.0,0,0,1,31.5,64.75
2017-06-27,2017,5,0.49999999999999994,-0.8660254037844387,1,9.0,1,32.5,-1,20.0,0,0,1,64.75,30.25
2017-06-28,2017,5,0.49999999999999994,-0.8660254037844387,2,23.5,-1,44.0,-1,17.75,0,0,1,30.25,65.75
2017-06-29,2017,5,0.49999999999999994,-0.8660254037844387,3,7.75,-1,19.5,-1,32.5,0,0,1,65.75,59.75
2017-06-30,2017,5,0.49999999999999994,-0.8660254037844387,4,24.25,-1,35.0,1,21.5,0,1,0,59.75,47.25
2017-07-05,2017,6,1.2246467991473532e-16,-1.0,2,18.0,1,22.25,-1,42.5,0,1,0,47.25,41.75
2017-07-06,2017,6,1.2246467991473532e-16,-1.0,3,15.25,-1,18.75,-1,44.25,0,0,1,41.75,40.25
2017-07-07,2017,6,1.2246467991473532e-16,-1.0,4,13.0,1,19.75,-1,21.75,0,0,1,40.25,30.75
2017-07-10,2017,6,1.2246467991473532e-16,-1.0,0,25.0,1,6.5,-1,8.75,1,0,0,30.75,35.5
2017-07-11,2017,6,1.2246467991473532e-16,-1.0,1,9.75,-1,15.0,-1,5.75,0,1,0,35.5,36.75
2017-07-12,2017,6,1.2246467991473532e-16,-1.0,2,8.25,-1,7.25,-1,40.75,0,0,1,36.75,20.75
2017-07-13,2017,6,1.2246467991473532e-16,-1.0,3,15.75,1,11.5,1,1.75,0,0,1,20.75,31.25
2017-07-14,2017,6,1.2246467991473532e-16,-1.0,4,14.25,-1,9.75,-1,22.0,0,0,1,31.25,22.0
2017-07-17,2017,6,1.2246467991473532e-16,-1.0,0,8.75,1,9.25,-1,2.5,0,1,0,22.0,23.5
2017-07-18,2017,6,1.2246467991473532e-16,-1.0,1,10.75,-1,15.25,1,19.25,0,1,0,23.5,36.75
2017-07-19,2017,6,1.2246467991473532e-16,-1.0,2,13.0,1,7.25,-1,15.0,0,0,1,36.75,17.0
2017-07-20,2017,6,1.2246467991473532e-16,-1.0,3,4.75,0,8.25,-1,13.0,0,0,1,17.0,38.5
2017-07-21,2017,6,1.2246467991473532e-16,-1.0,4,10.25,-1,11.5,1,23.75,1,0,0,38.5,23.5
2017-07-24,2017,6,1.2246467991473532e-16,-1.0,0,12.25,-1,9.5,-1,0.5,0,1,0,23.5,11.25
2017-07-25,2017,6,1.2246467991473532e-16,-1.0,1,4.25,1,9.5,1,5.25,0,0,1,11.25,21.25
2017-07-26,2017,6,1.2246467991473532e-16,-1.0,2,9.25,-1,9.0,1,11.25,0,0,1,21.25,13.0
2017-07-27,2017,6,1.2246467991473532e-16,-1.0,3,20.0,1,7.5,-1,43.25,0,0,1,13.0,21.5
2017-07-28,2017,6,1.2246467991473532e-16,-1.0,4,26.5,-1,13.5,-1,31.0,0,0,1,21.5,37.0
2017-07-31,2017,6,1.2246467991473532e-16,-1.0,0,9.25,1,26.5,1,11.25,0,1,0,37.0,62.0
2017-08-01,2017,7,-0.4999999999999998,-0.8660254037844388,1,29.5,1,14.0,1,12.0,0,0,1,62.0,27.0
2017-08-02,2017,7,-0.4999999999999998,-0.8660254037844388,2,14.5,1,15.5,-1,43.25,0,0,1,27.0,75.25
2017-08-03,2017,7,-0.4999999999999998,-0.8660254037844388,3,20.25,0,15.0,-1,8.5,0,0,1,75.25,42.75
2017-08-04,2017,7,-0.4999999999999998,-0.8660254037844388,4,10.75,1,10.5,1,9.5,0,0,1,42.75,37.75
2017-08-07,2017,7,-0.4999999999999998,-0.8660254037844388,0,17.0,1,8.75,-1,10.25,1,0,0,37.75,20.75
2017-08-08,2017,7,-0.4999999999999998,-0.8660254037844388,1,9.0,-1,5.75,1,10.0,0,1,0,20.75,28.75
2017-08-09,2017,7,-0.4999999999999998,-0.8660254037844388,2,18.0,-1,24.75,-1,41.25,0,0,1,28.75,41.5
2017-08-10,2017,7,-0.4999999999999998,-0.8660254037844388,3,20.75,-1,19.25,-1,39.25,0,0,1,41.5,54.5
2017-08-11,2017,7,-0.4999999999999998,-0.8660254037844388,4,16.0,1,25.75,-1,8.25,0,0,1,54.5,49.0
2017-08-14,2017,7,-0.4999999999999998,-0.8660254037844388,0,16.5,1,12.75,1,40.5,1,0,0,49.0,33.75
2017-08-15,2017,7,-0.4999999999999998,-0.8660254037844388,1,23.5,1,15.25,-1,8.5,0,0,1,33.75,27.5
2017-08-16,2017,7,-0.4999999999999998,-0.8660254037844388,2,9.0,1,23.0,1,14.0,0,0,1,27.5,27.25
2017-08-17,2017,7,-0.4999999999999998,-0.8660254037844388,3,9.75,1,17.0,-1,24.75,0,0,1,27.25,56.0
2017-08-18,2017,7,-0.4999999999999998,-0.8660254037844388,4,32.5,1,29.75,-1,3.25,0,1,0,56.0,38.75
2017-08-21,2017,7,-0.4999999999999998,-0.8660254037844388,0,23.75,-1,16.0,-1,5.5,1,0,0,38.75,55.25
2017-08-22,2017,7,-0.4999999999999998,-0.8660254037844388,1,20.0,1,16.5,1,23.75,1,0,0,55.25,42.0
2017-08-23,2017,7,-0.4999999999999998,-0.8660254037844388,2,16.5,-1,10.5,-1,32.5,0,0,1,42.0,20.5
2017-08-24,2017,7,-0.4999999999999998,-0.8660254037844388,3,18.5,1,20.25,1,21.0,0,0,1,20.5,51.75
2017-08-25,2017,7,-0.4999999999999998,-0.8660254037844388,4,17.0,1,15.75,-1,16.75,0,0,1,51.75,38.25
2017-08-28,2017,7,-0.4999999999999998,-0.8660254037844388,0,22.0,-1,17.5,-1,16.75,1,0,0,38.25,32.75
2017-08-29,2017,7,-0.4999999999999998,-0.8660254037844388,1,21.25,-1,39.75,-1,53.25,0,0,1,32.75,60.75
2017-08-30,2017,7,-0.4999999999999998,-0.8660254037844388,2,6.75,-1,19.0,-1,0.75,0,0,1,60.75,41.25
2017-08-31,2017,7,-0.4999999999999998,-0.8660254037844388,3,8.5,1,15.0,1,13.25,0,0,1,41.25,29.5
2017-09-01,2017,8,-0.8660254037844384,-0.5000000000000004,4,6.0,-1,10.0,-1,10.75,0,0,1,29.5,40.25
2017-09-05,2017,8,-0.8660254037844384,-0.5000000000000004,1,13.25,-1,12.25,1,18.0,0,1,0,40.25,33.25
2017-09-06,2017,8,-0.8660254037844384,-0.5000000000000004,2,14.0,1,18.25,1,10.0,0,0,1,33.25,46.0
2017-09-07,2017,8,-0.8660254037844384,-0.5000000000000004,3,12.25,1,7.0,1,15.5,0,0,1,46.0,35.75
2017-09-08,2017,8,-0.8660254037844384,-0.5000000000000004,4,9.5,-1,10.25,-1,12.5,1,0,0,35.75,26.25
2017-09-11,2017,8,-0.8660254037844384,-0.5000000000000004,0,14.5,1,13.75,1,42.75,1,0,0,26.25,32.75
2017-09-12,2017,8,-0.8660254037844384,-0.5000000000000004,1,10.25,-1,9.25,1,15.75,0,1,0,32.75,31.5
2017-09-13,2017,8,-0.8660254037844384,-0.5000000000000004,2,11.75,-1,8.75,-1,11.25,0,0,1,31.5,22.0
2017-09-14,2017,8,-0.8660254037844384,-0.5000000000000004,3,6.5,1,6.0,1,22.75,0,0,1,22.0,26.25
2017-09-15,2017,8,-0.8660254037844384,-0.5000000000000004,4,18.25,1,8.0,1,1.0,0,0,1,26.25,54.5
2017-09-18,2017,8,-0.8660254037844384,-0.5000000000000004,0,10.0,1,9.5,-1,3.75,1,0,0,54.5,25.25
2017-09-19,2017,8,-0.8660254037844384,-0.5000000000000004,1,9.5,-1,8.5,-1,8.25,0,0,1,25.25,23.5
2017-09-20,2017,8,-0.8660254037844384,-0.5000000000000004,2,8.5,1,8.25,1,3.75,0,0,1,23.5,41.25
2017-09-21,2017,8,-0.8660254037844384,-0.5000000000000004,3,10.5,-1,10.0,1,5.75,0,0,1,41.25,54.25
2017-09-22,2017,8,-0.8660254037844384,-0.5000000000000004,4,32.0,-1,10.0,1,22.5,1,0,0,54.25,25.5
2017-09-25,2017,8,-0.8660254037844384,-0.5000000000000004,0,24.25,-1,13.5,-1,23.75,0,1,0,25.5,53.25
2017-09-26,2017,8,-0.8660254037844384,-0.5000000000000004,1,19.75,-1,8.25,1,23.25,0,0,1,53.25,32.0
2017-09-27,2017,8,-0.8660254037844384,-0.5000000000000004,2,13.25,1,14.75,1,26.25,0,0,1,32.0,33.75
2017-09-28,2017,8,-0.8660254037844384,-0.5000000000000004,3,10.0,1,13.0,-1,15.5,0,0,1,33.75,32.0
2017-09-29,2017,8,-0.8660254037844384,-0.5000000000000004,4,9.0,1,6.25,1,9.75,0,1,0,32.0,27.75
2017-10-02,2017,9,-1.0,-1.8369701987210297e-16,0,6.75,-1,8.5,-1,12.25,0,0,1,27.75,20.75
2017-10-03,2017,9,-1.0,-1.8369701987210297e-16,1,16.75,1,7.75,-1,10.75,0,1,0,20.75,25.25
2017-10-04,2017,9,-1.0,-1.8369701987210297e-16,2,6.0,1,3.75,-1,12.25,0,0,1,25.25,17.25
2017-10-05,2017,9,-1.0,-1.8369701987210297e-16,3,6.5,1,6.0,1,19.5,0,0,1,17.25,23.0
2017-10-06,2017,9,-1.0,-1.8369701987210297e-16,4,7.0,1,6.5,-1,25.0,0,0,1,23.0,23.0
2017-10-09,2017,9,-1.0,-1.8369701987210297e-16,0,9.5,1,7.25,-1,13.0,1,0,0,23.0,18.0
2017-10-10,2017,9,-1.0,-1.8369701987210297e-16,1,10.25,1,8.0,1,18.75,0,1,0,18.0,38.25
2017-10-11,2017,9,-1.0,-1.8369701987210297e-16,2,7.5,1,12.0,-1,1.25,0,1,0,38.25,19.0
2017-10-12,2017,9,-1.0,-1.8369701987210297e-16,3,5.75,1,7.75,-1,6.0,0,0,1,19.0,20.5
2017-10-13,2017,9,-1.0,-1.8369701987210297e-16,4,11.75,1,6.0,-1,23.0,0,0,1,20.5,13.25
2017-10-16,2017,9,-1.0,-1.8369701987210297e-16,0,11.0,1,7.25,-1,11.75,0,1,0,13.25,14.5
2017-10-17,2017,9,-1.0,-1.8369701987210297e-16,1,7.75,0,6.75,-1,6.5,0,1,0,14.5,12.25
2017-10-18,2017,9,-1.0,-1.8369701987210297e-16,2,3.25,-1,3.0,-1,6.0,0,0,1,12.25,23.0
2017-10-19,2017,9,-1.0,-1.8369701987210297e-16,3,6.25,-1,61.0,-1,36.5,0,0,1,23.0,40.25
2017-10-20,2017,9,-1.0,-1.8369701987210297e-16,4,39.0,1,16.0,-1,20.5,0,1,0,40.25,19.75
2017-10-23,2017,9,-1.0,-1.8369701987210297e-16,0,13.25,-1,13.25,1,11.25,1,0,0,19.75,36.0
2017-10-24,2017,9,-1.0,-1.8369701987210297e-16,1,9.5,1,11.25,-1,15.5,1,0,0,36.0,26.5
2017-10-25,2017,9,-1.0,-1.8369701987210297e-16,2,9.75,-1,8.5,1,10.75,0,0,1,26.5,32.0
2017-10-26,2017,9,-1.0,-1.8369701987210297e-16,3,8.75,1,8.75,-1,12.0,0,0,1,32.0,30.0
2017-10-27,2017,9,-1.0,-1.8369701987210297e-16,4,25.0,1,18.75,1,49.5,0,0,1,30.0,53.0
2017-10-30,2017,9,-1.0,-1.8369701987210297e-16,0,19.25,1,10.5,1,9.5,0,1,0,53.0,45.5
2017-10-31,2017,9,-1.0,-1.8369701987210297e-16,1,13.5,1,10.75,1,21.5,0,0,1,45.5,20.5
2017-11-01,2017,10,-0.8660254037844386,0.5,2,17.25,1,12.25,1,21.75,0,0,1,20.5,28.75
2017-11-02,2017,10,-0.8660254037844386,0.5,3,33.0,-1,17.75,1,2.5,0,0,1,28.75,34.75
2017-11-03,2017,10,-0.8660254037844386,0.5,4,7.0,-1,13.5,-1,23.0,0,0,1,34.75,28.0
2017-11-06,2017,10,-0.8660254037844386,0.5,0,30.75,-1,9.0,1,0.25,1,0,0,28.0,28.75
2017-11-07,2017,10,-0.8660254037844386,0.5,1,14.5,1,20.5,-1,5.0,1,0,0,28.75,24.0
2017-11-08,2017,10,-0.8660254037844386,0.5,2,11.5,1,12.5,1,0.75,0,0,1,24.0,18.25
2017-11-09,2017,10,-0.8660254037844386,0.5,3,25.5,-1,12.25,-1,49.5,0,0,1,18.25,41.0
2017-11-10,2017,10,-0.8660254037844386,0.5,4,12.25,1,33.75,-1,18.5,0,1,0,41.0,22.75
2017-11-13,2017,10,-0.8660254037844386,0.5,0,12.75,1,13.5,-1,22.75,1,0,0,22.75,32.5
2017-11-14,2017,10,-0.8660254037844386,0.5,1,10.0,-1,11.25,1,18.25,0,0,1,32.5,38.0
2017-11-15,2017,10,-0.8660254037844386,0.5,2,16.25,-1,16.75,-1,25.75,0,0,1,38.0,42.75
2017-11-16,2017,10,-0.8660254037844386,0.5,3,16.25,1,11.75,1,28.75,0,0,1,42.75,39.5
2017-11-17,2017,10,-0.8660254037844386,0.5,4,16.0,-1,14.5,-1,3.5,0,0,1,39.5,18.25
2017-11-20,2017,10,-0.8660254037844386,0.5,0,25.0,-1,13.25,1,11.25,1,0,0,18.25,16.5
2017-11-21,2017,10,-0.8660254037844386,0.5,1,12.25,1,10.5,1,26.25,0,1,0,16.5,40.75
2017-11-22,2017,10,-0.8660254037844386,0.5,2,9.75,1,8.5,-1,7.75,0,0,1,40.75,17.5
2017-11-27,2017,10,-0.8660254037844386,0.5,0,14.0,-1,14.75,1,20.0,0,1,0,17.5,20.75
2017-11-28,2017,10,-0.8660254037844386,0.5,1,11.0,1,10.75,1,10.5,0,0,1,20.75,15.75
2017-11-29,2017,10,-0.8660254037844386,0.5,2,8.5,-1,15.0,-1,1.75,0,0,1,15.75,101.75
2017-11-30,2017,10,-0.8660254037844386,0.5,3,22.25,-1,16.5,1,32.25,0,0,1,101.75,34.75
2017-12-01,2017,11,-0.5000000000000004,0.8660254037844384,4,23.5,1,33.75,-1,28.5,0,0,1,34.75,45.0
2017-12-04,2017,11,-0.5000000000000004,0.8660254037844384,0,14.5,-1,14.25,-1,32.25,0,1,0,45.0,109.0
2017-12-05,2017,11,-0.5000000000000004,0.8660254037844384,1,14.25,1,27.5,-1,2.5,0,0,1,109.0,82.5
2017-12-06,2017,11,-0.5000000000000004,0.8660254037844384,2,41.0,-1,22.75,-1,25.75,0,0,1,82.5,54.5
2017-12-07,2017,11,-0.5000000000000004,0.8660254037844384,3,10.5,1,11.0,-1,21.75,0,0,1,54.5,43.25
2017-12-08,2017,11,-0.5000000000000004,0.8660254037844384,4,22.0,1,10.25,-1,40.5,0,0,1,43.25,17.5
2017-12-11,2017,11,-0.5000000000000004,0.8660254037844384,0,12.0,1,14.25,-1,6.25,1,0,0,17.5,23.5
2017-12-12,2017,11,-0.5000000000000004,0.8660254037844384,1,8.25,-1,8.75,-1,8.25,0,0,1,23.5,23.75
2017-12-13,2017,11,-0.5000000000000004,0.8660254037844384,2,20.0,-1,9.25,1,26.75,0,0,1,23.75,19.25
2017-12-14,2017,11,-0.5000000000000004,0.8660254037844384,3,12.25,-1,8.5,1,11.0,0,0,1,19.25,25.0
2017-12-15,2017,11,-0.5000000000000004,0.8660254037844384,4,20.0,1,6.25,1,23.0,0,1,0,25.0,25.0
2017-12-18,2017,11,-0.5000000000000004,0.8660254037844384,0,13.0,1,16.0,1,24.25,1,0,0,25.0,21.5
2017-12-19,2017,11,-0.5000000000000004,0.8660254037844384,1,6.0,1,8.5,1,10.75,0,0,1,21.5,39.25
2017-12-20,2017,11,-0.5000000000000004,0.8660254037844384,2,9.0,1,12.5,1,17.5,0,0,1,39.25,58.5
2017-12-21,2017,11,-0.5000000000000004,0.8660254037844384,3,11.25,-1,13.0,1,9.5,0,0,1,58.5,25.75
2017-12-22,2017,11,-0.5000000000000004,0.8660254037844384,4,6.0,1,8.5,1,10.25,0,0,1,25.75,20.75
2017-12-26,2017,11,-0.5000000000000004,0.8660254037844384,1,11.5,-1,4.25,1,25.25,1,0,0,20.75,28.25
2017-12-27,2017,11,-0.5000000000000004,0.8660254037844384,2,10.75,1,9.5,1,0.75,0,0,1,28.25,22.75
2017-12-28,2017,11,-0.5000000000000004,0.8660254037844384,3,7.0,1,9.75,1,13.0,0,0,1,22.75,24.0
2017-12-29,2017,11,-0.5000000000000004,0.8660254037844384,4,6.75,-1,7.75,1,12.75,1,0,0,24.0,36.75
2018-01-02,2018,0,0.0,1.0,1,12.0,1,23.75,-1,44.0,1,0,0,36.75,74.75
2018-01-03,2018,0,0.0,1.0,2,8.75,1,10.0,1,12.5,0,0,1,74.75,47.75
2018-01-04,2018,0,0.0,1.0,3,17.0,1,6.75,1,24.75,0,0,1,47.75,29.25
2018-01-05,2018,0,0.0,1.0,4,12.75,1,10.75,1,22.0,0,0,1,29.25,31.25
2018-01-08,2018,0,0.0,1.0,0,9.25,-1,9.5,-1,7.0,1,0,0,31.25,23.75
2018-01-09,2018,0,0.0,1.0,1,14.0,-1,10.0,1,12.0,1,0,0,23.75,37.25
2018-01-10,2018,0,0.0,1.0,2,10.75,1,10.5,-1,30.0,0,0,1,37.25,40.75
2018-01-11,2018,0,0.0,1.0,3,18.75,-1,8.0,1,6.5,0,0,1,40.75,23.0
2018-01-12,2018,0,0.0,1.0,4,9.0,1,16.5,1,17.25,0,0,1,23.0,55.25
2018-01-16,2018,0,0.0,1.0,1,17.0,1,18.0,1,34.75,0,1,0,55.25,38.5
2018-01-17,2018,0,0.0,1.0,2,19.5,1,18.5,1,18.75,0,1,0,38.5,30.75
2018-01-18,2018,0,0.0,1.0,3,26.5,-1,16.25,-1,11.75,0,0,1,30.75,30.5
2018-01-19,2018,0,0.0,1.0,4,24.0,-1,35.25,1,32.25,0,1,0,30.5,43.75
2018-01-22,2018,0,0.0,1.0,0,12.25,1,12.5,-1,5.0,1,0,0,43.75,53.5
2018-01-23,2018,0,0.0,1.0,1,18.25,1,11.0,1,8.25,1,0,0,53.5,40.0
2018-01-24,2018,0,0.0,1.0,2,10.75,1,9.75,1,22.0,0,0,1,40.0,38.75
2018-01-25,2018,0,0.0,1.0,3,17.5,-1,34.75,1,41.5,0,1,0,38.75,61.5
2018-01-26,2018,0,0.0,1.0,4,17.5,1,14.0,1,31.75,0,0,1,61.5,37.5
2018-01-29,2018,0,0.0,1.0,0,22.0,-1,27.5,-1,15.5,0,1,0,37.5,39.75
2018-01-30,2018,0,0.0,1.0,1,76.0,-1,20.0,1,58.5,0,0,1,39.75,53.5
2018-01-31,2018,0,0.0,1.0,2,37.0,1,20.5,1,36.75,0,0,1,53.5,29.0
2018-02-01,2018,1,0.49999999999999994,0.8660254037844387,3,11.5,1,20.5,-1,37.0,0,0,1,29.0,61.75
2018-02-02,2018,1,0.49999999999999994,0.8660254037844387,4,32.75,-1,71.25,-1,15.0,0,0,1,61.75,92.75
2018-02-05,2018,1,0.49999999999999994,0.8660254037844387,0,30.25,1,29.75,1,48.5,0,0,1,92.75,131.0
2018-02-06,2018,1,0.49999999999999994,0.8660254037844387,1,198.25,-1,147.75,1,22.5,1,0,0,131.0,226.0
2018-02-07,2018,1,0.49999999999999994,0.8660254037844387,2,70.75,-1,46.5,1,0.5,0,0,1,226.0,70.25
2018-02-08,2018,1,0.49999999999999994,0.8660254037844387,3,55.25,1,47.75,1,43.0,0,1,0,70.25,131.0
2018-02-09,2018,1,0.49999999999999994,0.8660254037844387,4,79.5,-1,53.0,1,81.0,1,0,0,131.0,139.0
2018-02-12,2018,1,0.49999999999999994,0.8660254037844387,0,20.75,-1,68.0,1,61.0,1,0,0,139.0,91.75
2018-02-13,2018,1,0.49999999999999994,0.8660254037844387,1,39.0,1,35.0,-1,45.0,1,0,0,91.75,63.5
2018-02-14,2018,1,0.49999999999999994,0.8660254037844387,2,16.5,-1,35.0,1,42.0,0,0,1,63.5,108.5
2018-02-15,2018,1,0.49999999999999994,0.8660254037844387,3,48.75,1,24.25,1,47.75,0,0,1,108.5,74.75
2018-02-16,2018,1,0.49999999999999994,0.8660254037844387,4,23.25,1,36.25,1,31.75,0,0,1,74.75,51.0
2018-02-20,2018,1,0.49999999999999994,0.8660254037844387,1,32.25,-1,55.0,-1,39.5,1,0,0,51.0,66.25
2018-02-21,2018,1,0.49999999999999994,0.8660254037844387,2,40.25,-1,32.25,-1,27.25,0,1,0,66.25,40.0
2018-02-22,2018,1,0.49999999999999994,0.8660254037844387,3,38.5,-1,25.25,1,34.5,0,0,1,40.0,47.75
2018-02-23,2018,1,0.49999999999999994,0.8660254037844387,4,20.0,1,27.0,-1,28.0,0,1,0,47.75,34.5
2018-02-26,2018,1,0.49999999999999994,0.8660254037844387,0,17.25,1,25.25,1,24.75,0,1,0,34.5,37.0
2018-02-27,2018,1,0.49999999999999994,0.8660254037844387,1,20.25,-1,22.75,-1,4.0,0,0,1,37.0,60.0
2018-02-28,2018,1,0.49999999999999994,0.8660254037844387,2,37.5,-1,29.25,1,27.75,0,0,1,60.0,50.75
2018-03-01,2018,2,0.8660254037844386,0.5000000000000001,3,38.0,-1,47.75,-1,15.75,0,0,1,50.75,101.25
2018-03-02,2018,2,0.8660254037844386,0.5000000000000001,4,37.25,-1,43.75,-1,88.0,0,1,0,101.25,82.0
2018-03-05,2018,2,0.8660254037844386,0.5000000000000001,0,47.0,-1,71.25,1,24.0,0,0,1,82.0,67.0
2018-03-06,2018,2,0.8660254037844386,0.5000000000000001,1,14.75,1,14.0,1,41.0,1,0,0,67.0,51.25
2018-03-07,2018,2,0.8660254037844386,0.5000000000000001,2,53.0,1,32.25,1,43.25,0,0,1,51.25,61.75
2018-03-08,2018,2,0.8660254037844386,0.5000000000000001,3,18.25,1,22.25,1,59.5,0,1,0,61.75,29.5
2018-03-09,2018,2,0.8660254037844386,0.5000000000000001,4,28.75,-1,11.75,1,46.75,0,0,1,29.5,48.25
2018-03-12,2018,2,0.8660254037844386,0.5000000000000001,0,28.25,1,18.5,0,27.25,1,0,0,48.25,32.25
2018-03-13,2018,2,0.8660254037844386,0.5000000000000001,1,11.25,1,10.75,1,33.0,0,0,1,32.25,56.0
2018-03-14,2018,2,0.8660254037844386,0.5000000000000001,2,25.75,-1,55.5,1,22.5,0,0,1,56.0,42.5
2018-03-15,2018,2,0.8660254037844386,0.5000000000000001,3,47.25,1,15.75,-1,13.25,0,1,0,42.5,43.5
2018-03-16,2018,2,0.8660254037844386,0.5000000000000001,4,25.75,-1,19.5,-1,3.25,0,0,1,43.5,21.0
2018-03-19,2018,2,0.8660254037844386,0.5000000000000001,0,40.0,-1,66.5,-1,71.75,1,0,0,21.0,68.5
2018-03-20,2018,2,0.8660254037844386,0.5000000000000001,1,23.25,1,19.0,-1,31.25,1,0,0,68.5,41.5
2018-03-21,2018,2,0.8660254037844386,0.5000000000000001,2,13.5,1,31.75,-1,30.5,0,0,1,41.5,40.5
2018-03-22,2018,2,0.8660254037844386,0.5000000000000001,3,31.5,1,84.0,-1,104.0,0,1,0,40.5,79.0
2018-03-23,2018,2,0.8660254037844386,0.5000000000000001,4,60.25,-1,69.75,1,0.5,0,0,1,79.0,69.75
2018-03-26,2018,2,0.8660254037844386,0.5000000000000001,0,48.25,1,37.25,1,103.5,1,0,0,69.75,72.75
2018-03-27,2018,2,0.8660254037844386,0.5000000000000001,1,34.75,1,40.5,1,44.25,0,0,1,72.75,60.5
2018-03-28,2018,2,0.8660254037844386,0.5000000000000001,2,38.5,1,80.5,-1,47.75,0,0,1,60.5,138.5
2018-03-29,2018,2,0.8660254037844386,0.5000000000000001,3,32.75,-1,31.0,1,27.0,0,1,0,138.5,120.25
2018-04-02,2018,3,1.0,6.123233995736766e-17,0,24.5,1,21.5,-1,31.5,0,0,1,120.25,126.0
2018-04-03,2018,3,1.0,6.123233995736766e-17,1,29.5,1,37.0,1,62.0,1,0,0,126.0,116.0
2018-04-04,2018,3,1.0,6.123233995736766e-17,2,26.0,-1,113.5,-1,125.0,0,0,1,116.0,92.25
2018-04-05,2018,3,1.0,6.123233995736766e-17,3,50.75,1,42.25,1,51.0,0,1,0,92.25,56.0
2018-04-06,2018,3,1.0,6.123233995736766e-17,4,55.25,1,36.0,1,67.75,0,0,1,56.0,78.25
2018-04-09,2018,3,1.0,6.123233995736766e-17,0,40.75,1,37.5,1,43.25,1,0,0,78.25,87.5
2018-04-10,2018,3,1.0,6.123233995736766e-17,1,151.75,1,49.25,-1,88.25,0,0,1,87.5,71.25
2018-04-11,2018,3,1.0,6.123233995736766e-17,2,28.25,-1,17.75,-1,34.0,0,0,1,71.25,57.25
2018-04-12,2018,3,1.0,6.123233995736766e-17,3,30.5,1,25.25,-1,40.75,0,1,0,57.25,63.5
2018-04-13,2018,3,1.0,6.123233995736766e-17,4,17.0,-1,22.25,1,32.5,0,1,0,63.5,83.5
2018-04-16,2018,3,1.0,6.123233995736766e-17,0,37.75,-1,32.75,1,42.25,0,0,1,83.5,41.75
2018-04-17,2018,3,1.0,6.123233995736766e-17,1,26.0,1,22.75,1,38.5,0,0,1,41.75,53.5
2018-04-18,2018,3,1.0,6.123233995736766e-17,2,17.0,1,19.0,1,2.75,0,0,1,53.5,45.0
2018-04-19,2018,3,1.0,6.123233995736766e-17,3,9.5,-1,26.5,-1,32.5,0,1,0,45.0,40.0
2018-04-20,2018,3,1.0,6.123233995736766e-17,4,25.25,1,46.25,-1,16.0,1,0,0,40.0,66.25
2018-04-23,2018,3,1.0,6.123233995736766e-17,0,22.5,1,33.75,-1,24.75,0,1,0,66.25,53.5
2018-04-24,2018,3,1.0,6.123233995736766e-17,1,23.0,1,37.75,1,18.75,0,0,1,53.5,95.5
2018-04-25,2018,3,1.0,6.123233995736766e-17,2,41.0,-1,48.5,-1,0.25,0,0,1,95.5,96.5
2018-04-26,2018,3,1.0,6.123233995736766e-17,3,22.25,-1,26.75,-1,50.0,0,0,1,96.5,63.25
2018-04-27,2018,3,1.0,6.123233995736766e-17,4,20.25,-1,17.0,-1,17.75,0,0,1,63.25,133.5
2018-04-30,2018,3,1.0,6.123233995736766e-17,0,27.5,1,11.0,-1,7.5,0,1,0,133.5,46.25
2018-05-01,2018,4,0.8660254037844388,-0.4999999999999998,1,10.0,-1,32.25,-1,17.75,0,0,1,46.25,54.75
2018-05-02,2018,4,0.8660254037844388,-0.4999999999999998,2,36.0,-1,13.5,1,8.75,0,0,1,54.75,42.5
2018-05-03,2018,4,0.8660254037844388,-0.4999999999999998,3,18.25,1,17.5,1,17.75,0,0,1,42.5,100.5
2018-05-04,2018,4,0.8660254037844388,-0.4999999999999998,4,35.0,1,27.0,-1,48.25,0,0,1,100.5,125.25
2018-05-07,2018,4,0.8660254037844388,-0.4999999999999998,0,35.0,1,21.25,-1,26.75,1,0,0,125.25,46.5
2018-05-08,2018,4,0.8660254037844388,-0.4999999999999998,1,18.0,1,28.5,-1,13.5,1,0,0,46.5,40.5
2018-05-09,2018,4,0.8660254037844388,-0.4999999999999998,2,10.5,1,34.5,1,11.25,0,0,1,40.5,36.25
2018-05-10,2018,4,0.8660254037844388,-0.4999999999999998,3,27.75,1,13.25,-1,21.25,0,0,1,36.25,32.0
2018-05-11,2018,4,0.8660254037844388,-0.4999999999999998,4,12.5,1,16.5,-1,10.25,0,1,0,32.0,37.5
2018-05-14,2018,4,0.8660254037844388,-0.4999999999999998,0,10.0,1,13.75,-1,14.0,1,0,0,37.5,39.75
2018-05-15,2018,4,0.8660254037844388,-0.4999999999999998,1,17.75,-1,14.5,-1,59.5,0,0,1,39.75,57.25
2018-05-16,2018,4,0.8660254037844388,-0.4999999999999998,2,14.25,1,24.5,1,9.5,0,0,1,57.25,39.75
2018-05-17,2018,4,0.8660254037844388,-0.4999999999999998,3,18.25,-1,14.0,-1,25.25,0,1,0,39.75,55.75
2018-05-18,2018,4,0.8660254037844388,-0.4999999999999998,4,26.5,1,23.75,-1,22.5,0,1,0,55.75,33.0
2018-05-21,2018,4,0.8660254037844388,-0.4999999999999998,0,10.5,1,25.25,-1,51.0,1,0,0,33.0,33.25
2018-05-22,2018,4,0.8660254037844388,-0.4999999999999998,1,11.5,1,17.75,1,27.0,1,0,0,33.25,49.0
2018-05-23,2018,4,0.8660254037844388,-0.4999999999999998,2,38.0,-1,49.5,-1,61.0,0,0,1,49.0,49.25
2018-05-24,2018,4,0.8660254037844388,-0.4999999999999998,3,26.75,-1,34.25,1,0.25,0,1,0,49.25,81.5
2018-05-25,2018,4,0.8660254037844388,-0.4999999999999998,4,41.0,1,16.0,-1,0.0,0,0,1,81.5,45.25
2018-05-29,2018,4,0.8660254037844388,-0.4999999999999998,1,19.25,-1,80.75,-1,28.0,0,0,1,45.25,56.25
2018-05-30,2018,4,0.8660254037844388,-0.4999999999999998,2,31.0,1,26.5,1,15.0,0,0,1,56.25,38.25
2018-05-31,2018,4,0.8660254037844388,-0.4999999999999998,3,18.25,1,19.0,1,8.75,0,0,1,38.25,41.5
2018-06-01,2018,5,0.49999999999999994,-0.8660254037844387,4,15.5,1,21.5,1,31.75,0,0,1,41.5,63.5
2018-06-04,2018,5,0.49999999999999994,-0.8660254037844387,0,24.5,1,14.5,1,21.5,1,0,0,63.5,28.25
2018-06-05,2018,5,0.49999999999999994,-0.8660254037844387,1,17.25,-1,24.0,1,17.0,0,0,1,28.25,29.0
2018-06-06,2018,5,0.49999999999999994,-0.8660254037844387,2,20.75,1,17.0,-1,0.25,0,0,1,29.0,45.0
2018-06-07,2018,5,0.49999999999999994,-0.8660254037844387,3,17.0,1,16.0,-1,23.0,0,1,0,45.0,79.75
2018-06-08,2018,5,0.49999999999999994,-0.8660254037844387,4,21.25,-1,62.75,-1,46.0,1,0,0,79.75,37.0
2018-06-11,2018,5,0.49999999999999994,-0.8660254037844387,0,16.25,1,25.5,1,4.75,1,0,0,37.0,25.25
2018-06-12,2018,5,0.49999999999999994,-0.8660254037844387,1,20.5,-1,27.0,-1,11.5,0,0,1,25.25,20.5
2018-06-13,2018,5,0.49999999999999994,-0.8660254037844387,2,14.0,1,18.5,-1,20.25,0,0,1,20.5,31.75
2018-06-14,2018,5,0.49999999999999994,-0.8660254037844387,3,19.75,-1,17.75,1,36.5,0,0,1,31.75,48.5
2018-06-15,2018,5,0.49999999999999994,-0.8660254037844387,4,17.0,1,30.25,-1,28.75,0,1,0,48.5,39.25
2018-06-18,2018,5,0.49999999999999994,-0.8660254037844387,0,58.25,-1,13.25,1,48.25,1,0,0,39.25,63.75
2018-06-19,2018,5,0.49999999999999994,-0.8660254037844387,1,48.75,-1,36.25,1,95.5,0,0,1,63.75,65.25
2018-06-20,2018,5,0.49999999999999994,-0.8660254037844387,2,37.25,-1,11.0,-1,33.0,0,0,1,65.25,28.75
2018-06-21,2018,5,0.49999999999999994,-0.8660254037844387,3,39.25,1,33.75,-1,10.25,0,1,0,28.75,94.75
2018-06-22,2018,5,0.49999999999999994,-0.8660254037844387,4,17.0,1,28.25,1,29.0,1,0,0,94.75,70.0
2018-06-25,2018,5,0.49999999999999994,-0.8660254037844387,0,44.0,-1,31.0,-1,64.25,1,0,0,70.0,92.5
2018-06-26,2018,5,0.49999999999999994,-0.8660254037844387,1,39.5,1,29.75,1,13.5,0,0,1,92.5,52.75
2018-06-27,2018,5,0.49999999999999994,-0.8660254037844387,2,32.5,-1,73.75,-1,13.5,0,0,1,52.75,45.25
2018-06-28,2018,5,0.49999999999999994,-0.8660254037844387,3,29.0,1,43.25,1,17.0,0,0,1,45.25,57.75
2018-06-29,2018,5,0.49999999999999994,-0.8660254037844387,4,49.75,1,32.5,1,24.5,0,1,0,57.75,39.75
2018-07-02,2018,6,1.2246467991473532e-16,-1.0,0,36.25,-1,44.25,-1,70.25,0,0,1,39.75,77.25
2018-07-05,2018,6,1.2246467991473532e-16,-1.0,3,30.25,-1,33.5,1,37.75,0,0,1,77.25,57.5
2018-07-06,2018,6,1.2246467991473532e-16,-1.0,4,50.25,1,50.25,-1,10.75,0,0,1,57.5,55.25
2018-07-09,2018,6,1.2246467991473532e-16,-1.0,0,32.5,1,13.5,1,36.75,1,0,0,55.25,41.75
2018-07-10,2018,6,1.2246467991473532e-16,-1.0,1,23.0,1,15.0,-1,4.0,1,0,0,41.75,28.5
2018-07-11,2018,6,1.2246467991473532e-16,-1.0,2,43.25,-1,23.75,1,57.5,0,0,1,28.5,52.25
2018-07-12,2018,6,1.2246467991473532e-16,-1.0,3,38.0,1,26.25,-1,42.0,0,0,1,52.25,57.75
2018-07-13,2018,6,1.2246467991473532e-16,-1.0,4,19.0,1,17.25,-1,3.5,0,1,0,57.75,35.5
2018-07-16,2018,6,1.2246467991473532e-16,-1.0,0,20.25,-1,15.5,1,2.5,0,0,1,35.5,31.25
2018-07-17,2018,6,1.2246467991473532e-16,-1.0,1,28.0,-1,21.5,1,27.0,0,0,1,31.25,79.25
2018-07-18,2018,6,1.2246467991473532e-16,-1.0,2,14.25,-1,14.0,-1,0.75,0,0,1,79.25,45.25
2018-07-19,2018,6,1.2246467991473532e-16,-1.0,3,15.0,-1,17.25,-1,24.25,0,1,0,45.25,40.75
2018-07-20,2018,6,1.2246467991473532e-16,-1.0,4,56.25,-1,15.0,1,20.0,1,0,0,40.75,36.0
2018-07-23,2018,6,1.2246467991473532e-16,-1.0,0,40.75,-1,18.25,1,19.25,0,1,0,36.0,50.0
2018-07-24,2018,6,1.2246467991473532e-16,-1.0,1,18.5,1,15.75,-1,33.0,1,0,0,50.0,28.75
2018-07-25,2018,6,1.2246467991473532e-16,-1.0,2,18.0,-1,16.0,1,4.25,0,0,1,28.75,29.0
2018-07-26,2018,6,1.2246467991473532e-16,-1.0,3,38.75,-1,16.25,1,53.0,0,0,1,29.0,43.25
2018-07-27,2018,6,1.2246467991473532e-16,-1.0,4,19.75,1,7.0,1,23.75,0,0,1,43.25,89.25
2018-07-30,2018,6,1.2246467991473532e-16,-1.0,0,33.5,-1,32.0,1,4.75,1,0,0,89.25,98.0
2018-07-31,2018,6,1.2246467991473532e-16,-1.0,1,21.0,-1,21.25,-1,26.75,0,0,1,98.0,81.5
2018-08-01,2018,7,-0.4999999999999998,-0.8660254037844388,2,23.25,-1,25.5,-1,8.5,0,0,1,81.5,50.75
2018-08-02,2018,7,-0.4999999999999998,-0.8660254037844388,3,41.5,-1,27.75,-1,48.5,0,1,0,50.75,88.5
2018-08-03,2018,7,-0.4999999999999998,-0.8660254037844388,4,12.75,-1,11.5,-1,5.0,0,0,1,88.5,41.25
2018-08-06,2018,7,-0.4999999999999998,-0.8660254037844388,0,20.25,1,18.5,-1,4.25,1,0,0,41.25,35.75
2018-08-07,2018,7,-0.4999999999999998,-0.8660254037844388,1,19.0,1,16.0,1,22.0,1,0,0,35.75,33.5
2018-08-08,2018,7,-0.4999999999999998,-0.8660254037844388,2,10.5,1,12.0,1,14.5,0,0,1,33.5,53.5
2018-08-09,2018,7,-0.4999999999999998,-0.8660254037844388,3,20.25,1,10.25,-1,5.75,0,0,1,53.5,37.25
2018-08-10,2018,7,-0.4999999999999998,-0.8660254037844388,4,13.25,-1,17.75,1,52.0,0,0,1,37.25,34.5
2018-08-13,2018,7,-0.4999999999999998,-0.8660254037844388,0,36.0,-1,27.25,1,2.75,1,0,0,34.5,51.75
2018-08-14,2018,7,-0.4999999999999998,-0.8660254037844388,1,17.75,1,26.5,1,20.75,1,0,0,51.75,56.5
2018-08-15,2018,7,-0.4999999999999998,-0.8660254037844388,2,23.25,-1,13.75,1,60.25,0,0,1,56.5,101.75
2018-08-16,2018,7,-0.4999999999999998,-0.8660254037844388,3,58.75,1,24.25,-1,42.5,0,1,0,101.75,25.75
2018-08-17,2018,7,-0.4999999999999998,-0.8660254037844388,4,26.5,1,16.25,1,24.5,0,1,0,25.75,60.5
2018-08-20,2018,7,-0.4999999999999998,-0.8660254037844388,0,17.5,1,25.25,1,17.25,0,1,0,60.5,55.75
2018-08-21,2018,7,-0.4999999999999998,-0.8660254037844388,1,23.75,1,13.25,1,15.25,1,0,0,55.75,33.0
2018-08-22,2018,7,-0.4999999999999998,-0.8660254037844388,2,34.0,1,19.5,1,5.25,0,0,1,33.0,48.5
2018-08-23,2018,7,-0.4999999999999998,-0.8660254037844388,3,20.0,-1,16.0,1,9.25,1,0,0,48.5,52.75
2018-08-24,2018,7,-0.4999999999999998,-0.8660254037844388,4,20.25,1,10.5,1,23.0,0,0,1,52.75,49.5
2018-08-27,2018,7,-0.4999999999999998,-0.8660254037844388,0,12.0,1,9.5,1,35.5,0,0,1,49.5,48.25
2018-08-28,2018,7,-0.4999999999999998,-0.8660254037844388,1,15.75,-1,12.0,1,19.25,0,1,0,48.25,28.25
2018-08-29,2018,7,-0.4999999999999998,-0.8660254037844388,2,14.0,1,6.75,-1,13.0,0,0,1,28.25,54.25
2018-08-30,2018,7,-0.4999999999999998,-0.8660254037844388,3,13.25,-1,15.25,-1,18.0,0,1,0,54.25,38.5
2018-08-31,2018,7,-0.4999999999999998,-0.8660254037844388,4,22.25,1,21.75,-1,7.0,0,1,0,38.5,41.5
2018-09-04,2018,8,-0.8660254037844384,-0.5000000000000004,1,20.5,-1,18.0,-1,30.25,0,0,1,41.5,63.25
2018-09-05,2018,8,-0.8660254037844384,-0.5000000000000004,2,16.0,1,27.5,-1,24.75,1,0,0,63.25,112.75
2018-09-06,2018,8,-0.8660254037844384,-0.5000000000000004,3,18.25,1,31.0,1,2.0,0,0,1,112.75,111.75
2018-09-07,2018,8,-0.8660254037844384,-0.5000000000000004,4,25.5,-1,19.75,-1,50.0,0,0,1,111.75,86.75
2018-09-10,2018,8,-0.8660254037844384,-0.5000000000000004,0,20.5,1,27.5,1,31.25,1,0,0,86.75,62.75
2018-09-11,2018,8,-0.8660254037844384,-0.5000000000000004,1,23.25,1,36.0,-1,37.75,1,0,0,62.75,73.75
2018-09-12,2018,8,-0.8660254037844384,-0.5000000000000004,2,15.75,-1,26.5,1,10.5,0,0,1,73.75,81.25
2018-09-13,2018,8,-0.8660254037844384,-0.5000000000000004,3,21.0,-1,27.0,1,75.25,0,0,1,81.25,47.5
2018-09-14,2018,8,-0.8660254037844384,-0.5000000000000004,4,14.25,1,20.5,1,9.0,0,0,1,47.5,31.0
2018-09-17,2018,8,-0.8660254037844384,-0.5000000000000004,0,13.75,1,24.0,1,14.25,0,1,0,31.0,83.25
2018-09-18,2018,8,-0.8660254037844384,-0.5000000000000004,1,35.0,1,28.25,1,7.0,1,0,0,83.25,79.5
2018-09-19,2018,8,-0.8660254037844384,-0.5000000000000004,2,22.0,-1,12.0,-1,2.25,0,0,1,79.5,75.25
2018-09-20,2018,8,-0.8660254037844384,-0.5000000000000004,3,15.5,-1,14.5,1,45.5,0,1,0,75.25,56.75
2018-09-21,2018,8,-0.8660254037844384,-0.5000000000000004,4,13.5,1,17.25,1,15.5,1,0,0,56.75,53.75
2018-09-24,2018,8,-0.8660254037844384,-0.5000000000000004,0,17.75,-1,17.25,1,46.0,1,0,0,53.75,72.5
2018-09-25,2018,8,-0.8660254037844384,-0.5000000000000004,1,13.25,-1,12.25,1,9.75,0,0,1,72.5,32.5
2018-09-26,2018,8,-0.8660254037844384,-0.5000000000000004,2,21.25,1,11.0,-1,1.0,0,0,1,32.5,35.0
2018-09-27,2018,8,-0.8660254037844384,-0.5000000000000004,3,20.75,-1,19.25,0,35.75,0,0,1,35.0,56.25
2018-09-28,2018,8,-0.8660254037844384,-0.5000000000000004,4,19.75,1,22.25,-1,23.25,0,1,0,56.25,39.0
2018-10-01,2018,9,-1.0,-1.8369701987210297e-16,0,30.5,1,18.5,1,34.75,0,0,1,39.0,37.5
2018-10-02,2018,9,-1.0,-1.8369701987210297e-16,1,21.5,-1,29.25,-1,12.25,0,1,0,37.5,61.75
2018-10-03,2018,9,-1.0,-1.8369701987210297e-16,2,34.0,1,21.25,1,31.75,0,0,1,61.75,31.75
2018-10-04,2018,9,-1.0,-1.8369701987210297e-16,3,27.5,-1,20.75,-1,36.75,0,1,0,31.75,96.75
2018-10-05,2018,9,-1.0,-1.8369701987210297e-16,4,37.25,-1,44.75,-1,3.0,0,0,1,96.75,79.0
2018-10-08,2018,9,-1.0,-1.8369701987210297e-16,0,26.25,1,49.0,-1,49.75,1,0,0,79.0,79.75
2018-10-09,2018,9,-1.0,-1.8369701987210297e-16,1,20.25,1,26.75,-1,11.75,1,0,0,79.75,94.0
2018-10-10,2018,9,-1.0,-1.8369701987210297e-16,2,30.75,-1,30.5,-1,44.5,0,0,1,94.0,125.75
2018-10-11,2018,9,-1.0,-1.8369701987210297e-16,3,106.75,-1,95.0,1,10.5,0,0,1,125.75,136.0
2018-10-12,2018,9,-1.0,-1.8369701987210297e-16,4,38.0,1,57.0,-1,128.75,0,1,0,136.0,57.25
2018-10-15,2018,9,-1.0,-1.8369701987210297e-16,0,42.25,-1,51.0,-1,24.75,0,0,1,57.25,100.25
2018-10-16,2018,9,-1.0,-1.8369701987210297e-16,1,35.75,1,21.75,1,83.75,1,0,0,100.25,52.25
2018-10-17,2018,9,-1.0,-1.8369701987210297e-16,2,15.0,-1,32.75,-1,26.75,0,1,0,52.25,113.5
2018-10-18,2018,9,-1.0,-1.8369701987210297e-16,3,24.0,-1,39.5,1,46.25,0,1,0,113.5,60.25
2018-10-19,2018,9,-1.0,-1.8369701987210297e-16,4,37.5,1,60.5,-1,35.75,1,0,0,60.25,73.0
2018-10-22,2018,9,-1.0,-1.8369701987210297e-16,0,80.5,1,27.25,1,52.75,1,0,0,73.0,110.0
2018-10-23,2018,9,-1.0,-1.8369701987210297e-16,1,62.75,-1,34.25,-1,128.5,1,0,0,110.0,105.25
2018-10-24,2018,9,-1.0,-1.8369701987210297e-16,2,70.5,1,68.0,-1,20.0,0,1,0,105.25,76.0
2018-10-25,2018,9,-1.0,-1.8369701987210297e-16,3,60.75,1,76.25,1,68.75,0,0,1,76.0,125.0
2018-10-26,2018,9,-1.0,-1.8369701987210297e-16,4,83.0,-1,65.5,-1,129.75,0,0,1,125.0,144.75
2018-10-29,2018,9,-1.0,-1.8369701987210297e-16,0,46.25,-1,35.25,-1,59.0,0,1,0,144.75,71.5
2018-10-30,2018,9,-1.0,-1.8369701987210297e-16,1,72.5,1,29.25,-1,38.75,0,0,1,71.5,144.0
2018-10-31,2018,9,-1.0,-1.8369701987210297e-16,2,37.5,1,43.25,1,113.75,0,1,0,144.0,97.0
2018-11-01,2018,10,-0.8660254037844386,0.5,3,37.75,1,43.5,1,33.25,0,0,1,97.0,86.0
2018-11-02,2018,10,-0.8660254037844386,0.5,4,31.5,-1,47.25,1,26.5,0,0,1,86.0,139.75
2018-11-05,2018,10,-0.8660254037844386,0.5,0,33.25,1,23.75,1,9.25,0,0,1,139.75,106.25
2018-11-06,2018,10,-0.8660254037844386,0.5,1,31.5,-1,52.25,-1,6.0,1,0,0,106.25,95.25
2018-11-07,2018,10,-0.8660254037844386,0.5,2,90.5,1,99.5,1,61.75,0,1,0,95.25,103.75
2018-11-08,2018,10,-0.8660254037844386,0.5,3,36.25,-1,31.5,-1,39.0,1,0,0,103.75,49.0
2018-11-09,2018,10,-0.8660254037844386,0.5,4,31.0,1,37.0,-1,69.0,0,0,1,49.0,68.75
2018-11-12,2018,10,-0.8660254037844386,0.5,0,61.0,1,37.0,-1,37.25,1,0,0,68.75,137.75
2018-11-13,2018,10,-0.8660254037844386,0.5,1,88.0,1,59.0,1,28.0,0,1,0,137.75,86.0
2018-11-14,2018,10,-0.8660254037844386,0.5,2,45.0,-1,76.5,-1,52.25,0,0,1,86.0,107.5
2018-11-15,2018,10,-0.8660254037844386,0.5,3,49.25,-1,60.0,-1,0.0,0,0,1,107.5,99.0
2018-11-16,2018,10,-0.8660254037844386,0.5,4,34.75,-1,36.25,-1,79.75,1,0,0,99.0,95.0
2018-11-19,2018,10,-0.8660254037844386,0.5,0,23.0,1,64.0,1,48.0,1,0,0,95.0,128.75
2018-11-20,2018,10,-0.8660254037844386,0.5,1,31.25,-1,58.0,-1,170.5,0,1,0,128.75,163.75
2018-11-21,2018,10,-0.8660254037844386,0.5,2,35.75,1,40.75,-1,87.5,0,0,1,163.75,73.75
2018-11-26,2018,10,-0.8660254037844386,0.5,0,32.25,1,79.5,1,48.5,1,0,0,73.75,67.25
2018-11-27,2018,10,-0.8660254037844386,0.5,1,44.75,1,80.0,1,23.5,0,0,1,67.25,98.75
2018-11-28,2018,10,-0.8660254037844386,0.5,2,23.5,1,32.0,-1,41.75,0,0,1,98.75,48.5
2018-11-29,2018,10,-0.8660254037844386,0.5,3,18.25,-1,25.25,-1,26.5,0,1,0,48.5,68.25
2018-11-30,2018,10,-0.8660254037844386,0.5,4,20.0,1,22.75,-1,5.5,0,1,0,68.25,60.0
2018-12-03,2018,11,-0.5000000000000004,0.8660254037844384,0,44.75,1,24.25,1,133.25,0,0,1,60.0,73.5
2018-12-04,2018,11,-0.5000000000000004,0.8660254037844384,1,52.0,-1,25.25,1,30.25,0,1,0,73.5,40.75
2018-12-06,2018,11,-0.5000000000000004,0.8660254037844384,3,71.5,-1,101.5,-1,141.25,0,0,1,40.75,87.5
2018-12-07,2018,11,-0.5000000000000004,0.8660254037844384,4,36.0,-1,58.5,-1,15.25,0,0,1,87.5,122.75
2018-12-10,2018,11,-0.5000000000000004,0.8660254037844384,0,33.5,-1,39.75,1,15.25,1,0,0,122.75,98.75
2018-12-11,2018,11,-0.5000000000000004,0.8660254037844384,1,40.0,1,33.75,1,93.0,0,0,1,98.75,61.5
2018-12-12,2018,11,-0.5000000000000004,0.8660254037844384,2,38.5,1,69.25,1,92.0,0,0,1,61.5,66.75
2018-12-13,2018,11,-0.5000000000000004,0.8660254037844384,3,36.0,1,55.25,-1,66.5,1,0,0,66.75,94.0
2018-12-14,2018,11,-0.5000000000000004,0.8660254037844384,4,52.75,-1,48.0,-1,58.75,0,0,1,94.0,58.75
2018-12-17,2018,11,-0.5000000000000004,0.8660254037844384,0,20.75,1,42.0,-1,26.75,1,0,0,58.75,93.25
2018-12-18,2018,11,-0.5000000000000004,0.8660254037844384,1,39.0,-1,34.5,1,36.75,0,1,0,93.25,42.5
2018-12-19,2018,11,-0.5000000000000004,0.8660254037844384,2,29.75,1,21.0,1,26.5,1,0,0,42.5,102.25
2018-12-20,2018,11,-0.5000000000000004,0.8660254037844384,3,103.5,-1,48.5,1,19.5,1,0,0,102.25,85.5
2018-12-21,2018,11,-0.5000000000000004,0.8660254037844384,4,33.25,-1,60.25,-1,39.0,0,0,1,85.5,106.25
2018-12-26,2018,11,-0.5000000000000004,0.8660254037844384,2,81.25,-1,66.5,1,81.0,1,0,0,106.25,116.75
2018-12-27,2018,11,-0.5000000000000004,0.8660254037844384,3,56.25,1,109.0,-1,85.5,0,0,1,116.75,122.0
2018-12-28,2018,11,-0.5000000000000004,0.8660254037844384,4,54.5,1,53.5,1,20.75,0,1,0,122.0,105.0
2018-12-31,2018,11,-0.5000000000000004,0.8660254037844384,0,27.0,-1,29.0,-1,59.75,1,0,0,105.0,79.75
2019-01-02,2019,0,0.0,1.0,2,126.0,-1,121.75,-1,142.5,1,0,0,79.75,131.0
2019-01-03,2019,0,0.0,1.0,3,45.25,-1,36.5,-1,92.25,0,0,1,131.0,134.5
2019-01-04,2019,0,0.0,1.0,4,64.5,1,46.5,1,96.5,0,0,1,134.5,144.5
2019-01-07,2019,0,0.0,1.0,0,31.75,-1,53.25,-1,9.0,0,0,1,144.5,62.0
2019-01-08,2019,0,0.0,1.0,1,30.75,1,36.75,1,69.75,1,0,0,62.0,119.0
2019-01-09,2019,0,0.0,1.0,2,41.75,1,35.25,1,30.0,0,1,0,119.0,54.5
2019-01-10,2019,0,0.0,1.0,3,32.25,-1,32.0,-1,40.25,1,0,0,54.5,74.25
2019-01-11,2019,0,0.0,1.0,4,23.0,-1,21.25,1,30.25,0,0,1,74.25,34.0
2019-01-14,2019,0,0.0,1.0,0,42.75,-1,25.75,1,60.75,1,0,0,34.0,55.5
2019-01-15,2019,0,0.0,1.0,1,35.0,1,37.0,-1,32.0,0,0,1,55.5,93.0
2019-01-16,2019,0,0.0,1.0,2,27.75,1,26.0,-1,14.5,1,0,0,93.0,58.0
2019-01-17,2019,0,0.0,1.0,3,28.0,-1,29.75,1,11.0,0,1,0,58.0,51.75
2019-01-18,2019,0,0.0,1.0,4,17.5,1,23.5,1,59.0,0,1,0,51.75,60.25
2019-01-22,2019,0,0.0,1.0,1,33.5,-1,26.5,1,47.75,1,0,0,60.25,41.75
2019-01-23,2019,0,0.0,1.0,2,30.5,1,37.25,1,38.75,1,0,0,41.75,67.5
2019-01-24,2019,0,0.0,1.0,3,37.75,1,38.5,1,23.25,1,0,0,67.5,45.75
2019-01-25,2019,0,0.0,1.0,4,67.5,1,28.75,1,85.5,1,0,0,45.75,52.5
2019-01-28,2019,0,0.0,1.0,0,20.0,-1,22.0,-1,89.25,1,0,0,52.5,51.75
2019-01-29,2019,0,0.0,1.0,1,15.5,1,26.0,1,5.5,0,0,1,51.75,93.0
2019-01-30,2019,0,0.0,1.0,2,33.75,-1,30.25,1,73.5,1,0,0,93.0,42.25
2019-01-31,2019,0,0.0,1.0,3,32.75,1,23.0,-1,12.0,0,1,0,42.25,73.5
2019-02-01,2019,1,0.49999999999999994,0.8660254037844387,4,34.5,-1,20.5,-1,40.75,0,0,1,73.5,56.25
2019-02-04,2019,1,0.49999999999999994,0.8660254037844387,0,19.25,-1,23.25,1,3.0,1,0,0,56.25,62.5
2019-02-05,2019,1,0.49999999999999994,0.8660254037844387,1,11.75,1,21.5,1,34.25,0,0,1,62.5,59.25
2019-02-06,2019,1,0.49999999999999994,0.8660254037844387,2,17.0,1,25.5,-1,17.75,1,0,0,59.25,66.5
2019-02-07,2019,1,0.49999999999999994,0.8660254037844387,3,12.25,-1,18.5,1,54.5,0,1,0,66.5,49.25
2019-02-08,2019,1,0.49999999999999994,0.8660254037844387,4,25.25,-1,21.25,0,59.25,1,0,0,49.25,42.0
2019-02-11,2019,1,0.49999999999999994,0.8660254037844387,0,17.5,-1,62.75,1,30.0,1,0,0,42.0,43.25
2019-02-12,2019,1,0.49999999999999994,0.8660254037844387,1,41.25,1,16.75,1,50.0,1,0,0,43.25,58.75
2019-02-13,2019,1,0.49999999999999994,0.8660254037844387,2,18.0,1,26.0,-1,28.25,0,0,1,58.75,41.25
2019-02-14,2019,1,0.49999999999999994,0.8660254037844387,3,34.75,1,19.0,1,22.5,0,0,1,41.25,58.0
2019-02-15,2019,1,0.49999999999999994,0.8660254037844387,4,32.5,-1,34.25,1,62.75,0,1,0,58.0,47.75
2019-02-19,2019,1,0.49999999999999994,0.8660254037844387,1,18.5,-1,22.25,-1,28.0,1,0,0,47.75,42.25
2019-02-20,2019,1,0.49999999999999994,0.8660254037844387,2,25.0,-1,23.5,-1,9.5,1,0,0,42.25,30.0
2019-02-21,2019,1,0.49999999999999994,0.8660254037844387,3,57.25,1,20.0,-1,23.75,0,0,1,30.0,61.25
2019-02-22,2019,1,0.49999999999999994,0.8660254037844387,4,18.5,-1,32.75,1,22.25,0,1,0,61.25,35.0
2019-02-25,2019,1,0.49999999999999994,0.8660254037844387,0,22.5,-1,14.25,1,60.5,0,1,0,35.0,25.5
2019-02-26,2019,1,0.49999999999999994,0.8660254037844387,1,36.25,-1,16.75,1,25.25,0,0,1,25.5,45.5
2019-02-27,2019,1,0.49999999999999994,0.8660254037844387,2,14.5,1,16.0,-1,21.5,0,0,1,45.5,71.0
2019-02-28,2019,1,0.49999999999999994,0.8660254037844387,3,14.75,1,22.0,1,22.75,0,0,1,71.0,37.5
2019-03-01,2019,2,0.8660254037844386,0.5000000000000001,4,33.5,1,22.0,1,41.0,0,0,1,37.5,42.75
2019-03-04,2019,2,0.8660254037844386,0.5000000000000001,0,15.75,1,15.0,-1,38.0,1,0,0,42.75,38.0
2019-03-05,2019,2,0.8660254037844386,0.5000000000000001,1,25.0,1,21.5,1,12.5,0,1,0,38.0,42.5
2019-03-06,2019,2,0.8660254037844386,0.5000000000000001,2,20.0,1,14.5,1,0.5,1,0,0,42.5,49.75
2019-03-07,2019,2,0.8660254037844386,0.5000000000000001,3,13.5,-1,14.0,-1,17.25,1,0,0,49.75,77.0
2019-03-08,2019,2,0.8660254037844386,0.5000000000000001,4,24.75,-1,21.25,-1,77.0,0,0,1,77.0,55.0
2019-03-11,2019,2,0.8660254037844386,0.5000000000000001,0,43.5,1,22.25,1,19.0,0,0,1,55.0,76.0
2019-03-12,2019,2,0.8660254037844386,0.5000000000000001,1,16.0,1,18.5,-1,16.25,0,0,1,76.0,49.0
2019-03-13,2019,2,0.8660254037844386,0.5000000000000001,2,26.0,-1,26.25,1,33.5,0,0,1,49.0,34.25
2019-03-14,2019,2,0.8660254037844386,0.5000000000000001,3,27.5,-1,31.75,1,8.75,1,0,0,34.25,25.5
2019-03-15,2019,2,0.8660254037844386,0.5000000000000001,4,29.0,1,16.5,1,32.25,0,1,0,25.5,38.5
2019-03-18,2019,2,0.8660254037844386,0.5000000000000001,0,21.75,1,7.75,1,7.75,1,0,0,38.5,44.25
2019-03-19,2019,2,0.8660254037844386,0.5000000000000001,1,16.25,1,17.5,1,26.25,1,0,0,44.25,25.5
2019-03-20,2019,2,0.8660254037844386,0.5000000000000001,2,23.75,-1,20.25,1,7.75,1,0,0,25.5,30.5
2019-03-21,2019,2,0.8660254037844386,0.5000000000000001,3,22.0,1,27.0,-1,20.25,0,1,0,30.5,81.25
2019-03-22,2019,2,0.8660254037844386,0.5000000000000001,4,30.25,-1,40.0,-1,43.0,1,0,0,81.25,76.25
2019-03-25,2019,2,0.8660254037844386,0.5000000000000001,0,71.75,-1,42.75,1,33.75,1,0,0,76.25,78.0
2019-03-26,2019,2,0.8660254037844386,0.5000000000000001,1,25.0,1,24.75,-1,45.0,0,0,1,78.0,47.25
2019-03-27,2019,2,0.8660254037844386,0.5000000000000001,2,25.0,1,18.25,-1,8.75,1,0,0,47.25,61.0
2019-03-28,2019,2,0.8660254037844386,0.5000000000000001,3,35.0,-1,42.5,1,14.0,0,0,1,61.0,50.0
2019-03-29,2019,2,0.8660254037844386,0.5000000000000001,4,22.75,1,18.5,-1,44.0,0,1,0,50.0,48.0
2019-04-01,2019,3,1.0,6.123233995736766e-17,0,32.5,1,18.25,1,60.25,0,0,1,48.0,38.0
2019-04-02,2019,3,1.0,6.123233995736766e-17,1,21.75,-1,9.75,1,6.5,0,0,1,38.0,31.0
2019-04-03,2019,3,1.0,6.123233995736766e-17,2,54.75,1,15.75,1,48.75,0,1,0,31.0,40.75
2019-04-04,2019,3,1.0,6.123233995736766e-17,3,25.75,-1,14.75,-1,13.5,1,0,0,40.75,60.25
2019-04-05,2019,3,1.0,6.123233995736766e-17,4,24.25,1,12.0,1,26.25,0,0,1,60.25,30.25
2019-04-08,2019,3,1.0,6.123233995736766e-17,0,25.5,-1,10.0,1,14.25,1,0,0,30.25,36.25
2019-04-09,2019,3,1.0,6.123233995736766e-17,1,23.75,-1,7.75,-1,29.25,1,0,0,36.25,36.0
2019-04-10,2019,3,1.0,6.123233995736766e-17,2,22.25,1,11.5,1,12.25,0,0,1,36.0,31.5
2019-04-11,2019,3,1.0,6.123233995736766e-17,3,28.75,-1,19.75,-1,5.25,0,0,1,31.5,34.0
2019-04-12,2019,3,1.0,6.123233995736766e-17,4,15.0,-1,37.25,1,33.0,0,1,0,34.0,23.75
2019-04-15,2019,3,1.0,6.123233995736766e-17,0,11.75,-1,9.25,1,3.5,0,1,0,23.75,60.25
2019-04-16,2019,3,1.0,6.123233995736766e-17,1,14.0,1,23.75,1,27.75,1,0,0,60.25,25.75
2019-04-17,2019,3,1.0,6.123233995736766e-17,2,30.5,1,6.0,1,45.75,1,0,0,25.75,53.75
2019-04-18,2019,3,1.0,6.123233995736766e-17,3,31.25,-1,21.0,1,25.5,0,0,1,53.75,52.0
2019-04-22,2019,3,1.0,6.123233995736766e-17,0,36.75,-1,12.0,-1,36.5,1,0,0,52.0,45.0
2019-04-23,2019,3,1.0,6.123233995736766e-17,1,17.25,-1,20.0,-1,15.25,1,0,0,45.0,54.75
2019-04-24,2019,3,1.0,6.123233995736766e-17,2,21.75,-1,11.75,1,2.75,1,0,0,54.75,31.25
2019-04-25,2019,3,1.0,6.123233995736766e-17,3,15.25,1,24.75,-1,13.0,0,0,1,31.25,72.75
2019-04-26,2019,3,1.0,6.123233995736766e-17,4,24.75,-1,15.5,-1,24.25,0,0,1,72.75,68.5
2019-04-29,2019,3,1.0,6.123233995736766e-17,0,10.25,1,17.5,1,3.25,0,1,0,68.5,31.75
2019-04-30,2019,3,1.0,6.123233995736766e-17,1,25.5,-1,12.75,1,22.25,0,0,1,31.75,37.0
2019-05-01,2019,4,0.8660254037844388,-0.4999999999999998,2,19.75,1,14.25,1,35.5,0,0,1,37.0,30.25
2019-05-02,2019,4,0.8660254037844388,-0.4999999999999998,3,21.0,1,18.25,1,8.5,1,0,0,30.25,51.25
2019-05-03,2019,4,0.8660254037844388,-0.4999999999999998,4,30.5,1,20.5,1,60.75,0,0,1,51.25,52.0
2019-05-06,2019,4,0.8660254037844388,-0.4999999999999998,0,51.5,-1,52.5,-1,175.0,1,0,0,52.0,102.75
2019-05-07,2019,4,0.8660254037844388,-0.4999999999999998,1,30.5,-1,56.0,1,87.25,1,0,0,102.75,98.75
2019-05-08,2019,4,0.8660254037844388,-0.4999999999999998,2,42.75,1,31.5,-1,44.75,0,1,0,98.75,74.75
2019-05-09,2019,4,0.8660254037844388,-0.4999999999999998,3,55.5,-1,46.25,-1,94.25,0,0,1,74.75,84.5
2019-05-10,2019,4,0.8660254037844388,-0.4999999999999998,4,122.0,-1,41.75,0,31.25,0,0,1,84.5,144.0
2019-05-13,2019,4,0.8660254037844388,-0.4999999999999998,0,26.75,1,52.0,-1,204.5,0,1,0,144.0,93.0
2019-05-14,2019,4,0.8660254037844388,-0.4999999999999998,1,62.75,1,32.5,1,57.0,1,0,0,93.0,69.0
2019-05-15,2019,4,0.8660254037844388,-0.4999999999999998,2,39.5,1,47.25,-1,55.0,0,0,1,69.0,126.25
2019-05-16,2019,4,0.8660254037844388,-0.4999999999999998,3,44.75,-1,42.5,1,9.75,0,1,0,126.25,113.0
2019-05-17,2019,4,0.8660254037844388,-0.4999999999999998,4,45.25,-1,40.75,-1,83.25,0,1,0,113.0,96.75
2019-05-20,2019,4,0.8660254037844388,-0.4999999999999998,0,34.25,-1,65.25,-1,101.0,1,0,0,96.75,76.25
2019-05-21,2019,4,0.8660254037844388,-0.4999999999999998,1,40.0,1,37.0,-1,57.75,0,1,0,76.25,53.25
2019-05-22,2019,4,0.8660254037844388,-0.4999999999999998,2,28.0,-1,20.75,-1,42.0,0,1,0,53.25,53.0
2019-05-23,2019,4,0.8660254037844388,-0.4999999999999998,3,44.25,-1,44.0,-1,82.75,1,0,0,53.0,44.75
2019-05-24,2019,4,0.8660254037844388,-0.4999999999999998,4,21.25,1,25.5,1,48.5,0,0,1,44.75,64.25
2019-05-28,2019,4,0.8660254037844388,-0.4999999999999998,1,28.0,1,54.0,-1,13.5,0,1,0,64.25,50.25
2019-05-29,2019,4,0.8660254037844388,-0.4999999999999998,2,48.5,-1,39.25,-1,54.75,1,0,0,50.25,49.75
2019-05-30,2019,4,0.8660254037844388,-0.4999999999999998,3,28.5,1,21.5,1,26.0,0,0,1,49.75,33.25
2019-05-31,2019,4,0.8660254037844388,-0.4999999999999998,4,38.25,1,48.5,-1,90.25,0,1,0,33.25,48.0
2019-06-03,2019,5,0.49999999999999994,-0.8660254037844387,0,22.0,-1,32.75,1,20.25,0,0,1,48.0,104.0
2019-06-04,2019,5,0.49999999999999994,-0.8660254037844387,1,24.25,-1,48.5,1,57.0,0,0,1,104.0,65.25
2019-06-05,2019,5,0.49999999999999994,-0.8660254037844387,2,27.0,-1,38.25,1,58.25,0,0,1,65.25,91.75
2019-06-06,2019,5,0.49999999999999994,-0.8660254037844387,3,26.0,1,48.5,1,10.0,1,0,0,91.75,43.5
2019-06-07,2019,5,0.49999999999999994,-0.8660254037844387,4,28.75,1,30.75,1,37.25,0,0,1,43.5,135.0
2019-06-10,2019,5,0.49999999999999994,-0.8660254037844387,0,31.0,-1,14.0,1,49.25,1,0,0,135.0,84.5
2019-06-11,2019,5,0.49999999999999994,-0.8660254037844387,1,39.75,1,28.5,1,72.0,0,1,0,84.5,68.0
2019-06-12,2019,5,0.49999999999999994,-0.8660254037844387,2,28.75,-1,22.75,-1,22.0,0,0,1,68.0,49.0
2019-06-13,2019,5,0.49999999999999994,-0.8660254037844387,3,78.75,-1,64.5,1,57.75,1,0,0,49.0,38.5
2019-06-14,2019,5,0.49999999999999994,-0.8660254037844387,4,34.75,1,41.25,-1,47.25,0,0,1,38.5,39.0
2019-06-17,2019,5,0.49999999999999994,-0.8660254037844387,0,25.0,1,21.0,-1,21.0,1,0,0,39.0,58.5
2019-06-18,2019,5,0.49999999999999994,-0.8660254037844387,1,13.25,1,72.0,1,81.75,0,1,0,58.5,96.5
2019-06-19,2019,5,0.49999999999999994,-0.8660254037844387,2,18.5,-1,15.25,-1,3.75,1,0,0,96.5,45.5
2019-06-20,2019,5,0.49999999999999994,-0.8660254037844387,3,41.5,1,41.5,1,99.0,0,1,0,45.5,49.25
2019-06-21,2019,5,0.49999999999999994,-0.8660254037844387,4,35.0,-1,36.75,1,22.25,0,1,0,49.25,49.5
2019-06-24,2019,5,0.49999999999999994,-0.8660254037844387,0,31.0,1,20.0,-1,17.5,1,0,0,49.5,27.25
2019-06-25,2019,5,0.49999999999999994,-0.8660254037844387,1,63.0,-1,25.0,1,10.25,0,0,1,27.25,72.5
2019-06-26,2019,5,0.49999999999999994,-0.8660254037844387,2,20.75,1,20.5,1,40.5,0,0,1,72.5,50.0
2019-06-27,2019,5,0.49999999999999994,-0.8660254037844387,3,35.5,1,24.75,1,32.5,0,0,1,50.0,27.0
2019-06-28,2019,5,0.49999999999999994,-0.8660254037844387,4,36.5,-1,28.0,1,10.5,0,1,0,27.0,46.25
2019-07-01,2019,6,1.2246467991473532e-16,-1.0,0,30.5,-1,18.25,1,113.25,0,0,1,46.25,56.0
2019-07-02,2019,6,1.2246467991473532e-16,-1.0,1,21.75,1,36.25,-1,0.75,1,0,0,56.0,32.0
2019-07-05,2019,6,1.2246467991473532e-16,-1.0,4,11.25,-1,36.0,-1,9.25,0,0,1,32.0,44.0
2019-07-08,2019,6,1.2246467991473532e-16,-1.0,0,19.25,-1,31.25,1,33.5,1,0,0,44.0,40.75
2019-07-09,2019,6,1.2246467991473532e-16,-1.0,1,50.5,-1,30.0,-1,30.25,0,0,1,40.75,60.25
2019-07-10,2019,6,1.2246467991473532e-16,-1.0,2,24.5,1,23.75,-1,48.5,0,0,1,60.25,62.0
2019-07-11,2019,6,1.2246467991473532e-16,-1.0,3,36.5,1,18.25,-1,11.0,0,0,1,62.0,32.25
2019-07-12,2019,6,1.2246467991473532e-16,-1.0,4,24.75,1,19.0,1,8.25,0,0,1,32.25,29.5
2019-07-15,2019,6,1.2246467991473532e-16,-1.0,0,27.25,1,21.25,1,25.25,0,1,0,29.5,23.25
2019-07-16,2019,6,1.2246467991473532e-16,-1.0,1,11.5,1,11.5,-1,9.25,0,0,1,23.25,20.0
2019-07-17,2019,6,1.2246467991473532e-16,-1.0,2,20.0,1,22.0,1,8.0,0,1,0,20.0,41.25
2019-07-18,2019,6,1.2246467991473532e-16,-1.0,3,31.5,-1,25.75,1,16.25,0,1,0,41.25,41.5
2019-07-19,2019,6,1.2246467991473532e-16,-1.0,4,29.25,1,19.25,1,40.0,0,1,0,41.5,57.0
2019-07-22,2019,6,1.2246467991473532e-16,-1.0,0,20.5,-1,22.0,1,33.75,1,0,0,57.0,44.5
2019-07-23,2019,6,1.2246467991473532e-16,-1.0,1,22.25,1,22.75,1,35.5,1,0,0,44.5,49.0
2019-07-24,2019,6,1.2246467991473532e-16,-1.0,2,27.5,1,33.75,-1,43.75,0,1,0,49.0,56.25
2019-07-25,2019,6,1.2246467991473532e-16,-1.0,3,15.0,1,16.25,1,39.25,0,0,1,56.25,54.75
2019-07-26,2019,6,1.2246467991473532e-16,-1.0,4,31.25,1,19.25,-1,18.5,0,0,1,54.75,39.5
2019-07-29,2019,6,1.2246467991473532e-16,-1.0,0,16.25,-1,18.5,1,5.75,1,0,0,39.5,73.0
2019-07-30,2019,6,1.2246467991473532e-16,-1.0,1,12.5,1,40.0,-1,61.0,0,0,1,73.0,43.5
2019-07-31,2019,6,1.2246467991473532e-16,-1.0,2,19.0,1,22.5,-1,26.0,0,1,0,43.5,26.75
2019-08-01,2019,7,-0.4999999999999998,-0.8660254037844388,3,46.75,1,35.75,1,17.0,0,0,1,26.75,129.75
2019-08-02,2019,7,-0.4999999999999998,-0.8660254037844388,4,45.0,-1,62.0,-1,46.5,0,0,1,129.75,112.75
2019-08-05,2019,7,-0.4999999999999998,-0.8660254037844388,0,133.0,-1,54.5,-1,162.5,0,0,1,112.75,78.25
2019-08-06,2019,7,-0.4999999999999998,-0.8660254037844388,1,218.25,1,71.25,1,110.75,1,0,0,78.25,71.5
2019-08-07,2019,7,-0.4999999999999998,-0.8660254037844388,2,63.75,-1,77.25,1,67.75,0,1,0,71.5,145.75
2019-08-08,2019,7,-0.4999999999999998,-0.8660254037844388,3,79.75,1,52.5,-1,50.75,1,0,0,145.75,91.25
2019-08-09,2019,7,-0.4999999999999998,-0.8660254037844388,4,48.0,-1,28.25,-1,43.75,0,1,0,91.25,95.75
2019-08-12,2019,7,-0.4999999999999998,-0.8660254037844388,0,56.5,1,92.25,-1,47.0,1,0,0,95.75,51.0
2019-08-13,2019,7,-0.4999999999999998,-0.8660254037844388,1,25.75,1,52.75,-1,0.25,0,0,1,51.0,234.25
2019-08-14,2019,7,-0.4999999999999998,-0.8660254037844388,2,44.25,-1,44.5,-1,141.5,1,0,0,234.25,72.0
2019-08-15,2019,7,-0.4999999999999998,-0.8660254037844388,3,41.25,-1,47.25,1,26.5,0,0,1,72.0,74.25
2019-08-16,2019,7,-0.4999999999999998,-0.8660254037844388,4,52.25,1,56.25,1,63.25,0,1,0,74.25,73.5
2019-08-19,2019,7,-0.4999999999999998,-0.8660254037844388,0,22.75,1,39.5,1,104.0,1,0,0,73.5,49.5
2019-08-20,2019,7,-0.4999999999999998,-0.8660254037844388,1,41.75,1,26.75,-1,11.5,1,0,0,49.5,47.0
2019-08-21,2019,7,-0.4999999999999998,-0.8660254037844388,2,27.25,1,43.75,1,74.5,1,0,0,47.0,34.75
2019-08-22,2019,7,-0.4999999999999998,-0.8660254037844388,3,43.0,-1,41.75,-1,2.0,0,1,0,34.75,119.5
2019-08-23,2019,7,-0.4999999999999998,-0.8660254037844388,4,44.25,1,20.5,-1,47.25,0,0,1,119.5,103.75
2019-08-26,2019,7,-0.4999999999999998,-0.8660254037844388,0,71.5,1,167.75,1,47.75,0,0,1,103.75,54.75
2019-08-27,2019,7,-0.4999999999999998,-0.8660254037844388,1,41.0,1,42.25,-1,43.75,0,0,1,54.75,45.0
2019-08-28,2019,7,-0.4999999999999998,-0.8660254037844388,2,28.25,-1,47.0,-1,22.25,0,0,1,45.0,78.25
2019-08-29,2019,7,-0.4999999999999998,-0.8660254037844388,3,38.0,-1,109.75,1,87.0,0,0,1,78.25,70.75
2019-08-30,2019,7,-0.4999999999999998,-0.8660254037844388,4,38.0,1,63.25,1,36.25,0,0,1,70.75,50.25
2019-09-03,2019,8,-0.8660254037844384,-0.5000000000000004,1,41.5,1,63.25,-1,37.5,0,0,1,50.25,80.25
2019-09-04,2019,8,-0.8660254037844384,-0.5000000000000004,2,53.25,1,47.0,1,68.5,0,1,0,80.25,40.0
2019-09-05,2019,8,-0.8660254037844384,-0.5000000000000004,3,118.25,1,47.0,-1,84.75,0,0,1,40.0,82.5
2019-09-06,2019,8,-0.8660254037844384,-0.5000000000000004,4,24.5,-1,29.25,1,17.75,0,0,1,82.5,36.5
2019-09-09,2019,8,-0.8660254037844384,-0.5000000000000004,0,26.25,1,16.25,-1,21.75,1,0,0,36.5,39.75
2019-09-10,2019,8,-0.8660254037844384,-0.5000000000000004,1,37.75,-1,46.25,-1,34.0,1,0,0,39.75,55.75
2019-09-11,2019,8,-0.8660254037844384,-0.5000000000000004,2,61.0,1,27.5,-1,13.5,0,0,1,55.75,58.75
2019-09-12,2019,8,-0.8660254037844384,-0.5000000000000004,3,29.75,-1,23.5,-1,68.0,0,0,1,58.75,72.0
2019-09-13,2019,8,-0.8660254037844384,-0.5000000000000004,4,17.25,1,19.5,-1,11.25,0,0,1,72.0,36.25
2019-09-16,2019,8,-0.8660254037844384,-0.5000000000000004,0,45.0,-1,24.0,1,46.5,1,0,0,36.25,39.0
2019-09-17,2019,8,-0.8660254037844384,-0.5000000000000004,1,29.25,-1,31.5,1,3.5,1,0,0,39.0,30.5
2019-09-18,2019,8,-0.8660254037844384,-0.5000000000000004,2,16.0,-1,16.5,-1,13.0,0,0,1,30.5,20.5
2019-09-19,2019,8,-0.8660254037844384,-0.5000000000000004,3,49.75,-1,51.5,1,6.75,0,0,1,20.5,49.5
2019-09-20,2019,8,-0.8660254037844384,-0.5000000000000004,4,25.0,1,18.25,1,16.75,1,0,0,49.5,31.0
2019-09-23,2019,8,-0.8660254037844384,-0.5000000000000004,0,27.5,-1,71.75,-1,1.75,0,1,0,31.0,40.25
2019-09-24,2019,8,-0.8660254037844384,-0.5000000000000004,1,21.75,-1,16.25,0,26.25,0,0,1,40.25,60.0
2019-09-25,2019,8,-0.8660254037844384,-0.5000000000000004,2,36.25,-1,55.25,-1,11.5,0,0,1,60.0,86.75
2019-09-26,2019,8,-0.8660254037844384,-0.5000000000000004,3,22.5,-1,52.0,1,6.5,0,1,0,86.75,55.75
2019-09-27,2019,8,-0.8660254037844384,-0.5000000000000004,4,26.5,-1,24.5,1,17.75,0,0,1,55.75,67.75
2019-09-30,2019,8,-0.8660254037844384,-0.5000000000000004,0,30.75,1,26.75,1,23.75,0,1,0,67.75,41.5
2019-10-01,2019,9,-1.0,-1.8369701987210297e-16,1,41.0,1,34.25,-1,13.25,0,0,1,41.5,97.25
2019-10-02,2019,9,-1.0,-1.8369701987210297e-16,2,29.0,-1,66.75,-1,44.75,0,0,1,97.25,94.25
2019-10-03,2019,9,-1.0,-1.8369701987210297e-16,3,32.25,1,45.25,1,21.25,0,0,1,94.25,110.75
2019-10-04,2019,9,-1.0,-1.8369701987210297e-16,4,15.25,1,30.5,-1,29.75,0,0,1,110.75,45.5
2019-10-07,2019,9,-1.0,-1.8369701987210297e-16,0,26.0,-1,26.25,-1,25.5,1,0,0,45.5,48.75
2019-10-08,2019,9,-1.0,-1.8369701987210297e-16,1,43.25,1,55.0,-1,53.75,0,1,0,48.75,68.25
2019-10-09,2019,9,-1.0,-1.8369701987210297e-16,2,32.5,1,53.5,1,62.25,0,0,1,68.25,35.75
2019-10-10,2019,9,-1.0,-1.8369701987210297e-16,3,99.25,1,43.25,-1,5.25,0,0,1,35.75,84.0
2019-10-11,2019,9,-1.0,-1.8369701987210297e-16,4,35.0,1,58.5,1,81.5,0,1,0,84.0,54.75
2019-10-14,2019,9,-1.0,-1.8369701987210297e-16,0,39.0,-1,33.75,-1,14.0,1,0,0,54.75,41.5
2019-10-15,2019,9,-1.0,-1.8369701987210297e-16,1,20.75,0,22.25,1,17.75,1,0,0,41.5,82.25
2019-10-16,2019,9,-1.0,-1.8369701987210297e-16,2,27.0,-1,25.75,1,32.75,0,0,1,82.25,40.25
2019-10-17,2019,9,-1.0,-1.8369701987210297e-16,3,20.5,1,37.0,1,31.25,0,0,1,40.25,54.25
2019-10-18,2019,9,-1.0,-1.8369701987210297e-16,4,23.5,-1,27.5,1,10.0,0,1,0,54.25,61.25
2019-10-21,2019,9,-1.0,-1.8369701987210297e-16,0,16.5,1,27.25,1,33.0,1,0,0,61.25,42.75
2019-10-22,2019,9,-1.0,-1.8369701987210297e-16,1,35.0,1,31.75,-1,24.75,1,0,0,42.75,32.25
2019-10-23,2019,9,-1.0,-1.8369701987210297e-16,2,34.25,-1,25.5,1,7.75,1,0,0,32.25,39.5
2019-10-24,2019,9,-1.0,-1.8369701987210297e-16,3,13.25,-1,24.0,1,51.5,0,1,0,39.5,44.5
2019-10-25,2019,9,-1.0,-1.8369701987210297e-16,4,16.75,1,15.25,-1,0.75,1,0,0,44.5,79.25
2019-10-28,2019,9,-1.0,-1.8369701987210297e-16,0,13.25,1,25.25,1,39.25,1,0,0,79.25,36.0
2019-10-29,2019,9,-1.0,-1.8369701987210297e-16,1,12.75,-1,18.0,-1,7.25,0,0,1,36.0,41.25
2019-10-30,2019,9,-1.0,-1.8369701987210297e-16,2,15.25,-1,10.0,-1,12.5,0,0,1,41.25,48.0
2019-10-31,2019,9,-1.0,-1.8369701987210297e-16,3,17.5,-1,26.0,1,1.75,0,1,0,48.0,71.5
2019-11-01,2019,10,-0.8660254037844386,0.5,4,32.25,1,20.0,-1,37.75,0,0,1,71.5,44.25
2019-11-04,2019,10,-0.8660254037844386,0.5,0,21.0,1,21.5,1,60.25,1,0,0,44.25,30.0
2019-11-05,2019,10,-0.8660254037844386,0.5,1,20.5,1,14.25,1,8.75,0,0,1,30.0,41.5
2019-11-06,2019,10,-0.8660254037844386,0.5,2,17.0,1,25.0,-1,0.5,0,1,0,41.5,32.5
2019-11-07,2019,10,-0.8660254037844386,0.5,3,15.5,-1,60.0,1,34.0,1,0,0,32.5,39.25
2019-11-08,2019,10,-0.8660254037844386,0.5,4,28.0,-1,20.5,1,21.25,0,1,0,39.25,48.5
2019-11-11,2019,10,-0.8660254037844386,0.5,0,16.0,-1,22.0,-1,36.75,1,0,0,48.5,36.25
2019-11-12,2019,10,-0.8660254037844386,0.5,1,23.0,1,24.0,-1,4.0,1,0,0,36.25,43.5
2019-11-13,2019,10,-0.8660254037844386,0.5,2,18.0,-1,42.75,-1,31.5,0,0,1,43.5,37.75
2019-11-14,2019,10,-0.8660254037844386,0.5,3,41.5,1,20.25,0,24.5,0,0,1,37.75,32.75
2019-11-15,2019,10,-0.8660254037844386,0.5,4,15.5,-1,15.0,1,48.75,0,0,1,32.75,28.25
2019-11-18,2019,10,-0.8660254037844386,0.5,0,14.0,1,47.75,1,4.25,1,0,0,28.25,35.25
2019-11-19,2019,10,-0.8660254037844386,0.5,1,32.75,1,26.0,1,31.0,0,1,0,35.25,52.0
2019-11-20,2019,10,-0.8660254037844386,0.5,2,27.5,-1,34.5,-1,16.25,0,1,0,52.0,31.25
2019-11-21,2019,10,-0.8660254037844386,0.5,3,50.25,1,32.0,-1,8.25,0,1,0,31.25,39.5
2019-11-22,2019,10,-0.8660254037844386,0.5,4,16.5,1,27.25,1,18.5,0,0,1,39.5,54.75
2019-11-25,2019,10,-0.8660254037844386,0.5,0,13.0,-1,8.0,-1,31.5,1,0,0,54.75,60.0
2019-11-26,2019,10,-0.8660254037844386,0.5,1,41.25,-1,20.0,-1,4.5,0,0,1,60.0,24.5
2019-11-27,2019,10,-0.8660254037844386,0.5,2,17.5,1,16.5,1,10.0,0,0,1,24.5,27.25
2019-12-02,2019,11,-0.5000000000000004,0.8660254037844384,0,10.75,1,21.5,1,43.0,0,0,1,27.25,137.0
2019-12-03,2019,11,-0.5000000000000004,0.8660254037844384,1,30.5,1,18.25,-1,103.25,1,0,0,137.0,55.75
2019-12-04,2019,11,-0.5000000000000004,0.8660254037844384,2,24.5,1,93.75,1,50.25,0,0,1,55.75,31.75
2019-12-05,2019,11,-0.5000000000000004,0.8660254037844384,3,24.5,1,25.75,1,30.0,1,0,0,31.75,54.0
2019-12-06,2019,11,-0.5000000000000004,0.8660254037844384,4,12.25,-1,16.5,1,62.0,0,0,1,54.0,27.25
2019-12-09,2019,11,-0.5000000000000004,0.8660254037844384,0,13.0,-1,14.75,-1,11.75,1,0,0,27.25,39.25
2019-12-10,2019,11,-0.5000000000000004,0.8660254037844384,1,20.0,1,53.75,-1,12.5,1,0,0,39.25,56.0
2019-12-11,2019,11,-0.5000000000000004,0.8660254037844384,2,20.0,1,39.25,-1,12.5,0,0,1,56.0,32.5
2019-12-12,2019,11,-0.5000000000000004,0.8660254037844384,3,12.5,1,17.25,1,11.5,0,1,0,32.5,116.25
2019-12-13,2019,11,-0.5000000000000004,0.8660254037844384,4,16.0,-1,16.25,1,9.25,0,0,1,116.25,80.75
2019-12-16,2019,11,-0.5000000000000004,0.8660254037844384,0,11.5,1,13.25,1,52.5,0,0,1,80.75,44.0
2019-12-17,2019,11,-0.5000000000000004,0.8660254037844384,1,21.25,1,24.5,-1,9.0,0,1,0,44.0,29.0
2019-12-18,2019,11,-0.5000000000000004,0.8660254037844384,2,8.25,-1,18.5,1,12.75,0,1,0,29.0,21.5
2019-12-19,2019,11,-0.5000000000000004,0.8660254037844384,3,16.75,-1,16.5,1,1.75,0,1,0,21.5,21.75
2019-12-20,2019,11,-0.5000000000000004,0.8660254037844384,4,8.75,-1,9.25,0,33.25,0,1,0,21.75,26.5
2019-12-23,2019,11,-0.5000000000000004,0.8660254037844384,0,5.25,-1,7.5,1,22.25,0,1,0,26.5,14.75
2019-12-26,2019,11,-0.5000000000000004,0.8660254037844384,3,5.75,-1,7.0,1,15.75,1,0,0,14.75,30.0
2019-12-27,2019,11,-0.5000000000000004,0.8660254037844384,4,16.0,1,11.75,1,27.75,0,1,0,30.0,52.75
2019-12-30,2019,11,-0.5000000000000004,0.8660254037844384,0,13.5,1,15.0,-1,4.5,0,0,1,52.75,101.75
2019-12-31,2019,11,-0.5000000000000004,0.8660254037844384,1,13.0,1,16.5,-1,23.5,0,0,1,101.75,54.5
2020-01-02,2020,0,0.0,1.0,3,19.5,1,28.25,1,55.25,1,0,0,54.5,50.25
2020-01-03,2020,0,0.0,1.0,4,103.75,-1,61.75,-1,119.5,0,0,1,50.25,70.25
2020-01-06,2020,0,0.0,1.0,0,35.0,1,67.0,-1,70.75,1,0,0,70.25,101.0
2020-01-07,2020,0,0.0,1.0,1,27.25,1,42.5,1,17.25,0,0,1,101.0,44.5
2020-01-08,2020,0,0.0,1.0,2,131.0,1,39.0,1,9.0,0,1,0,44.5,49.5
2020-01-09,2020,0,0.0,1.0,3,30.75,1,37.0,1,58.0,0,1,0,49.5,30.0
2020-01-10,2020,0,0.0,1.0,4,17.5,1,18.0,1,29.25,0,0,1,30.0,38.0
2020-01-13,2020,0,0.0,1.0,0,21.75,1,19.75,1,37.5,1,0,0,38.0,34.75
2020-01-14,2020,0,0.0,1.0,1,30.5,-1,53.75,1,11.25,0,0,1,34.75,51.0
2020-01-15,2020,0,0.0,1.0,2,28.75,-1,18.25,1,7.0,0,1,0,51.0,44.75
2020-01-16,2020,0,0.0,1.0,3,14.25,1,31.75,1,36.25,0,0,1,44.75,31.5
2020-01-17,2020,0,0.0,1.0,4,14.5,-1,27.25,1,42.5,0,1,0,31.5,40.0
2020-01-21,2020,0,0.0,1.0,1,49.0,-1,28.5,1,20.25,1,0,0,40.0,31.0
2020-01-22,2020,0,0.0,1.0,2,51.0,1,18.75,-1,53.5,1,0,0,31.0,42.25
2020-01-23,2020,0,0.0,1.0,3,35.5,-1,27.5,1,4.75,0,0,1,42.25,63.25
2020-01-24,2020,0,0.0,1.0,4,16.75,1,30.25,1,24.25,0,1,0,63.25,54.75
2020-01-27,2020,0,0.0,1.0,0,41.25,-1,61.75,-1,195.75,1,0,0,54.75,68.75
2020-01-28,2020,0,0.0,1.0,1,46.5,1,65.75,-1,69.75,0,0,1,68.75,77.5
2020-01-29,2020,0,0.0,1.0,2,56.25,1,26.0,-1,45.25,0,1,0,77.5,86.5
2020-01-30,2020,0,0.0,1.0,3,69.75,-1,66.0,1,44.0,0,0,1,86.5,89.25
2020-01-31,2020,0,0.0,1.0,4,37.75,1,55.25,-1,37.25,0,1,0,89.25,131.5
2020-02-03,2020,1,0.49999999999999994,0.8660254037844387,0,64.25,1,46.75,-1,25.25,0,0,1,131.5,120.0
2020-02-04,2020,1,0.49999999999999994,0.8660254037844387,1,81.0,1,67.75,1,144.25,1,0,0,120.0,68.75
2020-02-05,2020,1,0.49999999999999994,0.8660254037844387,2,33.5,1,132.75,1,99.5,0,0,1,68.75,140.0
2020-02-06,2020,1,0.49999999999999994,0.8660254037844387,3,71.0,1,43.5,-1,13.25,1,0,0,140.0,61.25
2020-02-07,2020,1,0.49999999999999994,0.8660254037844387,4,28.25,-1,47.0,-1,43.5,0,0,1,61.25,54.5
2020-02-10,2020,1,0.49999999999999994,0.8660254037844387,0,76.0,1,49.5,-1,29.25,1,0,0,54.5,100.25
2020-02-11,2020,1,0.49999999999999994,0.8660254037844387,1,41.75,1,24.5,-1,48.75,0,0,1,100.25,70.75
2020-02-12,2020,1,0.49999999999999994,0.8660254037844387,2,35.5,1,30.75,1,54.5,0,0,1,70.75,44.75
2020-02-13,2020,1,0.49999999999999994,0.8660254037844387,3,24.25,-1,44.5,-1,75.5,0,0,1,44.75,70.5
2020-02-14,2020,1,0.49999999999999994,0.8660254037844387,4,48.75,1,22.75,-1,5.25,0,0,1,70.5,46.75
2020-02-18,2020,1,0.49999999999999994,0.8660254037844387,1,31.25,-1,33.5,-1,49.0,1,0,0,46.75,53.5
2020-02-19,2020,1,0.49999999999999994,0.8660254037844387,2,30.25,1,21.5,1,53.0,0,1,0,53.5,41.75
2020-02-20,2020,1,0.49999999999999994,0.8660254037844387,3,74.0,-1,36.0,-1,27.5,0,1,0,41.75,40.0
2020-02-21,2020,1,0.49999999999999994,0.8660254037844387,4,44.5,-1,48.75,1,35.0,0,0,1,40.0,132.0
2020-02-24,2020,1,0.49999999999999994,0.8660254037844387,0,60.25,-1,167.25,-1,355.25,1,0,0,132.0,161.25
2020-02-25,2020,1,0.49999999999999994,0.8660254037844387,1,57.0,1,95.5,-1,65.25,0,0,1,161.25,205.75
2020-02-26,2020,1,0.49999999999999994,0.8660254037844387,2,108.0,1,218.5,-1,35.75,0,1,0,205.75,157.5
2020-02-27,2020,1,0.49999999999999994,0.8660254037844387,3,125.0,-1,101.0,1,189.75,0,1,0,157.5,202.5
2020-02-28,2020,1,0.49999999999999994,0.8660254037844387,4,240.25,-1,229.0,-1,218.75,0,1,0,202.5,195.75
2020-03-02,2020,2,0.8660254037844386,0.5000000000000001,0,214.5,1,182.0,1,59.0,0,0,1,195.75,154.5
2020-03-03,2020,2,0.8660254037844386,0.5000000000000001,1,123.75,-1,127.0,1,115.75,0,0,1,154.5,257.75
2020-03-04,2020,2,0.8660254037844386,0.5000000000000001,2,90.5,1,93.25,1,164.25,0,0,1,257.75,133.5
2020-03-05,2020,2,0.8660254037844386,0.5000000000000001,3,58.75,-1,91.0,-1,178.75,1,0,0,133.5,126.0
2020-03-06,2020,2,0.8660254037844386,0.5000000000000001,4,162.5,-1,129.25,-1,264.25,0,0,1,126.0,181.25
2020-03-09,2020,2,0.8660254037844386,0.5000000000000001,0,66.25,-1,1.0,0,533.5,1,0,0,181.25,357.25
2020-03-10,2020,2,0.8660254037844386,0.5000000000000001,1,166.5,1,132.25,1,285.75,1,0,0,357.25,171.0
2020-03-11,2020,2,0.8660254037844386,0.5000000000000001,2,134.5,-1,161.0,1,165.5,0,0,1,171.0,135.25
2020-03-12,2020,2,0.8660254037844386,0.5000000000000001,3,416.75,-1,125.25,-1,506.5,0,1,0,135.25,290.0
2020-03-13,2020,2,0.8660254037844386,0.5000000000000001,4,244.0,-1,346.25,1,448.0,0,1,0,290.0,291.75
2020-03-17,2020,2,0.8660254037844386,0.5000000000000001,1,207.75,1,140.5,-1,125.25,0,0,1,383.0,305.0
2020-03-19,2020,2,0.8660254037844386,0.5000000000000001,3,527.75,-1,301.25,1,28.25,0,0,1,363.0,380.5
2020-03-20,2020,2,0.8660254037844386,0.5000000000000001,4,184.75,1,323.75,1,160.75,0,0,1,380.5,189.5
2020-03-23,2020,2,0.8660254037844386,0.5000000000000001,0,179.25,1,122.75,1,32.0,1,0,0,189.5,245.5
2020-03-24,2020,2,0.8660254037844386,0.5000000000000001,1,226.75,1,127.5,1,377.0,0,0,1,245.5,146.0
2020-03-25,2020,2,0.8660254037844386,0.5000000000000001,2,144.0,-1,236.25,1,3.25,0,1,0,146.0,292.75
2020-03-26,2020,2,0.8660254037844386,0.5000000000000001,3,193.5,-1,97.75,-1,64.0,0,0,1,292.75,202.25
2020-03-27,2020,2,0.8660254037844386,0.5000000000000001,4,185.0,-1,111.5,-1,191.75,1,0,0,202.25,114.5
2020-03-30,2020,2,0.8660254037844386,0.5000000000000001,0,141.0,1,178.25,-1,89.25,1,0,0,114.5,166.5
2020-03-31,2020,2,0.8660254037844386,0.5000000000000001,1,84.0,-1,125.75,1,11.25,0,0,1,166.5,198.0
2020-04-01,2020,3,1.0,6.123233995736766e-17,2,78.25,-1,106.75,-1,204.5,0,0,1,198.0,96.75
2020-04-02,2020,3,1.0,6.123233995736766e-17,3,88.75,1,67.5,1,4.75,0,0,1,96.75,209.0
2020-04-03,2020,3,1.0,6.123233995736766e-17,4,72.0,-1,66.5,-1,36.75,0,0,1,209.0,129.75
2020-04-06,2020,3,1.0,6.123233995736766e-17,0,165.5,1,75.5,1,279.75,1,0,0,129.75,131.25
2020-04-07,2020,3,1.0,6.123233995736766e-17,1,148.75,-1,200.0,1,248.25,1,0,0,131.25,227.25
2020-04-08,2020,3,1.0,6.123233995736766e-17,2,123.25,1,144.0,-1,102.75,1,0,0,227.25,109.75
2020-04-09,2020,3,1.0,6.123233995736766e-17,3,95.0,-1,92.75,-1,94.25,0,0,1,109.75,169.5
2020-04-13,2020,3,1.0,6.123233995736766e-17,0,62.0,-1,45.0,1,39.25,1,0,0,169.5,88.25
2020-04-14,2020,3,1.0,6.123233995736766e-17,1,162.5,1,56.75,-1,159.25,1,0,0,88.25,152.75
2020-04-15,2020,3,1.0,6.123233995736766e-17,2,47.75,-1,106.75,-1,151.75,0,0,1,152.75,96.25
2020-04-16,2020,3,1.0,6.123233995736766e-17,3,68.5,1,99.25,1,86.5,0,0,1,96.25,122.25
2020-04-17,2020,3,1.0,6.123233995736766e-17,4,67.25,-1,84.5,-1,113.75,1,0,0,122.25,131.25
2020-04-20,2020,3,1.0,6.123233995736766e-17,0,89.75,1,53.25,-1,71.25,1,0,0,131.25,98.0
2020-04-21,2020,3,1.0,6.123233995736766e-17,1,160.25,-1,62.5,1,60.25,1,0,0,98.0,264.0
2020-04-22,2020,3,1.0,6.123233995736766e-17,2,90.5,1,71.75,1,137.0,1,0,0,264.0,74.75
2020-04-23,2020,3,1.0,6.123233995736766e-17,3,71.75,-1,82.5,-1,41.25,0,0,1,74.75,124.5
2020-04-24,2020,3,1.0,6.123233995736766e-17,4,67.25,-1,71.75,1,44.0,0,0,1,124.5,87.0
2020-04-27,2020,3,1.0,6.123233995736766e-17,0,111.5,1,51.5,-1,90.5,1,0,0,87.0,64.25
2020-04-28,2020,3,1.0,6.123233995736766e-17,1,70.5,-1,61.75,1,80.75,0,0,1,64.25,216.75
2020-04-29,2020,3,1.0,6.123233995736766e-17,2,94.75,1,52.75,-1,139.75,0,0,1,216.75,123.75
2020-04-30,2020,3,1.0,6.123233995736766e-17,3,96.5,1,58.25,-1,22.5,0,0,1,123.75,79.75
2020-05-01,2020,4,0.8660254037844388,-0.4999999999999998,4,74.5,-1,82.25,-1,143.5,0,0,1,79.75,99.0
2020-05-04,2020,4,0.8660254037844388,-0.4999999999999998,0,113.75,1,74.5,1,46.5,1,0,0,99.0,118.5
2020-05-05,2020,4,0.8660254037844388,-0.4999999999999998,1,56.5,1,92.0,-1,111.0,0,0,1,118.5,77.25
2020-05-06,2020,4,0.8660254037844388,-0.4999999999999998,2,82.25,-1,48.5,1,63.5,1,0,0,77.25,110.75
2020-05-07,2020,4,0.8660254037844388,-0.4999999999999998,3,65.75,1,71.5,1,134.5,0,0,1,110.75,78.75
2020-05-08,2020,4,0.8660254037844388,-0.4999999999999998,4,74.5,1,70.0,-1,48.25,0,0,1,78.75,78.75
2020-05-11,2020,4,0.8660254037844388,-0.4999999999999998,0,38.5,1,62.5,-1,62.0,1,0,0,78.75,106.75
2020-05-12,2020,4,0.8660254037844388,-0.4999999999999998,1,60.75,-1,63.25,-1,36.25,0,0,1,106.75,108.75
2020-05-13,2020,4,0.8660254037844388,-0.4999999999999998,2,96.0,1,55.5,1,45.25,0,0,1,108.75,160.0
2020-05-14,2020,4,0.8660254037844388,-0.4999999999999998,3,75.75,-1,88.0,1,59.25,0,1,0,160.0,128.75
2020-05-15,2020,4,0.8660254037844388,-0.4999999999999998,4,68.0,-1,63.75,1,116.5,0,0,1,128.75,113.75
2020-05-18,2020,4,0.8660254037844388,-0.4999999999999998,0,58.5,1,68.75,1,172.0,1,0,0,113.75,95.75
2020-05-19,2020,4,0.8660254037844388,-0.4999999999999998,1,58.5,-1,116.25,1,2.25,0,0,1,95.75,84.5
2020-05-20,2020,4,0.8660254037844388,-0.4999999999999998,2,56.5,1,70.5,1,103.25,1,0,0,84.5,72.25
2020-05-21,2020,4,0.8660254037844388,-0.4999999999999998,3,59.75,-1,42.25,-1,0.25,0,0,1,72.25,122.25
2020-05-22,2020,4,0.8660254037844388,-0.4999999999999998,4,125.0,-1,64.75,1,3.0,1,0,0,122.25,79.0
2020-05-26,2020,4,0.8660254037844388,-0.4999999999999998,1,74.5,1,36.5,1,151.5,0,1,0,79.0,91.5
2020-05-27,2020,4,0.8660254037844388,-0.4999999999999998,2,120.5,1,40.25,1,46.5,1,0,0,91.5,212.75
2020-05-28,2020,4,0.8660254037844388,-0.4999999999999998,3,123.0,-1,76.0,-1,52.5,0,0,1,212.75,116.25
2020-05-29,2020,4,0.8660254037844388,-0.4999999999999998,4,72.75,1,66.75,-1,17.25,0,0,1,116.25,102.75
2020-06-01,2020,5,0.49999999999999994,-0.8660254037844387,0,73.0,1,107.25,-1,56.75,0,0,1,102.75,79.25
2020-06-02,2020,5,0.49999999999999994,-0.8660254037844387,1,30.25,1,58.0,1,7.75,1,0,0,79.25,76.25
2020-06-03,2020,5,0.49999999999999994,-0.8660254037844387,2,40.75,-1,35.75,-1,31.25,0,0,1,76.25,53.0
2020-06-04,2020,5,0.49999999999999994,-0.8660254037844387,3,55.5,-1,36.75,-1,2.5,0,1,0,53.0,72.75
2020-06-05,2020,5,0.49999999999999994,-0.8660254037844387,4,55.0,1,43.25,-1,42.75,0,0,1,72.75,133.0
2020-06-08,2020,5,0.49999999999999994,-0.8660254037844387,0,45.75,-1,52.5,-1,0.25,1,0,0,133.0,82.5
2020-06-09,2020,5,0.49999999999999994,-0.8660254037844387,1,37.75,1,93.25,-1,25.25,1,0,0,82.5,114.5
2020-06-10,2020,5,0.49999999999999994,-0.8660254037844387,2,35.5,1,29.5,-1,87.0,0,0,1,114.5,60.0
2020-06-11,2020,5,0.49999999999999994,-0.8660254037844387,3,93.0,-1,90.0,-1,171.5,0,1,0,60.0,106.5
2020-06-12,2020,5,0.49999999999999994,-0.8660254037844387,4,136.75,1,113.0,1,181.75,0,0,1,106.5,206.5
2020-06-15,2020,5,0.49999999999999994,-0.8660254037844387,0,57.75,1,120.5,1,122.5,1,0,0,206.5,152.25
2020-06-16,2020,5,0.49999999999999994,-0.8660254037844387,1,106.25,1,60.25,-1,184.75,0,0,1,152.25,178.75
2020-06-17,2020,5,0.49999999999999994,-0.8660254037844387,2,70.25,-1,87.75,1,43.75,0,1,0,178.75,81.75
2020-06-18,2020,5,0.49999999999999994,-0.8660254037844387,3,91.0,-1,94.75,1,26.0,0,1,0,81.75,71.5
2020-06-19,2020,5,0.49999999999999994,-0.8660254037844387,4,38.75,-1,55.5,1,114.0,1,0,0,71.5,43.75
2020-06-22,2020,5,0.49999999999999994,-0.8660254037844387,0,102.75,1,74.25,1,71.5,1,0,0,43.75,81.5
2020-06-23,2020,5,0.49999999999999994,-0.8660254037844387,1,178.25,-1,108.5,1,51.0,0,1,0,81.5,72.5
2020-06-24,2020,5,0.49999999999999994,-0.8660254037844387,2,61.0,1,106.0,-1,28.75,1,0,0,72.5,165.75
2020-06-25,2020,5,0.49999999999999994,-0.8660254037844387,3,90.75,1,131.25,1,19.5,0,1,0,165.75,131.75
2020-06-26,2020,5,0.49999999999999994,-0.8660254037844387,4,38.5,1,63.75,-1,14.75,0,1,0,131.75,231.25
2020-06-29,2020,5,0.49999999999999994,-0.8660254037844387,0,69.75,1,77.0,1,30.25,0,1,0,231.25,160.75
2020-06-30,2020,5,0.49999999999999994,-0.8660254037844387,1,39.5,1,51.5,-1,24.0,0,1,0,160.75,123.75
2020-07-01,2020,6,1.2246467991473532e-16,-1.0,2,33.5,1,53.75,1,16.5,0,1,0,123.75,98.75
2020-07-02,2020,6,1.2246467991473532e-16,-1.0,3,46.5,1,50.75,1,101.75,0,0,1,98.75,64.5
2020-07-06,2020,6,1.2246467991473532e-16,-1.0,0,108.75,1,33.0,-1,113.5,0,0,1,64.5,104.75
2020-07-07,2020,6,1.2246467991473532e-16,-1.0,1,78.5,-1,58.25,-1,20.5,1,0,0,104.75,115.75
2020-07-08,2020,6,1.2246467991473532e-16,-1.0,2,39.25,-1,80.25,1,42.5,0,1,0,115.75,74.0
2020-07-09,2020,6,1.2246467991473532e-16,-1.0,3,48.75,-1,41.75,1,69.25,0,1,0,74.0,159.25
2020-07-10,2020,6,1.2246467991473532e-16,-1.0,4,77.0,-1,55.5,1,8.25,0,1,0,159.25,124.0
2020-07-13,2020,6,1.2246467991473532e-16,-1.0,0,41.5,1,51.0,-1,99.5,1,0,0,124.0,100.0
2020-07-14,2020,6,1.2246467991473532e-16,-1.0,1,48.5,-1,108.0,1,111.75,0,0,1,100.0,270.5
2020-07-15,2020,6,1.2246467991473532e-16,-1.0,2,74.5,-1,42.25,-1,76.5,0,1,0,270.5,89.25
2020-07-16,2020,6,1.2246467991473532e-16,-1.0,3,72.25,-1,97.0,-1,113.25,0,0,1,89.25,98.25
2020-07-17,2020,6,1.2246467991473532e-16,-1.0,4,46.75,1,52.25,1,125.25,0,1,0,98.25,112.5
2020-07-20,2020,6,1.2246467991473532e-16,-1.0,0,98.0,-1,63.0,1,39.5,1,0,0,112.5,170.5
2020-07-21,2020,6,1.2246467991473532e-16,-1.0,1,78.25,1,37.0,-1,48.5,1,0,0,170.5,141.5
2020-07-22,2020,6,1.2246467991473532e-16,-1.0,2,70.75,1,93.5,-1,15.0,0,1,0,141.5,114.0
2020-07-23,2020,6,1.2246467991473532e-16,-1.0,3,46.5,1,101.75,1,34.25,0,1,0,114.0,101.5
2020-07-24,2020,6,1.2246467991473532e-16,-1.0,4,146.75,-1,111.75,-1,130.0,0,1,0,101.5,202.75
2020-07-27,2020,6,1.2246467991473532e-16,-1.0,0,110.0,1,38.25,1,89.0,0,1,0,202.75,122.0
2020-07-28,2020,6,1.2246467991473532e-16,-1.0,1,73.5,-1,65.5,-1,44.5,0,0,1,122.0,89.5
2020-07-29,2020,6,1.2246467991473532e-16,-1.0,2,55.0,-1,65.0,1,49.0,0,0,1,89.5,74.25
2020-07-30,2020,6,1.2246467991473532e-16,-1.0,3,29.75,-1,139.25,-1,108.5,0,0,1,74.25,106.25
2020-07-31,2020,6,1.2246467991473532e-16,-1.0,4,65.75,-1,67.25,1,102.25,0,1,0,106.25,187.25
2020-08-03,2020,7,-0.4999999999999998,-0.8660254037844388,0,61.75,1,55.25,1,83.75,0,0,1,187.25,87.25
2020-08-04,2020,7,-0.4999999999999998,-0.8660254037844388,1,45.25,1,105.5,-1,31.5,1,0,0,87.25,75.75
2020-08-05,2020,7,-0.4999999999999998,-0.8660254037844388,2,46.75,1,44.25,1,18.0,0,0,1,75.75,63.0
2020-08-06,2020,7,-0.4999999999999998,-0.8660254037844388,3,57.75,-1,47.0,1,9.75,0,1,0,63.0,74.0
2020-08-07,2020,7,-0.4999999999999998,-0.8660254037844388,4,99.25,-1,45.75,1,29.0,0,0,1,74.0,61.5
2020-08-10,2020,7,-0.4999999999999998,-0.8660254037844388,0,36.25,1,39.25,-1,12.75,1,0,0,61.5,204.0
2020-08-11,2020,7,-0.4999999999999998,-0.8660254037844388,1,60.75,1,61.5,1,41.75,1,0,0,204.0,100.5
2020-08-12,2020,7,-0.4999999999999998,-0.8660254037844388,2,70.75,-1,68.5,1,82.5,0,0,1,100.5,157.25
2020-08-13,2020,7,-0.4999999999999998,-0.8660254037844388,3,55.75,-1,54.25,1,47.75,0,1,0,157.25,84.5
2020-08-14,2020,7,-0.4999999999999998,-0.8660254037844388,4,30.25,-1,91.5,-1,16.25,0,0,1,84.5,110.75
2020-08-17,2020,7,-0.4999999999999998,-0.8660254037844388,0,36.75,1,33.0,1,90.5,1,0,0,110.75,55.25
2020-08-18,2020,7,-0.4999999999999998,-0.8660254037844388,1,32.0,-1,25.25,1,41.0,1,0,0,55.25,114.0
2020-08-19,2020,7,-0.4999999999999998,-0.8660254037844388,2,31.25,1,35.75,1,17.25,0,1,0,114.0,82.5
2020-08-20,2020,7,-0.4999999999999998,-0.8660254037844388,3,81.0,-1,41.75,1,48.75,0,1,0,82.5,132.5
2020-08-21,2020,7,-0.4999999999999998,-0.8660254037844388,4,31.75,1,45.75,-1,2.5,0,1,0,132.5,102.5
2020-08-24,2020,7,-0.4999999999999998,-0.8660254037844388,0,48.0,1,67.0,1,126.0,1,0,0,102.5,194.25
2020-08-25,2020,7,-0.4999999999999998,-0.8660254037844388,1,52.0,1,36.25,-1,44.75,0,1,0,194.25,74.5
2020-08-26,2020,7,-0.4999999999999998,-0.8660254037844388,2,28.5,-1,39.75,1,41.25,0,1,0,74.5,80.25
2020-08-27,2020,7,-0.4999999999999998,-0.8660254037844388,3,45.75,-1,33.75,1,23.25,0,0,1,80.25,112.5
2020-08-28,2020,7,-0.4999999999999998,-0.8660254037844388,4,82.0,1,78.0,-1,27.75,0,1,0,112.5,70.5
2020-08-31,2020,7,-0.4999999999999998,-0.8660254037844388,0,46.0,1,46.25,-1,29.25,1,0,0,70.5,96.0
2020-09-01,2020,8,-0.8660254037844384,-0.5000000000000004,1,48.75,1,73.5,1,86.5,0,0,1,96.0,146.25
2020-09-02,2020,8,-0.8660254037844384,-0.5000000000000004,2,63.0,1,65.75,1,119.25,0,1,0,146.25,192.25
2020-09-03,2020,8,-0.8660254037844384,-0.5000000000000004,3,61.75,-1,58.25,-1,187.25,0,0,1,192.25,352.0
2020-09-04,2020,8,-0.8660254037844384,-0.5000000000000004,4,118.0,1,170.25,1,83.5,0,0,1,352.0,701.0
2020-09-08,2020,8,-0.8660254037844384,-0.5000000000000004,1,106.75,-1,237.5,-1,393.5,1,0,0,701.0,287.75
2020-09-09,2020,8,-0.8660254037844384,-0.5000000000000004,2,120.5,1,210.5,1,237.75,1,0,0,287.75,195.25
2020-09-10,2020,8,-0.8660254037844384,-0.5000000000000004,3,111.75,-1,191.25,-1,109.75,0,1,0,195.25,185.5
2020-09-11,2020,8,-0.8660254037844384,-0.5000000000000004,4,88.25,1,90.25,1,69.25,0,0,1,185.5,182.5
2020-09-14,2020,8,-0.8660254037844384,-0.5000000000000004,0,78.5,1,74.0,-1,179.5,1,0,0,182.5,154.5
2020-09-15,2020,8,-0.8660254037844384,-0.5000000000000004,1,71.0,1,48.0,1,150.0,1,0,0,154.5,105.0
2020-09-16,2020,8,-0.8660254037844384,-0.5000000000000004,2,108.0,1,83.5,1,0.0,0,0,1,105.0,141.5
2020-09-17,2020,8,-0.8660254037844384,-0.5000000000000004,3,207.75,-1,127.5,-1,303.5,0,1,0,141.5,184.25
2020-09-18,2020,8,-0.8660254037844384,-0.5000000000000004,4,92.75,1,83.75,-1,41.0,0,1,0,184.25,190.5
2020-09-21,2020,8,-0.8660254037844384,-0.5000000000000004,0,95.75,-1,202.25,-1,169.75,0,0,1,190.5,184.0
2020-09-22,2020,8,-0.8660254037844384,-0.5000000000000004,1,107.5,-1,120.5,1,78.25,0,0,1,184.0,131.5
2020-09-23,2020,8,-0.8660254037844384,-0.5000000000000004,2,50.75,-1,87.0,1,4.0,0,0,1,131.5,129.0
2020-09-24,2020,8,-0.8660254037844384,-0.5000000000000004,3,109.5,1,109.75,-1,110.5,0,0,1,129.0,233.0
2020-09-25,2020,8,-0.8660254037844384,-0.5000000000000004,4,55.25,-1,67.5,-1,5.25,0,1,0,233.0,157.25
2020-09-28,2020,8,-0.8660254037844384,-0.5000000000000004,0,51.0,1,79.75,1,205.5,1,0,0,157.25,107.75
2020-09-29,2020,8,-0.8660254037844384,-0.5000000000000004,1,46.25,1,104.0,-1,49.5,0,1,0,107.75,96.5
2020-09-30,2020,8,-0.8660254037844384,-0.5000000000000004,2,195.5,-1,100.0,1,18.25,0,1,0,96.5,170.0
2020-10-01,2020,9,-1.0,-1.8369701987210297e-16,3,68.0,1,56.75,1,198.5,0,0,1,170.0,84.0
2020-10-02,2020,9,-1.0,-1.8369701987210297e-16,4,75.0,-1,108.5,1,257.25,0,0,1,84.0,167.5
2020-10-05,2020,9,-1.0,-1.8369701987210297e-16,0,53.0,-1,73.5,-1,92.25,0,0,1,167.5,112.0
2020-10-06,2020,9,-1.0,-1.8369701987210297e-16,1,47.25,1,76.0,-1,21.75,0,0,1,112.0,80.75
2020-10-07,2020,9,-1.0,-1.8369701987210297e-16,2,58.75,1,47.25,1,114.75,1,0,0,80.75,74.75
2020-10-08,2020,9,-1.0,-1.8369701987210297e-16,3,47.5,0,65.0,1,97.0,0,1,0,74.75,89.0
2020-10-09,2020,9,-1.0,-1.8369701987210297e-16,4,39.25,1,33.25,-1,61.25,1,0,0,89.0,71.5
2020-10-12,2020,9,-1.0,-1.8369701987210297e-16,0,57.75,1,106.25,1,185.5,1,0,0,71.5,104.25
2020-10-13,2020,9,-1.0,-1.8369701987210297e-16,1,79.25,-1,136.5,1,49.0,0,0,1,104.25,121.75
2020-10-14,2020,9,-1.0,-1.8369701987210297e-16,2,72.75,1,58.5,1,16.25,0,1,0,121.75,125.75
2020-10-15,2020,9,-1.0,-1.8369701987210297e-16,3,107.0,-1,152.75,-1,198.75,0,1,0,125.75,133.25
2020-10-16,2020,9,-1.0,-1.8369701987210297e-16,4,116.0,-1,71.25,1,86.75,0,0,1,133.25,95.25
2020-10-19,2020,9,-1.0,-1.8369701987210297e-16,0,57.25,1,63.25,1,111.75,1,0,0,95.25,195.5
2020-10-20,2020,9,-1.0,-1.8369701987210297e-16,1,81.75,-1,46.5,-1,17.75,1,0,0,195.5,105.0
2020-10-21,2020,9,-1.0,-1.8369701987210297e-16,2,49.0,1,136.75,-1,12.75,1,0,0,105.0,124.0
2020-10-22,2020,9,-1.0,-1.8369701987210297e-16,3,42.75,-1,67.75,1,9.0,0,1,0,124.0,213.0
2020-10-23,2020,9,-1.0,-1.8369701987210297e-16,4,55.75,1,80.0,1,30.5,0,1,0,213.0,111.25
2020-10-26,2020,9,-1.0,-1.8369701987210297e-16,0,33.75,-1,68.75,-1,85.25,0,1,0,111.25,166.25
2020-10-27,2020,9,-1.0,-1.8369701987210297e-16,1,48.75,1,46.5,1,34.5,0,1,0,166.25,92.0
2020-10-28,2020,9,-1.0,-1.8369701987210297e-16,2,32.75,-1,128.25,-1,193.25,1,0,0,92.0,220.75
2020-10-29,2020,9,-1.0,-1.8369701987210297e-16,3,70.25,1,83.75,-1,26.25,0,0,1,220.75,136.75
2020-10-30,2020,9,-1.0,-1.8369701987210297e-16,4,61.25,-1,107.75,1,75.75,0,0,1,136.75,293.0
2020-11-02,2020,10,-0.8660254037844386,0.5,0,82.0,1,137.0,1,67.0,0,0,1,293.0,105.0
2020-11-03,2020,10,-0.8660254037844386,0.5,1,59.25,-1,91.0,1,72.25,1,0,0,105.0,234.25
2020-11-04,2020,10,-0.8660254037844386,0.5,2,533.0,1,330.75,1,395.5,0,0,1,234.25,239.0
2020-11-05,2020,10,-0.8660254037844386,0.5,3,215.75,1,154.25,1,238.75,0,1,0,239.0,136.0
2020-11-06,2020,10,-0.8660254037844386,0.5,4,130.75,-1,127.0,-1,73.5,0,0,1,136.0,166.0
2020-11-09,2020,10,-0.8660254037844386,0.5,0,119.75,1,94.0,-1,104.5,1,0,0,166.0,218.5
2020-11-10,2020,10,-0.8660254037844386,0.5,1,212.5,-1,158.5,-1,169.25,1,0,0,218.5,246.25
2020-11-11,2020,10,-0.8660254037844386,0.5,2,111.25,1,183.75,1,94.75,1,0,0,246.25,140.0
2020-11-12,2020,10,-0.8660254037844386,0.5,3,103.0,1,131.25,1,21.75,0,0,1,140.0,95.75
2020-11-13,2020,10,-0.8660254037844386,0.5,4,65.25,1,71.5,1,37.0,0,1,0,95.75,122.0
2020-11-16,2020,10,-0.8660254037844386,0.5,0,47.75,1,49.5,-1,30.5,1,0,0,122.0,127.5
2020-11-17,2020,10,-0.8660254037844386,0.5,1,61.5,-1,48.5,1,7.0,0,0,1,127.5,80.25
2020-11-18,2020,10,-0.8660254037844386,0.5,2,51.0,-1,79.0,1,25.25,1,0,0,80.25,78.25
2020-11-19,2020,10,-0.8660254037844386,0.5,3,56.25,-1,98.5,-1,14.0,0,1,0,78.25,112.0
2020-11-20,2020,10,-0.8660254037844386,0.5,4,70.25,1,36.75,1,2.0,1,0,0,112.0,60.75
2020-11-23,2020,10,-0.8660254037844386,0.5,0,21.0,1,47.25,1,61.0,0,1,0,60.75,130.5
2020-11-24,2020,10,-0.8660254037844386,0.5,1,40.75,1,46.5,-1,36.75,0,1,0,130.5,114.25
2020-11-25,2020,10,-0.8660254037844386,0.5,2,68.75,-1,36.5,1,33.5,0,1,0,114.25,67.0
2020-11-30,2020,10,-0.8660254037844386,0.5,0,83.25,-1,63.75,1,99.5,0,1,0,67.0,214.0
2020-12-01,2020,11,-0.5000000000000004,0.8660254037844384,1,37.5,1,50.25,-1,79.5,0,0,1,214.0,98.25
2020-12-02,2020,11,-0.5000000000000004,0.8660254037844384,2,36.25,-1,47.0,-1,73.75,0,0,1,98.25,124.25
2020-12-03,2020,11,-0.5000000000000004,0.8660254037844384,3,42.0,1,31.75,1,5.0,0,1,0,124.25,76.75
2020-12-04,2020,11,-0.5000000000000004,0.8660254037844384,4,31.5,1,20.0,-1,13.5,0,0,1,76.75,73.25
2020-12-07,2020,11,-0.5000000000000004,0.8660254037844384,0,43.75,-1,56.75,-1,25.0,1,0,0,73.25,75.5
2020-12-08,2020,11,-0.5000000000000004,0.8660254037844384,1,29.5,1,40.25,1,16.0,1,0,0,75.5,85.25
2020-12-09,2020,11,-0.5000000000000004,0.8660254037844384,2,26.5,-1,24.25,-1,10.0,1,0,0,85.25,75.25
2020-12-10,2020,11,-0.5000000000000004,0.8660254037844384,3,46.25,-1,61.25,1,84.25,0,0,1,75.25,218.0
2020-12-11,2020,11,-0.5000000000000004,0.8660254037844384,4,44.75,-1,74.5,-1,55.5,0,1,0,218.0,84.75
2020-12-14,2020,11,-0.5000000000000004,0.8660254037844384,0,23.25,-1,35.75,1,56.75,1,0,0,84.75,124.25
2020-12-15,2020,11,-0.5000000000000004,0.8660254037844384,1,63.5,-1,64.0,1,96.0,1,0,0,124.25,61.25
2020-12-16,2020,11,-0.5000000000000004,0.8660254037844384,2,40.5,1,39.0,1,18.25,0,0,1,61.25,63.0
2020-12-17,2020,11,-0.5000000000000004,0.8660254037844384,3,39.25,1,39.75,1,61.75,0,1,0,63.0,61.75
2020-12-18,2020,11,-0.5000000000000004,0.8660254037844384,4,32.75,-1,55.0,1,26.0,1,0,0,61.75,105.0
2020-12-21,2020,11,-0.5000000000000004,0.8660254037844384,0,38.5,1,107.5,-1,157.5,1,0,0,105.0,187.75
2020-12-22,2020,11,-0.5000000000000004,0.8660254037844384,1,76.5,-1,97.0,1,30.0,0,1,0,187.75,75.75
2020-12-23,2020,11,-0.5000000000000004,0.8660254037844384,2,60.0,1,23.25,1,4.25,1,0,0,75.75,74.25
2020-12-28,2020,11,-0.5000000000000004,0.8660254037844384,0,51.0,1,32.5,1,175.5,1,0,0,74.25,79.25
2020-12-29,2020,11,-0.5000000000000004,0.8660254037844384,1,16.75,1,17.25,1,55.25,1,0,0,79.25,107.5
2020-12-30,2020,11,-0.5000000000000004,0.8660254037844384,2,65.25,1,18.0,1,39.75,1,0,0,107.5,89.25
2020-12-31,2020,11,-0.5000000000000004,0.8660254037844384,3,26.0,-1,19.0,-1,3.5,1,0,0,89.25,35.0
2021-01-04,2021,0,0.0,1.0,0,44.25,1,69.0,1,55.0,1,0,0,35.0,180.25
2021-01-05,2021,0,0.0,1.0,1,65.5,-1,76.5,-1,26.25,0,1,0,180.25,133.75
2021-01-06,2021,0,0.0,1.0,2,215.25,-1,171.75,-1,193.25,1,0,0,133.75,217.0
2021-01-07,2021,0,0.0,1.0,3,49.5,1,101.75,-1,99.5,0,1,0,217.0,183.0
2021-01-08,2021,0,0.0,1.0,4,38.0,1,45.0,1,83.5,0,0,1,183.0,102.0
2021-01-11,2021,0,0.0,1.0,0,63.5,-1,46.25,1,150.25,1,0,0,102.0,111.5
2021-01-12,2021,0,0.0,1.0,1,57.75,-1,49.0,1,12.25,1,0,0,111.5,105.0
2021-01-13,2021,0,0.0,1.0,2,47.5,1,25.75,-1,3.5,0,0,1,105.0,109.75
2021-01-14,2021,0,0.0,1.0,3,81.5,-1,48.25,-1,14.0,1,0,0,109.75,60.0
2021-01-15,2021,0,0.0,1.0,4,82.0,-1,42.75,1,10.5,0,0,1,60.0,178.75
2021-01-19,2021,0,0.0,1.0,1,84.0,1,32.5,1,124.25,1,0,0,178.75,72.5
2021-01-20,2021,0,0.0,1.0,2,33.5,1,44.0,1,131.75,1,0,0,72.5,127.75
2021-01-21,2021,0,0.0,1.0,3,48.25,1,38.25,-1,35.0,0,1,0,127.75,106.0
2021-01-22,2021,0,0.0,1.0,4,44.25,-1,45.0,-1,52.75,0,1,0,106.0,68.75
2021-01-25,2021,0,0.0,1.0,0,39.5,1,45.0,1,139.25,1,0,0,68.75,212.75
2021-01-26,2021,0,0.0,1.0,1,70.75,-1,69.5,1,29.75,0,1,0,212.75,96.25
2021-01-27,2021,0,0.0,1.0,2,34.5,-1,38.0,-1,179.5,1,0,0,96.25,218.25
2021-01-28,2021,0,0.0,1.0,3,122.0,1,133.25,-1,185.75,0,0,1,218.25,158.25
2021-01-29,2021,0,0.0,1.0,4,197.5,-1,141.25,-1,74.0,1,0,0,158.25,159.25
2021-02-01,2021,1,0.49999999999999994,0.8660254037844387,0,150.5,1,130.75,1,165.25,0,0,1,159.25,162.0
2021-02-02,2021,1,0.49999999999999994,0.8660254037844387,1,118.25,1,77.25,1,140.0,1,0,0,162.0,92.5
2021-02-03,2021,1,0.49999999999999994,0.8660254037844387,2,47.0,1,71.0,-1,46.75,0,1,0,92.5,156.75
2021-02-04,2021,1,0.49999999999999994,0.8660254037844387,3,102.0,-1,48.5,1,46.25,0,1,0,156.75,88.5
2021-02-05,2021,1,0.49999999999999994,0.8660254037844387,4,65.25,1,43.5,-1,31.0,0,0,1,88.5,73.75
2021-02-08,2021,1,0.49999999999999994,0.8660254037844387,0,34.75,1,47.5,-1,60.5,1,0,0,73.75,60.25
2021-02-09,2021,1,0.49999999999999994,0.8660254037844387,1,30.5,1,14.25,-1,37.75,1,0,0,60.25,90.0
2021-02-10,2021,1,0.49999999999999994,0.8660254037844387,2,68.25,1,35.5,1,52.25,0,0,1,90.0,245.25
2021-02-11,2021,1,0.49999999999999994,0.8660254037844387,3,55.5,1,56.75,1,50.0,0,1,0,245.25,61.75
2021-02-12,2021,1,0.49999999999999994,0.8660254037844387,4,31.25,-1,52.5,-1,28.0,1,0,0,61.75,90.0
2021-02-16,2021,1,0.49999999999999994,0.8660254037844387,1,27.75,1,40.0,-1,21.0,1,0,0,90.0,64.0
2021-02-17,2021,1,0.49999999999999994,0.8660254037844387,2,78.0,1,56.25,-1,110.5,0,0,1,64.0,114.75
2021-02-18,2021,1,0.49999999999999994,0.8660254037844387,3,105.75,-1,48.25,-1,151.5,0,1,0,114.75,115.5
2021-02-19,2021,1,0.49999999999999994,0.8660254037844387,4,92.25,-1,79.0,1,57.0,0,1,0,115.5,71.0
2021-02-22,2021,1,0.49999999999999994,0.8660254037844387,0,107.5,-1,170.5,-1,177.75,1,0,0,71.0,157.0
2021-02-23,2021,1,0.49999999999999994,0.8660254037844387,1,130.25,1,234.25,-1,216.25,0,0,1,157.0,342.5
2021-02-24,2021,1,0.49999999999999994,0.8660254037844387,2,194.0,-1,179.0,1,81.5,0,0,1,342.5,163.25
2021-02-25,2021,1,0.49999999999999994,0.8660254037844387,3,73.0,1,167.25,-1,148.5,0,1,0,163.25,233.75
2021-02-26,2021,1,0.49999999999999994,0.8660254037844387,4,161.0,-1,235.0,1,120.75,0,1,0,233.75,280.0
2021-03-01,2021,2,0.8660254037844386,0.5000000000000001,0,58.0,1,72.25,1,209.0,0,0,1,280.0,150.75
2021-03-02,2021,2,0.8660254037844386,0.5000000000000001,1,115.5,-1,87.25,-1,2.25,1,0,0,150.75,170.0
2021-03-03,2021,2,0.8660254037844386,0.5000000000000001,2,84.25,1,57.0,1,64.5,0,1,0,170.0,230.75
2021-03-04,2021,2,0.8660254037844386,0.5000000000000001,3,154.75,-1,127.0,-1,9.5,1,0,0,230.75,256.25
2021-03-05,2021,2,0.8660254037844386,0.5000000000000001,4,147.25,1,100.75,-1,102.75,0,0,1,256.25,289.0
2021-03-08,2021,2,0.8660254037844386,0.5000000000000001,0,169.25,-1,172.0,-1,21.25,1,0,0,289.0,189.0
2021-03-09,2021,2,0.8660254037844386,0.5000000000000001,1,149.0,1,210.25,1,272.75,1,0,0,189.0,180.75
2021-03-10,2021,2,0.8660254037844386,0.5000000000000001,2,83.25,-1,82.75,1,188.25,0,0,1,180.75,225.5
2021-03-11,2021,2,0.8660254037844386,0.5000000000000001,3,118.0,1,117.5,1,165.5,1,0,0,225.5,115.0
2021-03-12,2021,2,0.8660254037844386,0.5000000000000001,4,98.75,-1,175.5,-1,191.0,1,0,0,115.0,136.0
2021-03-15,2021,2,0.8660254037844386,0.5000000000000001,0,82.0,-1,94.5,1,15.75,1,0,0,136.0,99.75
2021-03-16,2021,2,0.8660254037844386,0.5000000000000001,1,79.25,1,76.75,-1,86.0,0,0,1,99.75,155.0
2021-03-17,2021,2,0.8660254037844386,0.5000000000000001,2,51.75,-1,33.25,-1,147.75,0,1,0,155.0,139.0
2021-03-18,2021,2,0.8660254037844386,0.5000000000000001,3,101.5,-1,222.0,-1,209.5,0,1,0,139.0,107.5
2021-03-19,2021,2,0.8660254037844386,0.5000000000000001,4,68.0,1,184.75,1,40.5,0,0,1,107.5,161.0
2021-03-22,2021,2,0.8660254037844386,0.5000000000000001,0,114.0,1,58.0,-1,98.5,0,0,1,161.0,137.75
2021-03-23,2021,2,0.8660254037844386,0.5000000000000001,1,92.25,-1,55.25,1,35.5,1,0,0,137.75,84.0
2021-03-24,2021,2,0.8660254037844386,0.5000000000000001,2,52.25,1,119.25,1,41.75,0,0,1,84.0,161.5
2021-03-25,2021,2,0.8660254037844386,0.5000000000000001,3,81.25,-1,72.25,1,83.75,0,1,0,161.5,204.75
2021-03-26,2021,2,0.8660254037844386,0.5000000000000001,4,59.75,1,77.75,-1,29.75,1,0,0,204.75,110.5
2021-03-29,2021,2,0.8660254037844386,0.5000000000000001,0,77.5,-1,91.5,1,17.75,1,0,0,110.5,162.5
2021-03-30,2021,2,0.8660254037844386,0.5000000000000001,1,73.5,-1,77.25,-1,102.25,0,1,0,162.5,111.75
2021-03-31,2021,2,0.8660254037844386,0.5000000000000001,2,49.75,-1,49.0,1,75.0,0,1,0,111.75,173.75
2021-04-01,2021,3,1.0,6.123233995736766e-17,3,34.75,1,102.5,1,167.75,0,1,0,173.75,79.75
2021-04-05,2021,3,1.0,6.123233995736766e-17,0,34.0,-1,55.0,1,93.25,0,0,1,79.75,129.0
2021-04-06,2021,3,1.0,6.123233995736766e-17,1,54.75,-1,71.75,-1,9.75,1,0,0,129.0,80.0
2021-04-07,2021,3,1.0,6.123233995736766e-17,2,49.25,-1,39.75,1,25.5,0,1,0,80.0,108.0
2021-04-08,2021,3,1.0,6.123233995736766e-17,3,79.0,1,45.75,-1,107.75,0,1,0,108.0,63.5
2021-04-09,2021,3,1.0,6.123233995736766e-17,4,60.25,-1,42.5,-1,78.25,1,0,0,63.5,88.75
2021-04-12,2021,3,1.0,6.123233995736766e-17,0,50.5,1,39.5,1,25.0,1,0,0,88.75,77.5
2021-04-13,2021,3,1.0,6.123233995736766e-17,1,35.0,-1,39.75,1,57.25,0,0,1,77.5,82.0
2021-04-14,2021,3,1.0,6.123233995736766e-17,2,28.5,1,42.75,1,4.75,0,1,0,82.0,76.0
2021-04-15,2021,3,1.0,6.123233995736766e-17,3,46.75,1,68.75,1,105.25,0,0,1,76.0,78.75
2021-04-16,2021,3,1.0,6.123233995736766e-17,4,60.5,-1,27.25,-1,32.25,0,1,0,78.75,85.0
2021-04-19,2021,3,1.0,6.123233995736766e-17,0,75.25,1,25.25,-1,54.25,1,0,0,85.0,152.25
2021-04-20,2021,3,1.0,6.123233995736766e-17,1,27.5,-1,46.0,-1,22.75,1,0,0,152.25,143.25
2021-04-21,2021,3,1.0,6.123233995736766e-17,2,51.0,-1,45.0,1,1.0,0,1,0,143.25,121.0
2021-04-22,2021,3,1.0,6.123233995736766e-17,3,36.75,1,27.25,-1,1.25,0,1,0,121.0,89.25
2021-04-23,2021,3,1.0,6.123233995736766e-17,4,39.25,1,54.0,1,20.5,0,1,0,89.25,98.0
2021-04-26,2021,3,1.0,6.123233995736766e-17,0,39.25,1,61.25,-1,18.75,1,0,0,98.0,76.0
2021-04-27,2021,3,1.0,6.123233995736766e-17,1,12.75,-1,28.25,-1,22.0,0,1,0,76.0,122.25
2021-04-28,2021,3,1.0,6.123233995736766e-17,2,25.25,1,61.75,-1,6.5,0,1,0,122.25,95.5
2021-04-29,2021,3,1.0,6.123233995736766e-17,3,61.75,1,45.25,1,109.0,0,0,1,95.5,177.5
2021-04-30,2021,3,1.0,6.123233995736766e-17,4,35.75,-1,46.75,1,88.5,1,0,0,177.5,116.25
2021-05-03,2021,4,0.8660254037844388,-0.4999999999999998,0,37.5,-1,58.5,1,47.75,0,1,0,116.25,110.0
2021-05-04,2021,4,0.8660254037844388,-0.4999999999999998,1,54.5,-1,52.0,-1,101.75,1,0,0,110.0,225.5
2021-05-05,2021,4,0.8660254037844388,-0.4999999999999998,2,60.75,1,73.5,1,109.75,0,1,0,225.5,136.25
2021-05-06,2021,4,0.8660254037844388,-0.4999999999999998,3,78.25,-1,72.0,1,5.5,0,1,0,136.25,120.25
2021-05-07,2021,4,0.8660254037844388,-0.4999999999999998,4,58.0,1,45.75,-1,117.25,0,0,1,120.25,149.0
2021-05-10,2021,4,0.8660254037844388,-0.4999999999999998,0,29.0,-1,89.0,-1,67.75,1,0,0,149.0,199.75
2021-05-11,2021,4,0.8660254037844388,-0.4999999999999998,1,174.5,-1,136.5,-1,228.75,1,0,0,199.75,194.25
2021-05-12,2021,4,0.8660254037844388,-0.4999999999999998,2,167.0,-1,98.25,1,184.25,0,0,1,194.25,195.5
2021-05-13,2021,4,0.8660254037844388,-0.4999999999999998,3,79.0,1,144.75,-1,126.75,0,1,0,195.5,137.0
2021-05-14,2021,4,0.8660254037844388,-0.4999999999999998,4,97.0,1,60.25,1,154.5,0,0,1,137.0,119.5
2021-05-17,2021,4,0.8660254037844388,-0.4999999999999998,0,58.25,-1,62.25,1,79.75,1,0,0,119.5,105.5
2021-05-18,2021,4,0.8660254037844388,-0.4999999999999998,1,35.5,1,57.5,1,37.75,1,0,0,105.5,96.5
2021-05-19,2021,4,0.8660254037844388,-0.4999999999999998,2,79.25,-1,126.0,-1,235.25,0,1,0,96.5,148.0
2021-05-20,2021,4,0.8660254037844388,-0.4999999999999998,3,59.75,1,93.75,-1,84.25,0,1,0,148.0,165.75
2021-05-21,2021,4,0.8660254037844388,-0.4999999999999998,4,55.25,-1,40.0,1,58.25,0,1,0,165.75,126.25
2021-05-24,2021,4,0.8660254037844388,-0.4999999999999998,0,86.25,1,73.0,1,98.5,1,0,0,126.25,156.25
2021-05-25,2021,4,0.8660254037844388,-0.4999999999999998,1,46.5,1,50.0,1,53.0,0,1,0,156.25,96.0
2021-05-26,2021,4,0.8660254037844388,-0.4999999999999998,2,30.5,1,46.5,-1,33.75,0,1,0,96.0,57.25
2021-05-27,2021,4,0.8660254037844388,-0.4999999999999998,3,52.25,-1,67.0,-1,20.0,0,0,1,57.25,76.75
2021-05-28,2021,4,0.8660254037844388,-0.4999999999999998,4,31.75,-1,37.5,1,23.25,0,1,0,76.75,45.25
2021-06-01,2021,5,0.49999999999999994,-0.8660254037844387,1,27.5,1,49.5,1,59.25,0,0,1,45.25,180.75
2021-06-02,2021,5,0.49999999999999994,-0.8660254037844387,2,32.5,1,39.0,-1,17.75,1,0,0,180.75,61.0
2021-06-03,2021,5,0.49999999999999994,-0.8660254037844387,3,27.5,1,48.75,-1,122.0,0,0,1,61.0,116.75
2021-06-04,2021,5,0.49999999999999994,-0.8660254037844387,4,65.25,1,54.0,1,92.0,0,0,1,116.75,150.75
2021-06-07,2021,5,0.49999999999999994,-0.8660254037844387,0,35.25,-1,40.5,-1,20.5,1,0,0,150.75,52.0
2021-06-08,2021,5,0.49999999999999994,-0.8660254037844387,1,45.5,1,46.0,1,66.75,1,0,0,52.0,119.75
2021-06-09,2021,5,0.49999999999999994,-0.8660254037844387,2,27.75,1,36.5,1,56.75,0,1,0,119.75,79.0
2021-06-10,2021,5,0.49999999999999994,-0.8660254037844387,3,25.0,1,56.0,-1,4.75,0,0,1,79.0,154.5
2021-06-11,2021,5,0.49999999999999994,-0.8660254037844387,4,23.25,1,27.5,-1,2.5,0,1,0,154.5,46.5
2021-06-14,2021,5,0.49999999999999994,-0.8660254037844387,0,20.5,1,28.0,1,22.75,1,0,0,46.5,80.5
2021-06-15,2021,5,0.49999999999999994,-0.8660254037844387,1,49.0,1,27.25,1,2.5,0,0,1,80.5,73.0
2021-06-16,2021,5,0.49999999999999994,-0.8660254037844387,2,16.75,1,22.5,1,15.75,0,0,1,73.0,53.25
2021-06-17,2021,5,0.49999999999999994,-0.8660254037844387,3,67.75,1,46.25,-1,33.0,0,1,0,53.25,196.5
2021-06-18,2021,5,0.49999999999999994,-0.8660254037844387,4,39.0,1,36.0,-1,89.25,1,0,0,196.5,87.0
2021-06-21,2021,5,0.49999999999999994,-0.8660254037844387,0,63.0,-1,108.75,1,9.25,1,0,0,87.0,156.5
2021-06-22,2021,5,0.49999999999999994,-0.8660254037844387,1,22.75,1,79.0,-1,15.25,1,0,0,156.5,77.25
2021-06-23,2021,5,0.49999999999999994,-0.8660254037844387,2,33.75,1,51.0,-1,9.25,0,0,1,77.25,61.75
2021-06-24,2021,5,0.49999999999999994,-0.8660254037844387,3,23.0,1,55.25,1,77.0,0,1,0,61.75,67.75
2021-06-25,2021,5,0.49999999999999994,-0.8660254037844387,4,43.5,1,29.5,1,24.0,0,1,0,67.75,77.25
2021-06-28,2021,5,0.49999999999999994,-0.8660254037844387,0,22.75,-1,37.25,1,70.0,1,0,0,77.25,97.25
2021-06-29,2021,5,0.49999999999999994,-0.8660254037844387,1,21.5,-1,31.75,-1,0.5,0,1,0,97.25,62.0
2021-06-30,2021,5,0.49999999999999994,-0.8660254037844387,2,25.75,-1,38.75,-1,24.25,0,1,0,62.0,52.75
2021-07-01,2021,6,1.2246467991473532e-16,-1.0,3,22.25,-1,62.25,1,28.5,0,0,1,52.75,62.0
2021-07-02,2021,6,1.2246467991473532e-16,-1.0,4,28.25,-1,77.0,1,92.5,0,0,1,62.0,46.0
2021-07-06,2021,6,1.2246467991473532e-16,-1.0,1,43.0,-1,38.0,1,29.5,0,0,1,46.0,75.25
2021-07-07,2021,6,1.2246467991473532e-16,-1.0,2,43.75,1,87.5,1,100.25,0,1,0,75.25,157.5
2021-07-08,2021,6,1.2246467991473532e-16,-1.0,3,49.75,-1,158.5,-1,208.75,0,1,0,157.5,117.0
2021-07-09,2021,6,1.2246467991473532e-16,-1.0,4,75.75,-1,55.25,1,19.5,1,0,0,117.0,107.25
2021-07-12,2021,6,1.2246467991473532e-16,-1.0,0,38.0,-1,67.5,1,59.5,1,0,0,107.25,86.25
2021-07-13,2021,6,1.2246467991473532e-16,-1.0,1,16.0,1,56.0,1,26.75,0,0,1,86.25,130.75
2021-07-14,2021,6,1.2246467991473532e-16,-1.0,2,43.5,1,53.75,1,107.0,0,0,1,130.75,61.0
2021-07-15,2021,6,1.2246467991473532e-16,-1.0,3,49.5,1,64.75,1,10.0,0,0,1,61.0,147.25
2021-07-16,2021,6,1.2246467991473532e-16,-1.0,4,47.75,1,54.5,1,59.25,0,0,1,147.25,130.5
2021-07-19,2021,6,1.2246467991473532e-16,-1.0,0,48.5,1,63.25,-1,137.0,1,0,0,130.5,128.5
2021-07-20,2021,6,1.2246467991473532e-16,-1.0,1,61.0,1,47.5,-1,17.0,1,0,0,128.5,143.75
2021-07-21,2021,6,1.2246467991473532e-16,-1.0,2,56.25,-1,61.5,1,20.5,0,1,0,143.75,75.5
2021-07-22,2021,6,1.2246467991473532e-16,-1.0,3,25.25,1,43.25,1,12.5,0,1,0,75.5,83.75
2021-07-23,2021,6,1.2246467991473532e-16,-1.0,4,33.25,-1,44.0,1,27.5,0,1,0,83.75,85.75
2021-07-26,2021,6,1.2246467991473532e-16,-1.0,0,49.25,-1,67.75,-1,22.25,1,0,0,85.75,81.75
2021-07-27,2021,6,1.2246467991473532e-16,-1.0,1,27.25,-1,51.5,-1,14.0,0,0,1,81.75,220.75
2021-07-28,2021,6,1.2246467991473532e-16,-1.0,2,51.5,-1,77.0,1,70.0,0,1,0,220.75,173.0
2021-07-29,2021,6,1.2246467991473532e-16,-1.0,3,48.5,-1,46.0,1,5.75,0,0,1,173.0,98.0
2021-07-30,2021,6,1.2246467991473532e-16,-1.0,4,61.5,-1,64.0,1,96.75,0,0,1,98.0,114.0
2021-08-02,2021,7,-0.4999999999999998,-0.8660254037844388,0,42.0,1,30.75,1,59.0,0,0,1,114.0,108.75
2021-08-03,2021,7,-0.4999999999999998,-0.8660254037844388,1,46.0,1,19.25,1,25.75,1,0,0,108.75,146.25
2021-08-04,2021,7,-0.4999999999999998,-0.8660254037844388,2,27.25,1,33.25,-1,0.0,0,0,1,146.25,72.5
2021-08-05,2021,7,-0.4999999999999998,-0.8660254037844388,3,20.25,1,28.25,1,29.0,0,1,0,72.5,80.0
2021-08-06,2021,7,-0.4999999999999998,-0.8660254037844388,4,12.75,1,25.0,-1,53.0,0,0,1,80.0,82.0
2021-08-09,2021,7,-0.4999999999999998,-0.8660254037844388,0,36.75,1,61.75,1,26.25,0,1,0,82.0,69.75
2021-08-10,2021,7,-0.4999999999999998,-0.8660254037844388,1,33.25,-1,41.0,1,21.25,1,0,0,69.75,150.75
2021-08-11,2021,7,-0.4999999999999998,-0.8660254037844388,2,26.0,1,43.75,-1,55.75,0,0,1,150.75,110.0
2021-08-12,2021,7,-0.4999999999999998,-0.8660254037844388,3,19.25,1,29.75,1,9.75,0,0,1,110.0,112.5
2021-08-13,2021,7,-0.4999999999999998,-0.8660254037844388,4,17.5,1,31.0,1,15.25,0,1,0,112.5,73.5
2021-08-16,2021,7,-0.4999999999999998,-0.8660254037844388,0,22.25,-1,31.5,-1,47.0,1,0,0,73.5,195.0
2021-08-17,2021,7,-0.4999999999999998,-0.8660254037844388,1,24.25,-1,51.0,-1,116.0,0,0,1,195.0,109.75
2021-08-18,2021,7,-0.4999999999999998,-0.8660254037844388,2,70.25,1,44.5,-1,7.75,0,1,0,109.75,72.25
2021-08-19,2021,7,-0.4999999999999998,-0.8660254037844388,3,41.75,-1,113.25,-1,61.0,0,1,0,72.25,135.75
2021-08-20,2021,7,-0.4999999999999998,-0.8660254037844388,4,48.0,1,70.5,-1,36.0,1,0,0,135.75,139.0
2021-08-23,2021,7,-0.4999999999999998,-0.8660254037844388,0,47.25,1,23.5,1,33.75,0,1,0,139.0,148.0
2021-08-24,2021,7,-0.4999999999999998,-0.8660254037844388,1,13.5,-1,48.25,1,6.75,1,0,0,148.0,67.5
2021-08-25,2021,7,-0.4999999999999998,-0.8660254037844388,2,22.0,-1,29.5,1,6.25,0,1,0,67.5,64.0
2021-08-26,2021,7,-0.4999999999999998,-0.8660254037844388,3,44.25,-1,51.5,-1,28.5,0,0,1,64.0,96.75
2021-08-27,2021,7,-0.4999999999999998,-0.8660254037844388,4,67.5,1,25.25,1,24.5,0,0,1,96.75,148.75
2021-08-30,2021,7,-0.4999999999999998,-0.8660254037844388,0,35.75,-1,20.0,1,29.75,0,1,0,148.75,132.25
2021-08-31,2021,7,-0.4999999999999998,-0.8660254037844388,1,23.0,1,31.75,-1,1.5,0,1,0,132.25,91.5
2021-09-01,2021,8,-0.8660254037844384,-0.5000000000000004,2,40.25,1,43.75,-1,28.25,0,0,1,91.5,77.0
2021-09-02,2021,8,-0.8660254037844384,-0.5000000000000004,3,31.0,-1,33.5,1,51.75,0,1,0,77.0,66.75
2021-09-03,2021,8,-0.8660254037844384,-0.5000000000000004,4,34.75,1,23.0,-1,42.0,0,0,1,66.75,113.75
2021-09-07,2021,8,-0.8660254037844384,-0.5000000000000004,1,26.25,-1,45.25,-1,0.5,1,0,0,113.75,71.0
2021-09-08,2021,8,-0.8660254037844384,-0.5000000000000004,2,29.0,1,80.0,-1,2.75,0,1,0,71.0,132.75
2021-09-09,2021,8,-0.8660254037844384,-0.5000000000000004,3,35.5,-1,44.75,1,8.75,0,1,0,132.75,54.5
2021-09-10,2021,8,-0.8660254037844384,-0.5000000000000004,4,28.75,1,41.25,1,79.0,0,0,1,54.5,108.25
2021-09-13,2021,8,-0.8660254037844384,-0.5000000000000004,0,57.75,-1,58.25,1,94.0,1,0,0,108.25,200.0
2021-09-14,2021,8,-0.8660254037844384,-0.5000000000000004,1,28.75,1,58.5,-1,47.0,0,0,1,200.0,138.0
2021-09-15,2021,8,-0.8660254037844384,-0.5000000000000004,2,46.75,-1,43.0,1,10.25,0,1,0,138.0,125.75
2021-09-16,2021,8,-0.8660254037844384,-0.5000000000000004,3,43.25,-1,34.75,-1,59.25,0,0,1,125.75,109.5
2021-09-17,2021,8,-0.8660254037844384,-0.5000000000000004,4,58.75,1,33.25,-1,11.75,0,1,0,109.5,150.0
2021-09-20,2021,8,-0.8660254037844384,-0.5000000000000004,0,133.0,-1,104.5,-1,225.25,1,0,0,150.0,162.0
2021-09-21,2021,8,-0.8660254037844384,-0.5000000000000004,1,77.5,1,113.5,1,89.0,1,0,0,162.0,157.25
2021-09-22,2021,8,-0.8660254037844384,-0.5000000000000004,2,140.25,1,53.5,1,80.0,0,1,0,157.25,123.25
2021-09-23,2021,8,-0.8660254037844384,-0.5000000000000004,3,38.0,-1,97.5,1,36.75,0,1,0,123.25,156.5
2021-09-24,2021,8,-0.8660254037844384,-0.5000000000000004,4,55.5,-1,81.0,-1,89.0,0,0,1,156.5,73.0
2021-09-27,2021,8,-0.8660254037844384,-0.5000000000000004,0,83.25,1,76.25,-1,132.0,0,1,0,73.0,130.5
2021-09-28,2021,8,-0.8660254037844384,-0.5000000000000004,1,59.75,-1,229.25,-1,178.0,0,0,1,130.5,209.5
2021-09-29,2021,8,-0.8660254037844384,-0.5000000000000004,2,84.5,1,103.5,1,66.0,0,1,0,209.5,118.75
2021-09-30,2021,8,-0.8660254037844384,-0.5000000000000004,3,61.75,1,68.25,-1,49.75,0,0,1,118.75,107.25
2021-10-01,2021,9,-1.0,-1.8369701987210297e-16,4,157.5,-1,92.5,-1,18.75,0,0,1,107.25,198.5
2021-10-04,2021,9,-1.0,-1.8369701987210297e-16,0,126.75,-1,81.5,-1,67.5,1,0,0,198.5,318.0
2021-10-05,2021,9,-1.0,-1.8369701987210297e-16,1,109.0,-1,86.0,1,24.0,0,0,1,318.0,182.0
2021-10-06,2021,9,-1.0,-1.8369701987210297e-16,2,112.75,-1,132.5,-1,133.5,0,1,0,182.0,204.5
2021-10-07,2021,9,-1.0,-1.8369701987210297e-16,3,89.75,1,61.0,1,119.0,0,1,0,204.5,138.5
2021-10-08,2021,9,-1.0,-1.8369701987210297e-16,4,59.75,-1,78.25,-1,38.25,0,0,1,138.5,127.0
2021-10-11,2021,9,-1.0,-1.8369701987210297e-16,0,72.0,1,79.75,-1,47.75,1,0,0,127.0,175.25
2021-10-12,2021,9,-1.0,-1.8369701987210297e-16,1,98.75,-1,117.5,1,70.25,0,1,0,175.25,146.0
2021-10-13,2021,9,-1.0,-1.8369701987210297e-16,2,47.5,1,138.75,1,156.25,0,0,1,146.0,111.75
2021-10-14,2021,9,-1.0,-1.8369701987210297e-16,3,34.25,1,62.75,1,153.25,0,0,1,111.75,107.5
2021-10-15,2021,9,-1.0,-1.8369701987210297e-16,4,76.75,1,76.75,-1,24.75,0,0,1,107.5,65.5
2021-10-18,2021,9,-1.0,-1.8369701987210297e-16,0,44.0,1,56.0,-1,62.0,0,1,0,65.5,119.5
2021-10-19,2021,9,-1.0,-1.8369701987210297e-16,1,41.25,-1,42.75,1,38.25,1,0,0,119.5,74.5
2021-10-20,2021,9,-1.0,-1.8369701987210297e-16,2,47.5,-1,43.75,1,3.0,0,1,0,74.5,66.5
2021-10-21,2021,9,-1.0,-1.8369701987210297e-16,3,43.75,-1,58.75,1,11.0,0,1,0,66.5,106.25
2021-10-22,2021,9,-1.0,-1.8369701987210297e-16,4,31.0,1,41.75,1,32.75,0,0,1,106.25,78.0
2021-10-25,2021,9,-1.0,-1.8369701987210297e-16,0,53.0,1,37.0,1,74.0,1,0,0,78.0,111.75
2021-10-26,2021,9,-1.0,-1.8369701987210297e-16,1,45.0,1,45.25,1,72.25,0,1,0,111.75,121.0
2021-10-27,2021,9,-1.0,-1.8369701987210297e-16,2,47.5,-1,41.25,-1,26.75,0,1,0,121.0,101.5
2021-10-28,2021,9,-1.0,-1.8369701987210297e-16,3,33.0,-1,72.25,1,78.5,0,0,1,101.5,112.0
2021-10-29,2021,9,-1.0,-1.8369701987210297e-16,4,35.5,-1,43.75,-1,84.75,0,0,1,112.0,91.25
2021-11-01,2021,10,-0.8660254037844386,0.5,0,41.25,-1,45.75,1,2.5,0,0,1,91.25,100.0
2021-11-02,2021,10,-0.8660254037844386,0.5,1,39.75,-1,36.0,-1,21.25,1,0,0,100.0,104.25
2021-11-03,2021,10,-0.8660254037844386,0.5,2,38.75,1,25.25,1,20.5,0,0,1,104.25,62.0
2021-11-04,2021,10,-0.8660254037844386,0.5,3,32.75,-1,58.5,1,53.5,0,1,0,62.0,174.5
2021-11-05,2021,10,-0.8660254037844386,0.5,4,29.5,-1,52.0,1,78.0,0,0,1,174.5,73.75
2021-11-08,2021,10,-0.8660254037844386,0.5,0,41.5,-1,50.75,1,11.75,0,0,1,73.75,91.5
2021-11-09,2021,10,-0.8660254037844386,0.5,1,35.0,1,52.75,1,54.5,0,0,1,91.5,202.25
2021-11-10,2021,10,-0.8660254037844386,0.5,2,54.0,-1,70.25,-1,98.0,0,0,1,202.25,179.25
2021-11-11,2021,10,-0.8660254037844386,0.5,3,64.75,-1,91.0,1,123.0,1,0,0,179.25,72.0
2021-11-12,2021,10,-0.8660254037844386,0.5,4,47.25,-1,41.25,1,38.75,0,1,0,72.0,110.75
2021-11-15,2021,10,-0.8660254037844386,0.5,0,30.25,-1,29.75,0,33.5,0,1,0,110.75,107.75
2021-11-16,2021,10,-0.8660254037844386,0.5,1,54.5,-1,39.0,-1,36.25,0,0,1,107.75,110.75
2021-11-17,2021,10,-0.8660254037844386,0.5,2,39.0,-1,49.0,1,16.5,0,1,0,110.75,83.75
2021-11-18,2021,10,-0.8660254037844386,0.5,3,24.75,1,59.25,1,86.75,0,1,0,83.75,117.5
2021-11-19,2021,10,-0.8660254037844386,0.5,4,95.5,1,36.5,-1,59.5,0,1,0,117.5,100.75
2021-11-22,2021,10,-0.8660254037844386,0.5,0,26.0,-1,39.5,1,57.5,1,0,0,100.75,129.25
2021-11-23,2021,10,-0.8660254037844386,0.5,1,90.0,-1,78.75,-1,52.0,0,1,0,129.25,256.5
2021-11-24,2021,10,-0.8660254037844386,0.5,2,45.75,-1,103.5,-1,83.25,0,0,1,256.5,168.5
2021-11-29,2021,10,-0.8660254037844386,0.5,0,58.25,-1,86.0,-1,116.0,0,1,0,168.5,105.75
2021-11-30,2021,10,-0.8660254037844386,0.5,1,122.75,-1,77.5,-1,50.0,0,0,1,105.75,314.25
2021-12-01,2021,11,-0.5000000000000004,0.8660254037844384,2,194.0,1,95.75,-1,118.25,0,0,1,314.25,107.0
2021-12-02,2021,11,-0.5000000000000004,0.8660254037844384,3,76.0,1,88.25,-1,49.0,0,1,0,107.0,264.25
2021-12-03,2021,11,-0.5000000000000004,0.8660254037844384,4,126.25,1,78.75,-1,50.25,0,0,1,264.25,435.75
2021-12-06,2021,11,-0.5000000000000004,0.8660254037844384,0,46.0,1,130.0,-1,41.25,1,0,0,435.75,228.75
2021-12-07,2021,11,-0.5000000000000004,0.8660254037844384,1,76.25,1,182.25,1,278.75,1,0,0,228.75,184.75
2021-12-08,2021,11,-0.5000000000000004,0.8660254037844384,2,66.25,1,54.75,-1,26.25,0,0,1,184.75,105.25
2021-12-09,2021,11,-0.5000000000000004,0.8660254037844384,3,62.0,-1,51.75,-1,42.75,0,1,0,105.25,164.0
2021-12-10,2021,11,-0.5000000000000004,0.8660254037844384,4,48.25,-1,54.75,1,114.75,0,0,1,164.0,162.75
2021-12-13,2021,11,-0.5000000000000004,0.8660254037844384,0,34.0,-1,51.75,1,5.5,1,0,0,162.75,157.75
2021-12-14,2021,11,-0.5000000000000004,0.8660254037844384,1,37.5,-1,169.75,-1,199.0,0,0,1,157.75,212.25
2021-12-15,2021,11,-0.5000000000000004,0.8660254037844384,2,43.0,-1,113.75,-1,20.0,0,0,1,212.25,120.5
2021-12-16,2021,11,-0.5000000000000004,0.8660254037844384,3,52.75,1,67.5,1,33.5,0,1,0,120.5,251.25
2021-12-17,2021,11,-0.5000000000000004,0.8660254037844384,4,132.25,-1,196.25,-1,151.75,1,0,0,251.25,263.75
2021-12-20,2021,11,-0.5000000000000004,0.8660254037844384,0,144.75,-1,109.0,-1,248.25,1,0,0,263.75,130.5
2021-12-21,2021,11,-0.5000000000000004,0.8660254037844384,1,112.0,1,99.25,-1,74.5,1,0,0,130.5,193.25
2021-12-22,2021,11,-0.5000000000000004,0.8660254037844384,2,45.75,-1,91.0,-1,14.25,0,1,0,193.25,166.75
2021-12-23,2021,11,-0.5000000000000004,0.8660254037844384,3,22.75,1,38.75,1,8.0,0,0,1,166.75,118.0
2021-12-27,2021,11,-0.5000000000000004,0.8660254037844384,0,27.75,-1,41.25,1,50.0,1,0,0,118.0,181.75
2021-12-28,2021,11,-0.5000000000000004,0.8660254037844384,1,25.5,1,97.0,1,30.0,1,0,0,181.75,117.0
2021-12-29,2021,11,-0.5000000000000004,0.8660254037844384,2,54.25,-1,36.0,1,24.0,1,0,0,117.0,162.0
2021-12-30,2021,11,-0.5000000000000004,0.8660254037844384,3,37.75,1,66.5,1,3.75,1,0,0,162.0,118.25
2021-12-31,2021,11,-0.5000000000000004,0.8660254037844384,4,46.75,1,36.0,1,24.5,1,0,0,118.25,110.0
2022-01-03,2022,0,0.0,1.0,0,34.5,-1,30.5,1,51.0,1,0,0,110.0,192.75
2022-01-04,2022,0,0.0,1.0,1,52.75,1,57.0,-1,10.25,0,0,1,192.75,290.0
2022-01-05,2022,0,0.0,1.0,2,78.5,-1,51.0,1,56.75,1,0,0,290.0,144.25
2022-01-06,2022,0,0.0,1.0,3,192.75,-1,102.25,1,88.25,0,0,1,144.25,273.5
2022-01-07,2022,0,0.0,1.0,4,92.5,-1,112.0,-1,29.75,0,0,1,273.5,317.75
2022-01-10,2022,0,0.0,1.0,0,100.5,1,149.25,-1,208.0,1,0,0,317.75,262.5
2022-01-11,2022,0,0.0,1.0,1,65.75,-1,146.0,1,52.0,0,0,1,262.5,177.75
2022-01-12,2022,0,0.0,1.0,2,38.0,1,117.5,-1,116.0,0,0,1,177.75,173.25
2022-01-13,2022,0,0.0,1.0,3,76.5,-1,83.75,1,38.75,0,0,1,173.25,254.0
2022-01-14,2022,0,0.0,1.0,4,97.5,1,82.25,-1,88.75,0,0,1,254.0,220.75
2022-01-18,2022,0,0.0,1.0,1,196.0,-1,189.25,-1,260.25,0,1,0,220.75,163.0
2022-01-19,2022,0,0.0,1.0,2,176.5,-1,211.5,1,41.25,1,0,0,163.0,214.25
2022-01-20,2022,0,0.0,1.0,3,121.0,1,118.25,-1,148.5,0,1,0,214.25,168.5
2022-01-21,2022,0,0.0,1.0,4,141.25,-1,113.0,1,17.75,1,0,0,168.5,286.5
2022-01-24,2022,0,0.0,1.0,0,57.5,1,148.5,-1,222.75,0,1,0,286.5,286.5
2022-01-25,2022,0,0.0,1.0,1,166.5,-1,227.25,1,271.0,0,1,0,286.5,268.25
2022-01-26,2022,0,0.0,1.0,2,130.25,1,291.75,1,454.25,0,1,0,268.25,189.25
2022-01-27,2022,0,0.0,1.0,3,323.25,-1,307.5,1,225.0,0,0,1,189.25,230.0
2022-01-28,2022,0,0.0,1.0,4,101.5,1,152.25,-1,78.5,0,0,1,230.0,286.75
2022-01-31,2022,0,0.0,1.0,0,124.25,1,122.5,1,64.0,0,1,0,286.75,308.25
2022-02-01,2022,1,0.49999999999999994,0.8660254037844387,1,60.0,-1,118.25,-1,78.75,0,0,1,308.25,222.75
2022-02-02,2022,1,0.49999999999999994,0.8660254037844387,2,40.0,1,97.25,1,57.25,0,1,0,222.75,162.25
2022-02-03,2022,1,0.49999999999999994,0.8660254037844387,3,47.5,1,95.75,1,135.75,0,0,1,162.25,165.0
2022-02-04,2022,1,0.49999999999999994,0.8660254037844387,4,109.0,1,145.5,-1,260.75,0,0,1,165.0,234.0
2022-02-07,2022,1,0.49999999999999994,0.8660254037844387,0,114.0,1,127.25,-1,65.75,1,0,0,234.0,136.25
2022-02-08,2022,1,0.49999999999999994,0.8660254037844387,1,56.0,-1,79.25,1,77.75,1,0,0,136.25,160.0
2022-02-09,2022,1,0.49999999999999994,0.8660254037844387,2,74.25,1,106.75,1,175.25,0,1,0,160.0,98.0
2022-02-10,2022,1,0.49999999999999994,0.8660254037844387,3,44.5,-1,73.5,-1,322.5,0,0,1,98.0,294.25
2022-02-11,2022,1,0.49999999999999994,0.8660254037844387,4,140.75,-1,94.25,1,26.5,0,1,0,294.25,176.75
2022-02-14,2022,1,0.49999999999999994,0.8660254037844387,0,92.5,1,248.75,-1,62.25,0,0,1,176.75,152.75
2022-02-15,2022,1,0.49999999999999994,0.8660254037844387,1,109.75,-1,294.0,1,207.0,0,0,1,152.75,101.5
2022-02-16,2022,1,0.49999999999999994,0.8660254037844387,2,33.5,1,112.5,1,79.5,0,0,1,101.5,136.0
2022-02-17,2022,1,0.49999999999999994,0.8660254037844387,3,159.5,-1,115.5,-1,131.5,0,1,0,136.0,172.75
2022-02-18,2022,1,0.49999999999999994,0.8660254037844387,4,154.0,1,64.75,1,53.0,0,1,0,172.75,187.5
2022-02-22,2022,1,0.49999999999999994,0.8660254037844387,1,100.0,1,151.75,1,148.25,0,1,0,187.5,246.25
2022-02-23,2022,1,0.49999999999999994,0.8660254037844387,2,67.25,-1,143.5,1,63.75,1,0,0,246.25,279.0
2022-02-24,2022,1,0.49999999999999994,0.8660254037844387,3,362.75,-1,224.0,1,444.25,0,0,1,279.0,438.75
2022-02-25,2022,1,0.49999999999999994,0.8660254037844387,4,112.5,-1,127.75,1,93.5,0,0,1,438.75,258.0
2022-02-28,2022,1,0.49999999999999994,0.8660254037844387,0,199.25,1,199.5,1,151.0,0,1,0,258.0,208.5
2022-03-01,2022,2,0.8660254037844386,0.5000000000000001,1,63.0,-1,221.0,-1,42.5,0,0,1,208.5,140.75
2022-03-02,2022,2,0.8660254037844386,0.5000000000000001,2,117.75,1,206.0,1,37.5,0,0,1,140.75,178.75
2022-03-03,2022,2,0.8660254037844386,0.5000000000000001,3,63.25,1,91.75,-1,148.5,0,0,1,178.75,305.5
2022-03-04,2022,2,0.8660254037844386,0.5000000000000001,4,204.75,1,175.0,-1,120.5,0,0,1,305.5,218.75
2022-03-07,2022,2,0.8660254037844386,0.5000000000000001,0,143.0,1,107.25,-1,23.75,1,0,0,218.75,338.75
2022-03-08,2022,2,0.8660254037844386,0.5000000000000001,1,152.25,-1,268.75,1,18.0,1,0,0,338.75,250.0
2022-03-09,2022,2,0.8660254037844386,0.5000000000000001,2,126.5,1,258.0,1,399.25,0,0,1,250.0,187.75
2022-03-10,2022,2,0.8660254037844386,0.5000000000000001,3,93.75,-1,132.75,-1,172.0,0,0,1,187.75,177.5
2022-03-11,2022,2,0.8660254037844386,0.5000000000000001,4,110.5,-1,121.75,1,125.75,0,0,1,177.5,219.5
2022-03-14,2022,2,0.8660254037844386,0.5000000000000001,0,125.25,-1,100.0,1,75.75,1,0,0,219.5,189.25
2022-03-15,2022,2,0.8660254037844386,0.5000000000000001,1,91.5,1,133.25,-1,81.5,0,0,1,189.25,232.25
2022-03-16,2022,2,0.8660254037844386,0.5000000000000001,2,57.75,-1,134.0,1,176.75,0,0,1,232.25,254.25
2022-03-17,2022,2,0.8660254037844386,0.5000000000000001,3,94.5,-1,105.25,-1,123.25,0,1,0,254.25,193.75
2022-03-18,2022,2,0.8660254037844386,0.5000000000000001,4,84.75,-1,68.5,1,30.75,0,1,0,193.75,250.25
2022-03-21,2022,2,0.8660254037844386,0.5000000000000001,0,65.5,-1,64.75,1,60.75,1,0,0,250.25,238.75
2022-03-22,2022,2,0.8660254037844386,0.5000000000000001,1,54.25,-1,118.0,1,2.25,1,0,0,238.75,261.75
2022-03-23,2022,2,0.8660254037844386,0.5000000000000001,2,51.75,-1,61.5,-1,123.5,0,1,0,261.75,148.5
2022-03-24,2022,2,0.8660254037844386,0.5000000000000001,3,75.75,1,67.0,1,67.0,0,1,0,148.5,122.5
2022-03-25,2022,2,0.8660254037844386,0.5000000000000001,4,69.25,1,101.25,-1,2.75,0,1,0,122.5,113.75
2022-03-28,2022,2,0.8660254037844386,0.5000000000000001,0,46.75,-1,79.75,1,3.5,1,0,0,113.75,162.5
2022-03-29,2022,2,0.8660254037844386,0.5000000000000001,1,35.25,-1,52.25,-1,167.0,0,0,1,162.5,187.0
2022-03-30,2022,2,0.8660254037844386,0.5000000000000001,2,59.75,1,100.0,-1,58.75,0,1,0,187.0,93.5
2022-03-31,2022,2,0.8660254037844386,0.5000000000000001,3,67.25,1,61.75,1,21.25,0,0,1,93.5,129.25
2022-04-01,2022,3,1.0,6.123233995736766e-17,4,63.25,1,51.25,1,8.25,0,0,1,129.25,125.5
2022-04-04,2022,3,1.0,6.123233995736766e-17,0,57.0,1,72.0,-1,52.75,1,0,0,125.5,190.75
2022-04-05,2022,3,1.0,6.123233995736766e-17,1,15.0,1,60.25,1,58.0,0,0,1,190.75,223.25
2022-04-06,2022,3,1.0,6.123233995736766e-17,2,70.75,-1,134.75,-1,237.25,0,1,0,223.25,187.25
2022-04-07,2022,3,1.0,6.123233995736766e-17,3,64.25,-1,111.75,1,39.25,0,1,0,187.25,182.5
2022-04-08,2022,3,1.0,6.123233995736766e-17,4,58.5,-1,81.25,1,58.5,1,0,0,182.5,164.25
2022-04-11,2022,3,1.0,6.123233995736766e-17,0,116.5,-1,150.0,-1,176.5,1,0,0,164.25,163.25
2022-04-12,2022,3,1.0,6.123233995736766e-17,1,95.75,-1,100.25,1,204.25,0,0,1,163.25,189.5
2022-04-13,2022,3,1.0,6.123233995736766e-17,2,63.75,1,81.25,-1,0.0,0,0,1,189.5,197.0
2022-04-14,2022,3,1.0,6.123233995736766e-17,3,70.0,1,65.25,-1,6.75,0,0,1,197.0,230.75
2022-04-18,2022,3,1.0,6.123233995736766e-17,0,41.0,1,69.0,1,35.25,1,0,0,230.75,175.5
2022-04-19,2022,3,1.0,6.123233995736766e-17,1,85.5,-1,148.25,-1,101.75,1,0,0,175.5,320.25
2022-04-20,2022,3,1.0,6.123233995736766e-17,2,83.25,1,87.5,1,160.5,0,1,0,320.25,232.75
2022-04-21,2022,3,1.0,6.123233995736766e-17,3,49.25,1,120.5,1,124.25,0,1,0,232.75,216.0
2022-04-22,2022,3,1.0,6.123233995736766e-17,4,97.5,1,96.75,1,6.25,0,1,0,216.0,194.75
2022-04-25,2022,3,1.0,6.123233995736766e-17,0,105.0,-1,137.0,-1,18.75,1,0,0,194.75,230.75
2022-04-26,2022,3,1.0,6.123233995736766e-17,1,76.0,1,133.25,-1,87.0,0,1,0,230.75,313.5
2022-04-27,2022,3,1.0,6.123233995736766e-17,2,129.25,1,205.5,1,146.75,1,0,0,313.5,325.0
2022-04-28,2022,3,1.0,6.123233995736766e-17,3,60.0,1,158.75,1,89.25,0,0,1,325.0,247.75
2022-04-29,2022,3,1.0,6.123233995736766e-17,4,103.0,1,99.0,-1,40.25,0,0,1,247.75,266.0
2022-05-02,2022,4,0.8660254037844388,-0.4999999999999998,0,130.5,1,107.5,-1,39.75,0,0,1,266.0,303.75
2022-05-03,2022,4,0.8660254037844388,-0.4999999999999998,1,125.75,1,85.5,-1,32.25,0,0,1,303.75,183.75
2022-05-04,2022,4,0.8660254037844388,-0.4999999999999998,2,57.5,-1,56.25,-1,6.0,0,1,0,183.75,195.0
2022-05-05,2022,4,0.8660254037844388,-0.4999999999999998,3,39.0,1,166.0,-1,154.0,0,1,0,195.0,420.25
2022-05-06,2022,4,0.8660254037844388,-0.4999999999999998,4,107.75,-1,136.5,-1,124.5,0,0,1,420.25,349.0
2022-05-09,2022,4,0.8660254037844388,-0.4999999999999998,0,95.25,1,165.0,-1,203.5,1,0,0,349.0,263.5
2022-05-10,2022,4,0.8660254037844388,-0.4999999999999998,1,209.75,1,83.75,1,286.25,0,1,0,263.5,290.75
2022-05-11,2022,4,0.8660254037844388,-0.4999999999999998,2,140.5,1,132.25,1,101.0,0,0,1,290.75,332.5
2022-05-12,2022,4,0.8660254037844388,-0.4999999999999998,3,150.75,-1,158.5,-1,217.25,0,0,1,332.5,392.75
2022-05-13,2022,4,0.8660254037844388,-0.4999999999999998,4,141.0,1,111.75,1,197.25,0,1,0,392.75,279.5
2022-05-16,2022,4,0.8660254037844388,-0.4999999999999998,0,235.5,-1,117.0,1,72.0,0,1,0,279.5,171.75
2022-05-17,2022,4,0.8660254037844388,-0.4999999999999998,1,85.25,1,202.25,1,253.5,0,0,1,171.75,207.25
2022-05-18,2022,4,0.8660254037844388,-0.4999999999999998,2,100.25,-1,80.5,-1,207.25,1,0,0,207.25,139.75
2022-05-19,2022,4,0.8660254037844388,-0.4999999999999998,3,146.25,1,182.5,-1,16.75,0,1,0,139.75,214.0
2022-05-20,2022,4,0.8660254037844388,-0.4999999999999998,4,81.75,1,124.0,1,136.25,1,0,0,214.0,259.0
2022-05-23,2022,4,0.8660254037844388,-0.4999999999999998,0,79.75,1,180.75,-1,71.0,1,0,0,259.0,193.75
2022-05-24,2022,4,0.8660254037844388,-0.4999999999999998,1,45.5,-1,74.0,-1,234.75,0,1,0,193.75,271.25
2022-05-25,2022,4,0.8660254037844388,-0.4999999999999998,2,104.75,1,124.0,-1,70.0,0,1,0,271.25,222.0
2022-05-26,2022,4,0.8660254037844388,-0.4999999999999998,3,134.25,1,130.75,1,62.25,0,0,1,222.0,298.5
2022-05-27,2022,4,0.8660254037844388,-0.4999999999999998,4,78.0,-1,113.5,1,150.75,0,0,1,298.5,191.75
2022-05-31,2022,4,0.8660254037844388,-0.4999999999999998,1,146.75,-1,119.5,-1,32.25,0,1,0,191.75,208.0
2022-06-01,2022,5,0.49999999999999994,-0.8660254037844387,2,78.75,-1,101.75,-1,77.5,0,0,1,208.0,266.0
2022-06-02,2022,5,0.49999999999999994,-0.8660254037844387,3,96.25,1,102.5,1,40.0,0,1,0,266.0,190.0
2022-06-03,2022,5,0.49999999999999994,-0.8660254037844387,4,41.25,-1,97.25,-1,215.5,0,0,1,190.0,167.0
2022-06-06,2022,5,0.49999999999999994,-0.8660254037844387,0,118.75,1,134.0,1,187.0,1,0,0,167.0,136.5
2022-06-07,2022,5,0.49999999999999994,-0.8660254037844387,1,118.0,-1,90.25,1,134.75,0,1,0,136.5,294.75
2022-06-08,2022,5,0.49999999999999994,-0.8660254037844387,2,64.75,-1,68.75,1,11.0,1,0,0,294.75,155.5
2022-06-09,2022,5,0.49999999999999994,-0.8660254037844387,3,73.5,-1,107.75,1,47.25,0,1,0,155.5,172.5
2022-06-10,2022,5,0.49999999999999994,-0.8660254037844387,4,68.75,1,80.75,-1,245.0,0,0,1,172.5,239.25
2022-06-13,2022,5,0.49999999999999994,-0.8660254037844387,0,101.0,-1,184.0,-1,400.5,1,0,0,239.25,233.5
2022-06-14,2022,5,0.49999999999999994,-0.8660254037844387,1,129.25,1,126.75,-1,61.25,0,0,1,233.5,172.25
2022-06-15,2022,5,0.49999999999999994,-0.8660254037844387,2,55.0,-1,91.25,1,151.25,0,0,1,172.25,114.25
2022-06-16,2022,5,0.49999999999999994,-0.8660254037844387,3,123.25,-1,300.75,-1,274.0,0,1,0,114.25,221.0
2022-06-17,2022,5,0.49999999999999994,-0.8660254037844387,4,121.5,1,108.0,1,0.75,0,0,1,221.0,229.5
2022-06-21,2022,5,0.49999999999999994,-0.8660254037844387,1,96.25,1,115.75,1,170.75,0,1,0,229.5,202.5
2022-06-22,2022,5,0.49999999999999994,-0.8660254037844387,2,132.0,-1,126.0,-1,111.5,0,0,1,202.5,299.0
2022-06-23,2022,5,0.49999999999999994,-0.8660254037844387,3,122.0,1,140.75,1,112.25,0,0,1,299.0,188.75
2022-06-24,2022,5,0.49999999999999994,-0.8660254037844387,4,180.75,1,59.0,-1,133.5,0,1,0,188.75,243.75
2022-06-27,2022,5,0.49999999999999994,-0.8660254037844387,0,158.0,1,135.0,1,86.25,0,1,0,243.75,191.0
2022-06-28,2022,5,0.49999999999999994,-0.8660254037844387,1,124.75,-1,116.5,1,4.0,0,0,1,191.0,239.75
2022-06-29,2022,5,0.49999999999999994,-0.8660254037844387,2,51.75,1,88.0,-1,13.25,0,0,1,239.75,184.5
2022-06-30,2022,5,0.49999999999999994,-0.8660254037844387,3,58.0,-1,116.75,-1,127.25,0,0,1,184.5,237.0
2022-07-01,2022,6,1.2246467991473532e-16,-1.0,4,174.25,-1,109.75,1,43.0,0,0,1,237.0,216.25
2022-07-05,2022,6,1.2246467991473532e-16,-1.0,1,67.75,-1,181.75,-1,155.0,1,0,0,216.25,220.25
2022-07-06,2022,6,1.2246467991473532e-16,-1.0,2,96.25,1,133.25,1,20.0,0,0,1,220.25,128.5
2022-07-07,2022,6,1.2246467991473532e-16,-1.0,3,74.25,1,70.25,1,21.0,0,1,0,128.5,150.5
2022-07-08,2022,6,1.2246467991473532e-16,-1.0,4,65.25,-1,53.5,1,105.0,0,0,1,150.5,179.25
2022-07-11,2022,6,1.2246467991473532e-16,-1.0,0,99.25,-1,79.5,1,115.25,1,0,0,179.25,208.75
2022-07-12,2022,6,1.2246467991473532e-16,-1.0,1,120.75,-1,67.25,1,35.0,1,0,0,208.75,220.5
2022-07-13,2022,6,1.2246467991473532e-16,-1.0,2,49.75,1,73.25,1,229.0,0,0,1,220.5,309.75
2022-07-14,2022,6,1.2246467991473532e-16,-1.0,3,98.25,1,127.25,-1,93.25,0,0,1,309.75,173.25
2022-07-15,2022,6,1.2246467991473532e-16,-1.0,4,65.0,-1,89.0,1,119.5,0,0,1,173.25,136.5
2022-07-18,2022,6,1.2246467991473532e-16,-1.0,0,79.75,1,82.25,1,106.25,1,0,0,136.5,96.75
2022-07-19,2022,6,1.2246467991473532e-16,-1.0,1,42.0,-1,79.5,1,145.25,1,0,0,96.75,152.75
2022-07-20,2022,6,1.2246467991473532e-16,-1.0,2,60.25,1,66.75,-1,34.25,0,1,0,152.75,229.0
2022-07-21,2022,6,1.2246467991473532e-16,-1.0,3,50.0,-1,86.0,-1,48.0,0,1,0,229.0,167.75
2022-07-22,2022,6,1.2246467991473532e-16,-1.0,4,41.0,0,50.25,1,46.0,0,0,1,167.75,155.75
2022-07-25,2022,6,1.2246467991473532e-16,-1.0,0,52.75,1,82.0,1,3.25,1,0,0,155.75,156.0
2022-07-26,2022,6,1.2246467991473532e-16,-1.0,1,43.0,1,37.25,-1,43.0,0,0,1,156.0,133.25
2022-07-27,2022,6,1.2246467991473532e-16,-1.0,2,32.75,0,63.25,1,148.75,0,1,0,133.25,158.0
2022-07-28,2022,6,1.2246467991473532e-16,-1.0,3,34.5,-1,87.0,-1,22.25,0,0,1,158.0,205.0
2022-07-29,2022,6,1.2246467991473532e-16,-1.0,4,44.0,1,86.5,-1,25.75,0,0,1,205.0,186.5
2022-08-01,2022,7,-0.4999999999999998,-0.8660254037844388,0,31.5,1,56.25,-1,75.25,0,0,1,186.5,257.0
2022-08-02,2022,7,-0.4999999999999998,-0.8660254037844388,1,72.25,-1,75.0,-1,104.5,0,0,1,257.0,181.25
2022-08-03,2022,7,-0.4999999999999998,-0.8660254037844388,2,79.75,1,62.0,-1,87.25,0,0,1,181.25,183.75
2022-08-04,2022,7,-0.4999999999999998,-0.8660254037844388,3,44.75,1,44.75,1,26.0,0,1,0,183.75,154.25
2022-08-05,2022,7,-0.4999999999999998,-0.8660254037844388,4,51.25,1,53.25,-1,208.75,0,0,1,154.25,195.5
2022-08-08,2022,7,-0.4999999999999998,-0.8660254037844388,0,50.5,1,59.5,1,46.5,1,0,0,195.5,187.25
2022-08-09,2022,7,-0.4999999999999998,-0.8660254037844388,1,58.75,-1,55.25,-1,91.5,1,0,0,187.25,139.0
2022-08-10,2022,7,-0.4999999999999998,-0.8660254037844388,2,49.5,-1,112.5,1,291.25,0,0,1,139.0,117.25
2022-08-11,2022,7,-0.4999999999999998,-0.8660254037844388,3,59.5,1,95.25,-1,104.25,0,0,1,117.25,119.5
2022-08-12,2022,7,-0.4999999999999998,-0.8660254037844388,4,47.25,1,72.5,1,59.75,0,0,1,119.5,103.25
2022-08-15,2022,7,-0.4999999999999998,-0.8660254037844388,0,31.0,1,56.25,-1,36.75,0,1,0,103.25,100.25
2022-08-16,2022,7,-0.4999999999999998,-0.8660254037844388,1,35.75,-1,61.5,1,31.5,1,0,0,100.25,136.5
2022-08-17,2022,7,-0.4999999999999998,-0.8660254037844388,2,33.25,-1,93.0,-1,125.25,0,0,1,136.5,142.0
2022-08-18,2022,7,-0.4999999999999998,-0.8660254037844388,3,44.5,1,68.0,1,13.75,0,0,1,142.0,111.25
2022-08-19,2022,7,-0.4999999999999998,-0.8660254037844388,4,43.5,-1,113.0,-1,136.5,1,0,0,111.25,162.75
2022-08-22,2022,7,-0.4999999999999998,-0.8660254037844388,0,45.25,1,136.75,-1,173.75,1,0,0,162.75,141.25
2022-08-23,2022,7,-0.4999999999999998,-0.8660254037844388,1,35.0,-1,141.5,1,32.75,0,0,1,141.25,152.5
2022-08-24,2022,7,-0.4999999999999998,-0.8660254037844388,2,73.5,-1,93.25,1,19.5,0,1,0,152.5,103.75
2022-08-25,2022,7,-0.4999999999999998,-0.8660254037844388,3,54.25,1,111.5,1,57.5,0,0,1,103.75,156.0
2022-08-26,2022,7,-0.4999999999999998,-0.8660254037844388,4,29.75,1,59.0,-1,2.5,0,0,1,156.0,329.75
2022-08-29,2022,7,-0.4999999999999998,-0.8660254037844388,0,90.75,1,101.0,1,93.75,1,0,0,329.75,152.25
2022-08-30,2022,7,-0.4999999999999998,-0.8660254037844388,1,71.0,1,129.75,1,80.25,0,0,1,152.25,318.0
2022-08-31,2022,7,-0.4999999999999998,-0.8660254037844388,2,91.25,1,97.5,-1,109.0,0,1,0,318.0,160.75
2022-09-01,2022,8,-0.8660254037844384,-0.5000000000000004,3,66.75,-1,73.5,-1,134.75,0,0,1,160.75,171.25
2022-09-02,2022,8,-0.8660254037844384,-0.5000000000000004,4,52.0,1,71.0,1,111.0,0,0,1,171.25,189.0
2022-09-06,2022,8,-0.8660254037844384,-0.5000000000000004,1,102.0,1,90.75,1,2.5,0,0,1,189.0,239.0
2022-09-07,2022,8,-0.8660254037844384,-0.5000000000000004,2,93.25,-1,107.25,1,32.75,0,1,0,239.0,98.75
2022-09-08,2022,8,-0.8660254037844384,-0.5000000000000004,3,45.25,1,107.75,-1,91.0,0,0,1,98.75,226.0
2022-09-09,2022,8,-0.8660254037844384,-0.5000000000000004,4,53.0,1,99.0,1,72.25,1,0,0,226.0,154.5
2022-09-12,2022,8,-0.8660254037844384,-0.5000000000000004,0,59.75,-1,108.25,1,137.75,1,0,0,154.5,118.5
2022-09-13,2022,8,-0.8660254037844384,-0.5000000000000004,1,38.0,-1,47.0,1,398.0,0,0,1,118.5,216.5
2022-09-14,2022,8,-0.8660254037844384,-0.5000000000000004,2,66.5,-1,122.75,1,55.25,0,0,1,216.5,133.5
2022-09-15,2022,8,-0.8660254037844384,-0.5000000000000004,3,48.5,-1,50.5,1,113.0,0,0,1,133.5,223.25
2022-09-16,2022,8,-0.8660254037844384,-0.5000000000000004,4,40.75,-1,59.25,-1,147.25,0,0,1,223.25,134.5
2022-09-19,2022,8,-0.8660254037844384,-0.5000000000000004,0,94.5,-1,53.25,-1,113.75,1,0,0,134.5,158.75
2022-09-20,2022,8,-0.8660254037844384,-0.5000000000000004,1,59.75,-1,114.0,-1,119.5,1,0,0,158.75,79.0
2022-09-21,2022,8,-0.8660254037844384,-0.5000000000000004,2,42.75,1,84.75,1,21.75,0,1,0,79.0,61.75
2022-09-22,2022,8,-0.8660254037844384,-0.5000000000000004,3,81.75,1,199.0,1,8.25,0,1,0,61.75,146.75
2022-09-23,2022,8,-0.8660254037844384,-0.5000000000000004,4,100.25,-1,87.5,-1,94.75,0,0,1,146.75,132.75
2022-09-26,2022,8,-0.8660254037844384,-0.5000000000000004,0,95.5,-1,165.25,1,35.75,1,0,0,132.75,195.25
2022-09-27,2022,8,-0.8660254037844384,-0.5000000000000004,1,75.25,1,98.75,1,159.25,0,0,1,195.25,163.0
2022-09-28,2022,8,-0.8660254037844384,-0.5000000000000004,2,208.5,-1,114.25,-1,10.0,0,1,0,163.0,166.5
2022-09-29,2022,8,-0.8660254037844384,-0.5000000000000004,3,66.75,1,142.75,-1,160.75,0,1,0,166.5,243.25
2022-09-30,2022,8,-0.8660254037844384,-0.5000000000000004,4,91.75,-1,125.0,1,45.25,0,0,1,243.25,173.5
2022-10-03,2022,9,-1.0,-1.8369701987210297e-16,0,134.0,1,107.25,-1,34.5,0,0,1,173.5,190.75
2022-10-04,2022,9,-1.0,-1.8369701987210297e-16,1,72.75,1,89.25,1,203.25,0,0,1,190.75,160.75
2022-10-05,2022,9,-1.0,-1.8369701987210297e-16,2,58.25,-1,87.0,-1,156.75,0,0,1,160.75,172.5
2022-10-06,2022,9,-1.0,-1.8369701987210297e-16,3,61.75,-1,140.75,-1,45.25,0,1,0,172.5,195.0
2022-10-07,2022,9,-1.0,-1.8369701987210297e-16,4,68.75,1,72.25,-1,170.5,0,0,1,195.0,145.5
2022-10-10,2022,9,-1.0,-1.8369701987210297e-16,0,68.25,1,96.0,-1,18.75,1,0,0,145.5,192.0
2022-10-11,2022,9,-1.0,-1.8369701987210297e-16,1,114.75,-1,110.5,-1,73.5,1,0,0,192.0,156.25
2022-10-12,2022,9,-1.0,-1.8369701987210297e-16,2,93.25,1,102.5,-1,6.75,0,0,1,156.25,140.25
2022-10-13,2022,9,-1.0,-1.8369701987210297e-16,3,43.75,-1,60.25,1,325.25,0,0,1,140.25,224.25
2022-10-14,2022,9,-1.0,-1.8369701987210297e-16,4,163.25,1,177.5,-1,104.75,0,0,1,224.25,354.75
2022-10-17,2022,9,-1.0,-1.8369701987210297e-16,0,42.0,-1,91.0,1,251.0,0,0,1,354.75,134.25
2022-10-18,2022,9,-1.0,-1.8369701987210297e-16,1,183.25,1,95.5,-1,269.5,1,0,0,134.25,217.75
2022-10-19,2022,9,-1.0,-1.8369701987210297e-16,2,62.0,-1,124.5,-1,188.5,1,0,0,217.75,174.5
2022-10-20,2022,9,-1.0,-1.8369701987210297e-16,3,106.75,-1,79.25,-1,32.75,0,0,1,174.5,237.75
2022-10-21,2022,9,-1.0,-1.8369701987210297e-16,4,79.75,1,110.25,-1,18.25,1,0,0,237.75,230.0
2022-10-24,2022,9,-1.0,-1.8369701987210297e-16,0,112.25,-1,157.25,-1,16.25,0,0,1,230.0,218.25
2022-10-25,2022,9,-1.0,-1.8369701987210297e-16,1,73.5,1,45.5,-1,42.75,0,0,1,218.25,149.75
2022-10-26,2022,9,-1.0,-1.8369701987210297e-16,2,70.75,1,91.75,1,95.0,0,1,0,149.75,221.75
2022-10-27,2022,9,-1.0,-1.8369701987210297e-16,3,76.0,1,87.0,-1,51.5,0,0,1,221.75,200.25
2022-10-28,2022,9,-1.0,-1.8369701987210297e-16,4,65.75,1,62.5,-1,200.25,0,0,1,200.25,265.5
2022-10-31,2022,9,-1.0,-1.8369701987210297e-16,0,64.5,1,79.75,-1,126.5,1,0,0,265.5,155.25
2022-11-01,2022,10,-0.8660254037844386,0.5,1,36.75,1,71.0,1,137.75,0,0,1,155.25,276.75
2022-11-02,2022,10,-0.8660254037844386,0.5,2,65.5,1,54.5,-1,16.0,1,0,0,276.75,87.0
2022-11-03,2022,10,-0.8660254037844386,0.5,3,77.0,1,81.75,-1,113.75,0,0,1,87.0,174.5
2022-11-04,2022,10,-0.8660254037844386,0.5,4,51.0,1,79.5,1,206.5,0,0,1,174.5,249.75
2022-11-07,2022,10,-0.8660254037844386,0.5,0,97.0,1,131.25,1,59.75,1,0,0,249.75,121.5
2022-11-08,2022,10,-0.8660254037844386,0.5,1,70.0,-1,103.75,1,54.25,1,0,0,121.5,131.25
2022-11-09,2022,10,-0.8660254037844386,0.5,2,88.75,1,121.0,-1,63.75,1,0,0,131.25,123.5
2022-11-10,2022,10,-0.8660254037844386,0.5,3,43.75,1,47.75,-1,513.5,0,0,1,123.5,199.75
2022-11-11,2022,10,-0.8660254037844386,0.5,4,56.5,1,72.75,-1,31.5,0,0,1,199.75,211.5
2022-11-14,2022,10,-0.8660254037844386,0.5,0,54.75,-1,59.25,-1,86.75,1,0,0,211.5,115.0
2022-11-15,2022,10,-0.8660254037844386,0.5,1,65.25,1,38.0,1,263.5,0,0,1,115.0,102.25
2022-11-16,2022,10,-0.8660254037844386,0.5,2,81.5,1,58.5,-1,70.5,0,0,1,102.25,129.75
2022-11-17,2022,10,-0.8660254037844386,0.5,3,48.75,-1,113.75,-1,227.75,0,0,1,129.75,129.0
2022-11-18,2022,10,-0.8660254037844386,0.5,4,32.75,-1,106.25,1,111.5,0,1,0,129.0,186.75
2022-11-21,2022,10,-0.8660254037844386,0.5,0,30.5,-1,64.5,-1,67.0,1,0,0,186.75,124.75
2022-11-22,2022,10,-0.8660254037844386,0.5,1,36.75,-1,97.5,1,28.0,0,1,0,124.75,127.25
2022-11-23,2022,10,-0.8660254037844386,0.5,2,18.75,-1,52.75,1,8.5,0,0,1,127.25,145.25
2022-11-28,2022,10,-0.8660254037844386,0.5,0,39.0,-1,83.5,-1,173.5,1,0,0,145.25,110.0
2022-11-29,2022,10,-0.8660254037844386,0.5,1,57.5,1,56.75,-1,1.0,0,0,1,110.0,77.25
2022-11-30,2022,10,-0.8660254037844386,0.5,2,27.0,1,55.75,1,20.5,0,0,1,77.25,62.75
2022-12-01,2022,11,-0.5000000000000004,0.8660254037844384,3,48.75,1,69.5,-1,0.5,0,0,1,62.75,201.75
2022-12-02,2022,11,-0.5000000000000004,0.8660254037844384,4,29.75,1,42.25,1,194.75,0,0,1,201.75,115.5
2022-12-05,2022,11,-0.5000000000000004,0.8660254037844384,0,17.75,0,53.5,-1,71.75,0,0,1,115.5,110.5
2022-12-06,2022,11,-0.5000000000000004,0.8660254037844384,1,43.75,-1,58.0,1,2.5,1,0,0,110.5,216.5
2022-12-07,2022,11,-0.5000000000000004,0.8660254037844384,2,29.75,1,74.25,-1,51.0,1,0,0,216.5,155.75
2022-12-08,2022,11,-0.5000000000000004,0.8660254037844384,3,65.0,1,46.75,1,66.75,0,1,0,155.75,194.0
2022-12-09,2022,11,-0.5000000000000004,0.8660254037844384,4,60.25,1,51.25,-1,54.75,0,0,1,194.0,155.75
2022-12-12,2022,11,-0.5000000000000004,0.8660254037844384,0,41.75,1,48.25,1,134.75,1,0,0,155.75,78.0
2022-12-13,2022,11,-0.5000000000000004,0.8660254037844384,1,33.75,-1,57.5,1,475.25,0,0,1,78.0,257.75
2022-12-14,2022,11,-0.5000000000000004,0.8660254037844384,2,36.75,1,62.0,-1,22.25,1,0,0,257.75,114.0
2022-12-15,2022,11,-0.5000000000000004,0.8660254037844384,3,62.0,-1,151.5,-1,201.25,0,0,1,114.0,211.75
2022-12-16,2022,11,-0.5000000000000004,0.8660254037844384,4,53.75,-1,162.0,-1,14.5,0,0,1,211.75,178.75
2022-12-19,2022,11,-0.5000000000000004,0.8660254037844384,0,36.5,-1,55.5,1,30.25,1,0,0,178.75,128.75
2022-12-20,2022,11,-0.5000000000000004,0.8660254037844384,1,175.5,-1,106.25,1,47.25,1,0,0,128.75,180.25
2022-12-21,2022,11,-0.5000000000000004,0.8660254037844384,2,57.5,-1,59.0,1,32.0,0,0,1,180.25,170.75
2022-12-22,2022,11,-0.5000000000000004,0.8660254037844384,3,31.25,1,49.25,-1,152.5,0,1,0,170.75,209.75
2022-12-23,2022,11,-0.5000000000000004,0.8660254037844384,4,67.75,1,43.75,-1,35.5,0,0,1,209.75,187.0
2022-12-27,2022,11,-0.5000000000000004,0.8660254037844384,1,37.0,1,60.25,-1,20.0,1,0,0,187.0,160.0
2022-12-28,2022,11,-0.5000000000000004,0.8660254037844384,2,45.0,1,62.5,-1,22.25,1,0,0,160.0,170.0
2022-12-29,2022,11,-0.5000000000000004,0.8660254037844384,3,24.25,1,42.75,1,112.0,0,1,0,170.0,180.5
2022-12-30,2022,11,-0.5000000000000004,0.8660254037844384,4,25.25,-1,49.25,1,122.75,0,1,0,180.5,115.75
2023-01-03,2023,0,0.0,1.0,1,89.0,1,133.25,1,71.5,1,0,0,115.75,268.75
2023-01-04,2023,0,0.0,1.0,2,40.25,1,74.5,1,92.5,0,0,1,268.75,183.0
2023-01-05,2023,0,0.0,1.0,3,61.75,-1,53.25,1,58.75,0,1,0,183.0,112.5
2023-01-06,2023,0,0.0,1.0,4,39.5,1,86.25,-1,56.25,0,0,1,112.5,233.25
2023-01-09,2023,0,0.0,1.0,0,47.0,1,67.0,1,95.75,1,0,0,233.25,169.25
2023-01-10,2023,0,0.0,1.0,1,54.0,1,45.25,1,38.5,0,0,1,169.25,162.5
2023-01-11,2023,0,0.0,1.0,2,26.5,-1,76.5,1,43.5,1,0,0,162.5,97.75
2023-01-12,2023,0,0.0,1.0,3,31.0,1,39.0,1,21.5,0,0,1,97.75,207.5
2023-01-13,2023,0,0.0,1.0,4,56.25,-1,34.5,1,103.5,0,0,1,207.5,129.5
2023-01-17,2023,0,0.0,1.0,1,57.25,-1,47.0,1,2.5,0,0,1,129.5,135.5
2023-01-18,2023,0,0.0,1.0,2,101.75,1,48.5,-1,73.25,0,0,1,135.5,174.0
2023-01-19,2023,0,0.0,1.0,3,29.75,1,64.75,-1,65.5,0,1,0,174.0,125.5
2023-01-20,2023,0,0.0,1.0,4,19.0,-1,65.0,-1,42.0,0,1,0,125.5,115.0
2023-01-23,2023,0,0.0,1.0,0,18.25,1,53.0,-1,33.25,1,0,0,115.0,211.75
2023-01-24,2023,0,0.0,1.0,1,25.25,1,36.25,-1,59.75,0,0,1,211.75,113.25
2023-01-25,2023,0,0.0,1.0,2,35.5,-1,75.75,-1,261.5,1,0,0,113.25,119.5
2023-01-26,2023,0,0.0,1.0,3,43.0,1,47.5,-1,151.0,0,0,1,119.5,168.0
2023-01-27,2023,0,0.0,1.0,4,33.0,-1,27.0,1,28.75,0,0,1,168.0,151.5
2023-01-30,2023,0,0.0,1.0,0,57.0,-1,113.5,-1,138.5,1,0,0,151.5,160.75
2023-01-31,2023,0,0.0,1.0,1,82.25,-1,75.25,-1,19.75,0,0,1,160.75,114.75
2023-02-01,2023,1,0.49999999999999994,0.8660254037844387,2,34.25,1,42.5,1,19.5,0,0,1,114.75,76.5
2023-02-02,2023,1,0.49999999999999994,0.8660254037844387,3,43.25,-1,98.5,1,186.5,0,1,0,76.5,179.5
2023-02-03,2023,1,0.49999999999999994,0.8660254037844387,4,58.75,-1,87.75,-1,162.75,0,0,1,179.5,299.25
2023-02-06,2023,1,0.49999999999999994,0.8660254037844387,0,61.5,-1,89.0,-1,103.0,1,0,0,299.25,136.5
2023-02-07,2023,1,0.49999999999999994,0.8660254037844387,1,37.5,-1,98.0,1,8.0,1,0,0,136.5,77.25
2023-02-08,2023,1,0.49999999999999994,0.8660254037844387,2,45.75,1,77.0,-1,28.5,0,0,1,77.25,153.25
2023-02-09,2023,1,0.49999999999999994,0.8660254037844387,3,29.5,1,109.25,1,175.25,0,1,0,153.25,116.25
2023-02-10,2023,1,0.49999999999999994,0.8660254037844387,4,49.0,-1,116.75,-1,105.5,0,0,1,116.25,137.5
2023-02-13,2023,1,0.49999999999999994,0.8660254037844387,0,50.25,-1,83.0,1,59.25,1,0,0,137.5,156.5
2023-02-14,2023,1,0.49999999999999994,0.8660254037844387,1,37.75,-1,52.25,1,73.0,0,0,1,156.5,283.0
2023-02-15,2023,1,0.49999999999999994,0.8660254037844387,2,64.0,-1,60.0,1,64.25,0,0,1,283.0,107.25
2023-02-16,2023,1,0.49999999999999994,0.8660254037844387,3,32.25,1,56.25,-1,223.25,0,0,1,107.25,174.0
2023-02-17,2023,1,0.49999999999999994,0.8660254037844387,4,55.25,-1,78.5,-1,66.75,1,0,0,174.0,127.5
2023-02-21,2023,1,0.49999999999999994,0.8660254037844387,1,27.5,-1,127.0,-1,157.5,0,0,1,127.5,109.5
2023-02-22,2023,1,0.49999999999999994,0.8660254037844387,2,30.25,-1,80.5,-1,8.5,1,0,0,109.5,140.5
2023-02-23,2023,1,0.49999999999999994,0.8660254037844387,3,48.0,1,75.5,-1,146.5,0,0,1,140.5,157.5
2023-02-24,2023,1,0.49999999999999994,0.8660254037844387,4,51.75,-1,56.5,-1,198.25,0,0,1,157.5,120.0
2023-02-27,2023,1,0.49999999999999994,0.8660254037844387,0,36.25,-1,70.0,1,127.75,0,1,0,120.0,113.0
2023-02-28,2023,1,0.49999999999999994,0.8660254037844387,1,39.5,-1,69.25,-1,42.0,0,0,1,113.0,82.5
2023-03-01,2023,2,0.8660254037844386,0.5000000000000001,2,89.5,1,47.25,1,8.5,0,0,1,82.5,126.5
2023-03-02,2023,2,0.8660254037844386,0.5000000000000001,3,96.0,-1,60.0,-1,124.75,0,1,0,126.5,86.75
2023-03-03,2023,2,0.8660254037844386,0.5000000000000001,4,45.5,1,71.0,1,81.75,0,0,1,86.75,121.75
2023-03-06,2023,2,0.8660254037844386,0.5000000000000001,0,92.0,1,55.25,-1,38.5,1,0,0,121.75,126.75
2023-03-07,2023,2,0.8660254037844386,0.5000000000000001,1,51.25,1,50.0,1,0.5,0,0,1,126.75,182.5
2023-03-08,2023,2,0.8660254037844386,0.5000000000000001,2,45.25,1,41.25,1,3.25,0,0,1,182.5,115.75
2023-03-09,2023,2,0.8660254037844386,0.5000000000000001,3,37.0,-1,68.25,-1,14.25,0,1,0,115.75,123.5
2023-03-10,2023,2,0.8660254037844386,0.5000000000000001,4,58.75,-1,85.75,1,25.75,0,0,1,123.5,162.5
2023-03-13,2023,2,0.8660254037844386,0.5000000000000001,0,121.75,1,176.5,-1,37.5,1,0,0,162.5,256.0
2023-03-14,2023,2,0.8660254037844386,0.5000000000000001,1,79.0,1,73.0,1,149.0,0,0,1,256.0,126.5
2023-03-15,2023,2,0.8660254037844386,0.5000000000000001,2,63.25,1,41.75,-1,114.25,0,0,1,126.5,124.0
2023-03-16,2023,2,0.8660254037844386,0.5000000000000001,3,62.75,1,68.75,-1,49.0,0,0,1,124.0,222.0
2023-03-17,2023,2,0.8660254037844386,0.5000000000000001,4,37.0,1,52.0,-1,7.5,0,0,1,222.0,205.5
2023-03-20,2023,2,0.8660254037844386,0.5000000000000001,0,71.5,-1,132.75,-1,33.75,1,0,0,205.5,121.75
2023-03-21,2023,2,0.8660254037844386,0.5000000000000001,1,61.25,-1,49.5,1,85.0,0,1,0,121.75,124.0
2023-03-22,2023,2,0.8660254037844386,0.5000000000000001,2,29.5,1,67.5,-1,6.75,1,0,0,124.0,87.75
2023-03-23,2023,2,0.8660254037844386,0.5000000000000001,3,71.0,1,77.75,1,154.5,0,0,1,87.75,158.75
2023-03-24,2023,2,0.8660254037844386,0.5000000000000001,4,49.0,-1,97.25,-1,6.5,0,0,1,158.75,108.5
2023-03-27,2023,2,0.8660254037844386,0.5000000000000001,0,54.25,-1,115.75,-1,12.0,1,0,0,108.5,106.75
2023-03-28,2023,2,0.8660254037844386,0.5000000000000001,1,32.5,-1,82.25,-1,38.75,0,0,1,106.75,127.25
2023-03-29,2023,2,0.8660254037844386,0.5000000000000001,2,33.25,1,54.75,1,138.5,0,1,0,127.25,78.25
2023-03-30,2023,2,0.8660254037844386,0.5000000000000001,3,29.75,1,32.25,1,103.5,0,0,1,78.25,80.25
2023-03-31,2023,2,0.8660254037844386,0.5000000000000001,4,45.25,1,42.5,-1,1.75,0,0,1,80.25,110.5
2023-04-03,2023,3,1.0,6.123233995736766e-17,0,40.25,-1,43.75,-1,98.0,0,0,1,110.5,90.75
2023-04-04,2023,3,1.0,6.123233995736766e-17,1,32.25,-1,37.75,1,19.25,0,0,1,90.75,96.75
2023-04-05,2023,3,1.0,6.123233995736766e-17,2,31.75,-1,54.75,-1,52.5,0,0,1,96.75,154.75
2023-04-06,2023,3,1.0,6.123233995736766e-17,3,44.5,-1,53.75,1,62.5,0,0,1,154.75,100.75
2023-04-10,2023,3,1.0,6.123233995736766e-17,0,32.25,-1,35.25,1,117.0,1,0,0,100.75,82.75
2023-04-11,2023,3,1.0,6.123233995736766e-17,1,38.0,-1,38.75,1,10.25,1,0,0,82.75,102.75
2023-04-12,2023,3,1.0,6.123233995736766e-17,2,27.25,-1,52.75,1,71.25,0,0,1,102.75,174.5
2023-04-13,2023,3,1.0,6.123233995736766e-17,3,48.0,1,43.0,1,74.0,0,0,1,174.5,118.5
2023-04-14,2023,3,1.0,6.123233995736766e-17,4,32.25,1,38.25,-1,61.0,0,0,1,118.5,139.75
2023-04-17,2023,3,1.0,6.123233995736766e-17,0,22.0,-1,35.25,-1,38.75,0,0,1,139.75,94.5
2023-04-18,2023,3,1.0,6.123233995736766e-17,1,17.5,-1,72.5,1,87.25,1,0,0,94.5,141.0
2023-04-19,2023,3,1.0,6.123233995736766e-17,2,24.75,-1,59.5,-1,97.5,1,0,0,141.0,68.5
2023-04-20,2023,3,1.0,6.123233995736766e-17,3,30.75,1,112.25,-1,116.75,0,0,1,68.5,111.75
2023-04-21,2023,3,1.0,6.123233995736766e-17,4,30.25,1,53.25,1,34.25,0,0,1,111.75,99.25
2023-04-24,2023,3,1.0,6.123233995736766e-17,0,23.75,-1,32.75,1,2.75,1,0,0,99.25,125.75
2023-04-25,2023,3,1.0,6.123233995736766e-17,1,53.75,-1,60.5,-1,75.25,0,0,1,125.75,85.5
2023-04-26,2023,3,1.0,6.123233995736766e-17,2,46.0,1,53.75,-1,38.25,0,1,0,85.5,71.0
2023-04-27,2023,3,1.0,6.123233995736766e-17,3,32.0,1,41.25,1,79.5,0,0,1,71.0,105.0
2023-04-28,2023,3,1.0,6.123233995736766e-17,4,41.5,1,45.0,-1,51.25,0,0,1,105.0,120.75
2023-05-01,2023,4,0.8660254037844388,-0.4999999999999998,0,47.75,1,73.25,-1,25.25,0,0,1,120.75,51.25
2023-05-02,2023,4,0.8660254037844388,-0.4999999999999998,1,38.5,1,36.0,-1,3.75,0,0,1,51.25,176.0
2023-05-03,2023,4,0.8660254037844388,-0.4999999999999998,2,22.25,1,32.75,1,24.25,0,0,1,176.0,54.25
2023-05-04,2023,4,0.8660254037844388,-0.4999999999999998,3,62.75,1,71.5,-1,38.0,0,0,1,54.25,84.25
2023-05-05,2023,4,0.8660254037844388,-0.4999999999999998,4,33.5,1,36.75,1,97.0,0,0,1,84.25,153.5
2023-05-08,2023,4,0.8660254037844388,-0.4999999999999998,0,35.75,1,37.25,-1,14.5,1,0,0,153.5,55.75
2023-05-09,2023,4,0.8660254037844388,-0.4999999999999998,1,17.75,1,53.0,-1,64.25,1,0,0,55.75,43.0
2023-05-10,2023,4,0.8660254037844388,-0.4999999999999998,2,20.0,-1,83.0,-1,102.5,0,0,1,43.0,135.5
2023-05-11,2023,4,0.8660254037844388,-0.4999999999999998,3,25.75,1,43.5,1,14.0,0,0,1,135.5,71.75
2023-05-12,2023,4,0.8660254037844388,-0.4999999999999998,4,41.25,1,27.5,1,25.5,0,0,1,71.75,105.0
2023-05-15,2023,4,0.8660254037844388,-0.4999999999999998,0,45.0,1,31.5,1,39.75,0,0,1,105.0,76.75
2023-05-16,2023,4,0.8660254037844388,-0.4999999999999998,1,15.5,-1,53.75,1,31.0,0,0,1,76.75,99.25
2023-05-17,2023,4,0.8660254037844388,-0.4999999999999998,2,26.0,1,40.0,-1,21.5,1,0,0,99.25,64.5
2023-05-18,2023,4,0.8660254037844388,-0.4999999999999998,3,26.25,1,44.5,1,4.75,0,0,1,64.5,138.75
2023-05-19,2023,4,0.8660254037844388,-0.4999999999999998,4,28.25,-1,43.75,1,3.5,0,0,1,138.75,67.25
2023-05-22,2023,4,0.8660254037844388,-0.4999999999999998,0,31.75,1,22.25,-1,12.75,1,0,0,67.25,99.75
2023-05-23,2023,4,0.8660254037844388,-0.4999999999999998,1,49.25,-1,38.0,-1,79.75,0,0,1,99.75,55.75
2023-05-24,2023,4,0.8660254037844388,-0.4999999999999998,2,27.25,1,44.5,-1,84.75,0,1,0,55.75,104.75
2023-05-25,2023,4,0.8660254037844388,-0.4999999999999998,3,37.75,-1,59.0,1,183.75,0,0,1,104.75,114.5
2023-05-26,2023,4,0.8660254037844388,-0.4999999999999998,4,47.0,-1,52.25,1,31.5,0,0,1,114.5,254.5
2023-05-30,2023,4,0.8660254037844388,-0.4999999999999998,1,16.5,1,91.75,1,150.5,0,0,1,254.5,159.5
2023-05-31,2023,4,0.8660254037844388,-0.4999999999999998,2,54.25,-1,36.25,1,76.75,0,0,1,159.5,138.0
2023-06-01,2023,5,0.49999999999999994,-0.8660254037844387,3,85.5,-1,47.75,1,4.75,0,0,1,138.0,132.0
2023-06-02,2023,5,0.49999999999999994,-0.8660254037844387,4,41.0,1,36.0,1,54.5,0,0,1,132.0,159.5
2023-06-05,2023,5,0.49999999999999994,-0.8660254037844387,0,34.0,-1,49.0,1,16.5,0,0,1,159.5,104.0
2023-06-06,2023,5,0.49999999999999994,-0.8660254037844387,1,40.25,1,47.75,1,26.25,1,0,0,104.0,102.25
2023-06-07,2023,5,0.49999999999999994,-0.8660254037844387,2,33.0,-1,43.0,-1,3.25,1,0,0,102.25,227.25
2023-06-08,2023,5,0.49999999999999994,-0.8660254037844387,3,59.75,-1,77.75,1,13.75,0,0,1,227.25,131.25
2023-06-09,2023,5,0.49999999999999994,-0.8660254037844387,4,22.75,-1,45.25,-1,56.5,1,0,0,131.25,130.5
2023-06-12,2023,5,0.49999999999999994,-0.8660254037844387,0,25.5,-1,51.25,1,233.75,1,0,0,130.5,68.75
2023-06-13,2023,5,0.49999999999999994,-0.8660254037844387,1,57.5,1,42.75,1,94.5,0,0,1,68.75,167.0
2023-06-14,2023,5,0.49999999999999994,-0.8660254037844387,2,20.5,-1,69.75,1,1.0,0,0,1,167.0,125.25
2023-06-15,2023,5,0.49999999999999994,-0.8660254037844387,3,53.25,-1,72.5,-1,76.0,0,0,1,125.25,167.5
2023-06-16,2023,5,0.49999999999999994,-0.8660254037844387,4,45.25,-1,73.75,1,96.0,0,0,1,167.5,142.5
2023-06-20,2023,5,0.49999999999999994,-0.8660254037844387,1,33.75,-1,82.5,-1,95.5,1,0,0,142.5,184.25
2023-06-21,2023,5,0.49999999999999994,-0.8660254037844387,2,28.0,-1,44.75,-1,51.5,0,0,1,184.25,181.5
2023-06-22,2023,5,0.49999999999999994,-0.8660254037844387,3,48.75,-1,47.0,-1,56.0,0,0,1,181.5,185.0
2023-06-23,2023,5,0.49999999999999994,-0.8660254037844387,4,94.75,-1,85.25,-1,176.25,0,0,1,185.0,102.5
2023-06-26,2023,5,0.49999999999999994,-0.8660254037844387,0,38.75,-1,89.0,-1,14.0,1,0,0,102.5,128.0
2023-06-27,2023,5,0.49999999999999994,-0.8660254037844387,1,32.5,-1,28.5,1,39.5,0,0,1,128.0,91.0
2023-06-28,2023,5,0.49999999999999994,-0.8660254037844387,2,32.25,-1,52.5,-1,62.0,0,0,1,91.0,181.75
2023-06-29,2023,5,0.49999999999999994,-0.8660254037844387,3,40.0,-1,49.75,1,44.5,0,0,1,181.75,116.25
2023-06-30,2023,5,0.49999999999999994,-0.8660254037844387,4,43.75,1,48.5,1,141.0,0,0,1,116.25,138.25
2023-07-05,2023,6,1.2246467991473532e-16,-1.0,2,25.5,1,56.25,-1,20.5,1,0,0,138.25,139.5
2023-07-06,2023,6,1.2246467991473532e-16,-1.0,3,91.25,-1,41.75,1,159.5,0,0,1,139.5,102.75
2023-07-07,2023,6,1.2246467991473532e-16,-1.0,4,28.5,-1,49.25,-1,6.25,0,0,1,102.75,98.5
2023-07-10,2023,6,1.2246467991473532e-16,-1.0,0,62.25,-1,69.75,1,30.0,1,0,0,98.5,129.25
2023-07-11,2023,6,1.2246467991473532e-16,-1.0,1,27.25,1,59.0,-1,1.25,1,0,0,129.25,124.0
2023-07-12,2023,6,1.2246467991473532e-16,-1.0,2,35.25,1,30.25,1,166.25,0,0,1,124.0,99.25
2023-07-13,2023,6,1.2246467991473532e-16,-1.0,3,75.0,1,57.75,1,115.25,0,0,1,99.25,69.25
2023-07-14,2023,6,1.2246467991473532e-16,-1.0,4,49.0,1,40.25,-1,23.0,0,0,1,69.25,135.75
2023-07-17,2023,6,1.2246467991473532e-16,-1.0,0,26.75,1,52.25,1,33.0,0,0,1,135.75,72.75
2023-07-18,2023,6,1.2246467991473532e-16,-1.0,1,27.25,-1,28.25,1,15.0,0,0,1,72.75,83.0
2023-07-19,2023,6,1.2246467991473532e-16,-1.0,2,15.25,-1,33.25,1,57.25,0,0,1,83.0,72.75
2023-07-20,2023,6,1.2246467991473532e-16,-1.0,3,40.5,1,82.5,-1,104.0,0,0,1,72.75,195.75
2023-07-21,2023,6,1.2246467991473532e-16,-1.0,4,57.0,1,71.75,1,89.5,1,0,0,195.75,170.25
2023-07-24,2023,6,1.2246467991473532e-16,-1.0,0,37.0,-1,67.0,1,31.5,0,0,1,170.25,135.0
2023-07-25,2023,6,1.2246467991473532e-16,-1.0,1,23.0,-1,71.0,1,21.25,0,0,1,135.0,84.5
2023-07-26,2023,6,1.2246467991473532e-16,-1.0,2,31.0,1,37.75,1,98.75,0,1,0,84.5,107.25
2023-07-27,2023,6,1.2246467991473532e-16,-1.0,3,86.0,1,95.25,1,192.25,0,0,1,107.25,142.0
2023-07-28,2023,6,1.2246467991473532e-16,-1.0,4,125.25,-1,85.5,1,152.75,0,0,1,142.0,122.0
2023-07-31,2023,6,1.2246467991473532e-16,-1.0,0,97.25,-1,52.25,1,15.0,1,0,0,122.0,99.75
2023-08-01,2023,7,-0.4999999999999998,-0.8660254037844388,1,34.75,1,65.0,-1,72.0,0,0,1,99.75,108.25
2023-08-02,2023,7,-0.4999999999999998,-0.8660254037844388,2,73.75,-1,128.25,-1,156.0,1,0,0,108.25,183.5
2023-08-03,2023,7,-0.4999999999999998,-0.8660254037844388,3,49.5,-1,129.5,-1,109.75,0,0,1,183.5,115.5
2023-08-04,2023,7,-0.4999999999999998,-0.8660254037844388,4,69.0,1,72.0,-1,5.5,0,0,1,115.5,190.75
2023-08-07,2023,7,-0.4999999999999998,-0.8660254037844388,0,46.75,1,62.5,-1,66.0,1,0,0,190.75,116.25
2023-08-08,2023,7,-0.4999999999999998,-0.8660254037844388,1,71.25,-1,43.25,1,110.5,1,0,0,116.25,149.75
2023-08-09,2023,7,-0.4999999999999998,-0.8660254037844388,2,49.0,1,54.25,1,12.5,1,0,0,149.75,163.5
2023-08-10,2023,7,-0.4999999999999998,-0.8660254037844388,3,39.75,1,58.0,1,100.75,0,0,1,163.5,169.0
2023-08-11,2023,7,-0.4999999999999998,-0.8660254037844388,4,65.75,-1,85.75,-1,121.5,0,0,1,169.0,122.25
2023-08-14,2023,7,-0.4999999999999998,-0.8660254037844388,0,128.25,-1,162.75,1,38.0,1,0,0,122.25,213.0
2023-08-15,2023,7,-0.4999999999999998,-0.8660254037844388,1,43.5,1,142.75,-1,48.25,0,0,1,213.0,151.75
2023-08-16,2023,7,-0.4999999999999998,-0.8660254037844388,2,53.25,-1,74.75,1,34.0,0,1,0,151.75,93.0
2023-08-17,2023,7,-0.4999999999999998,-0.8660254037844388,3,63.75,1,60.25,1,69.5,0,0,1,93.0,150.75
2023-08-18,2023,7,-0.4999999999999998,-0.8660254037844388,4,49.25,1,52.75,-1,123.75,1,0,0,150.75,90.25
2023-08-21,2023,7,-0.4999999999999998,-0.8660254037844388,0,60.75,-1,114.25,1,58.5,1,0,0,90.25,127.0
2023-08-22,2023,7,-0.4999999999999998,-0.8660254037844388,1,40.75,1,98.0,1,121.25,0,1,0,127.0,123.0
2023-08-23,2023,7,-0.4999999999999998,-0.8660254037844388,2,68.75,1,64.75,1,50.75,0,0,1,123.0,185.0
2023-08-24,2023,7,-0.4999999999999998,-0.8660254037844388,3,80.25,1,50.75,-1,22.5,0,0,1,185.0,309.5
2023-08-25,2023,7,-0.4999999999999998,-0.8660254037844388,4,49.0,-1,103.0,1,71.5,0,0,1,309.5,294.0
2023-08-28,2023,7,-0.4999999999999998,-0.8660254037844388,0,45.75,-1,55.5,1,123.0,1,0,0,294.0,127.75
2023-08-29,2023,7,-0.4999999999999998,-0.8660254037844388,1,38.25,1,77.75,-1,22.5,0,0,1,127.75,265.25
2023-08-30,2023,7,-0.4999999999999998,-0.8660254037844388,2,39.0,1,51.75,-1,8.5,0,0,1,265.25,132.25
2023-08-31,2023,7,-0.4999999999999998,-0.8660254037844388,3,30.75,1,34.0,0,19.75,0,0,1,132.25,118.0
2023-09-01,2023,8,-0.8660254037844384,-0.5000000000000004,4,28.0,1,63.0,1,91.75,0,0,1,118.0,170.75
2023-09-05,2023,8,-0.8660254037844384,-0.5000000000000004,1,42.0,-1,86.0,-1,36.25,1,0,0,170.75,97.5
2023-09-06,2023,8,-0.8660254037844384,-0.5000000000000004,2,39.0,-1,77.25,-1,22.5,0,0,1,97.5,140.25
2023-09-07,2023,8,-0.8660254037844384,-0.5000000000000004,3,26.25,-1,75.0,-1,184.5,0,0,1,140.25,123.75
2023-09-08,2023,8,-0.8660254037844384,-0.5000000000000004,4,35.0,1,82.75,-1,7.0,1,0,0,123.75,120.75
2023-09-11,2023,8,-0.8660254037844384,-0.5000000000000004,0,40.5,1,48.0,1,295.0,1,0,0,120.75,109.5
2023-09-12,2023,8,-0.8660254037844384,-0.5000000000000004,1,33.25,1,60.75,-1,75.0,1,0,0,109.5,116.5
2023-09-13,2023,8,-0.8660254037844384,-0.5000000000000004,2,42.0,-1,62.5,-1,1.25,0,0,1,116.5,118.0
2023-09-14,2023,8,-0.8660254037844384,-0.5000000000000004,3,51.75,1,62.5,-1,51.25,0,0,1,118.0,138.0
2023-09-15,2023,8,-0.8660254037844384,-0.5000000000000004,4,45.0,1,61.5,-1,84.5,0,0,1,138.0,204.25
2023-09-18,2023,8,-0.8660254037844384,-0.5000000000000004,0,24.25,-1,37.0,1,35.75,1,0,0,204.25,96.5
2023-09-19,2023,8,-0.8660254037844384,-0.5000000000000004,1,32.5,-1,57.75,1,72.5,0,1,0,96.5,124.75
2023-09-20,2023,8,-0.8660254037844384,-0.5000000000000004,2,41.5,-1,56.5,1,37.25,1,0,0,124.75,79.25
2023-09-21,2023,8,-0.8660254037844384,-0.5000000000000004,3,54.75,-1,61.25,-1,155.0,0,0,1,79.25,101.25
2023-09-22,2023,8,-0.8660254037844384,-0.5000000000000004,4,69.0,1,37.25,1,93.75,0,0,1,101.25,127.25
2023-09-25,2023,8,-0.8660254037844384,-0.5000000000000004,0,60.25,1,149.0,-1,59.0,1,0,0,127.25,114.0
2023-09-26,2023,8,-0.8660254037844384,-0.5000000000000004,1,81.0,-1,92.5,-1,125.75,0,0,1,114.0,121.75
2023-09-27,2023,8,-0.8660254037844384,-0.5000000000000004,2,29.0,-1,48.5,1,30.5,0,1,0,121.75,124.0
2023-09-28,2023,8,-0.8660254037844384,-0.5000000000000004,3,81.25,-1,64.75,-1,72.75,0,0,1,124.0,130.0
2023-09-29,2023,8,-0.8660254037844384,-0.5000000000000004,4,66.0,1,85.0,1,129.5,0,0,1,130.0,90.75
2023-10-02,2023,9,-1.0,-1.8369701987210297e-16,0,43.25,1,80.75,1,26.25,0,0,1,90.75,144.5
2023-10-03,2023,9,-1.0,-1.8369701987210297e-16,1,41.5,-1,76.0,1,120.25,0,0,1,144.5,232.75
2023-10-04,2023,9,-1.0,-1.8369701987210297e-16,2,92.75,-1,97.75,1,26.75,0,0,1,232.75,115.5
2023-10-05,2023,9,-1.0,-1.8369701987210297e-16,3,57.25,1,57.0,-1,3.0,0,0,1,115.5,210.25
2023-10-06,2023,9,-1.0,-1.8369701987210297e-16,4,33.5,1,57.75,1,114.75,0,0,1,210.25,199.0
2023-10-09,2023,9,-1.0,-1.8369701987210297e-16,0,53.25,-1,61.5,1,118.75,1,0,0,199.0,117.25
2023-10-10,2023,9,-1.0,-1.8369701987210297e-16,1,47.5,1,52.25,1,6.75,1,0,0,117.25,146.75
2023-10-11,2023,9,-1.0,-1.8369701987210297e-16,2,22.5,1,43.75,1,44.25,0,0,1,146.75,86.75
2023-10-12,2023,9,-1.0,-1.8369701987210297e-16,3,20.5,1,34.5,1,13.5,0,0,1,86.75,95.0
2023-10-13,2023,9,-1.0,-1.8369701987210297e-16,4,25.5,1,52.75,-1,19.5,0,0,1,95.0,180.0
2023-10-16,2023,9,-1.0,-1.8369701987210297e-16,0,36.0,-1,102.25,-1,68.0,0,0,1,180.0,157.0
2023-10-17,2023,9,-1.0,-1.8369701987210297e-16,1,34.25,-1,63.25,-1,168.0,0,0,1,157.0,186.75
2023-10-18,2023,9,-1.0,-1.8369701987210297e-16,2,43.0,1,58.25,-1,104.75,0,1,0,186.75,130.75
2023-10-19,2023,9,-1.0,-1.8369701987210297e-16,3,76.75,-1,97.0,0,25.0,0,0,1,130.75,113.25
2023-10-20,2023,9,-1.0,-1.8369701987210297e-16,4,38.75,1,91.5,1,11.0,0,1,0,113.25,204.0
2023-10-23,2023,9,-1.0,-1.8369701987210297e-16,0,32.25,-1,81.5,-1,51.25,1,0,0,204.0,187.25
2023-10-24,2023,9,-1.0,-1.8369701987210297e-16,1,47.75,-1,84.5,-1,36.75,0,0,1,187.25,119.5
2023-10-25,2023,9,-1.0,-1.8369701987210297e-16,2,35.75,-1,66.25,-1,89.25,0,1,0,119.5,152.5
2023-10-26,2023,9,-1.0,-1.8369701987210297e-16,3,79.0,-1,85.0,1,82.0,0,0,1,152.5,192.0
2023-10-27,2023,9,-1.0,-1.8369701987210297e-16,4,49.25,-1,66.5,1,65.5,0,0,1,192.0,95.5
2023-10-30,2023,9,-1.0,-1.8369701987210297e-16,0,26.0,1,47.5,1,95.75,1,0,0,95.5,170.25
2023-10-31,2023,9,-1.0,-1.8369701987210297e-16,1,72.25,-1,97.25,1,9.5,0,0,1,170.25,121.5
2023-11-01,2023,10,-0.8660254037844386,0.5,2,37.75,1,62.25,-1,69.5,0,0,1,121.5,134.25
2023-11-02,2023,10,-0.8660254037844386,0.5,3,40.5,1,65.0,1,178.75,0,0,1,134.25,95.5
2023-11-03,2023,10,-0.8660254037844386,0.5,4,29.0,1,27.5,-1,75.75,0,0,1,95.5,122.75
2023-11-06,2023,10,-0.8660254037844386,0.5,0,22.25,1,33.75,1,18.5,1,0,0,122.75,72.5
2023-11-07,2023,10,-0.8660254037844386,0.5,1,26.5,-1,43.5,-1,56.5,0,1,0,72.5,171.5
2023-11-08,2023,10,-0.8660254037844386,0.5,2,28.0,-1,32.0,1,10.25,0,0,1,171.5,82.25
2023-11-09,2023,10,-0.8660254037844386,0.5,3,24.25,1,36.5,-1,35.25,0,0,1,82.25,86.75
2023-11-10,2023,10,-0.8660254037844386,0.5,4,23.0,1,63.75,-1,68.0,0,0,1,86.75,85.25
2023-11-13,2023,10,-0.8660254037844386,0.5,0,42.0,-1,30.75,1,77.25,1,0,0,85.25,83.0
2023-11-14,2023,10,-0.8660254037844386,0.5,1,21.25,1,40.0,1,259.25,0,0,1,83.0,112.75
2023-11-15,2023,10,-0.8660254037844386,0.5,2,37.25,1,53.0,1,56.25,0,0,1,112.75,71.25
2023-11-16,2023,10,-0.8660254037844386,0.5,3,50.25,-1,27.25,-1,5.0,0,0,1,71.25,91.25
2023-11-17,2023,10,-0.8660254037844386,0.5,4,19.75,-1,43.5,1,35.25,0,1,0,91.25,53.75
2023-11-20,2023,10,-0.8660254037844386,0.5,0,23.75,-1,84.25,1,9.0,1,0,0,53.75,107.5
2023-11-21,2023,10,-0.8660254037844386,0.5,1,24.5,1,32.75,-1,70.0,0,1,0,107.5,104.0
2023-11-22,2023,10,-0.8660254037844386,0.5,2,23.75,1,45.75,1,83.5,0,0,1,104.0,168.0
2023-11-27,2023,10,-0.8660254037844386,0.5,0,47.25,-1,44.0,1,47.75,0,1,0,168.0,81.25
2023-11-28,2023,10,-0.8660254037844386,0.5,1,23.0,-1,59.5,-1,32.0,0,0,1,81.25,89.5
2023-11-29,2023,10,-0.8660254037844386,0.5,2,27.25,1,67.25,1,92.75,0,0,1,89.5,123.5
2023-11-30,2023,10,-0.8660254037844386,0.5,3,27.0,1,39.75,-1,17.75,0,0,1,123.5,170.0
2023-12-01,2023,11,-0.5000000000000004,0.8660254037844384,4,24.25,-1,55.0,1,37.25,0,0,1,170.0,99.5
2023-12-04,2023,11,-0.5000000000000004,0.8660254037844384,0,20.75,-1,60.0,1,170.25,1,0,0,99.5,155.25
2023-12-05,2023,11,-0.5000000000000004,0.8660254037844384,1,28.0,-1,53.5,1,67.25,0,0,1,155.25,177.75
2023-12-06,2023,11,-0.5000000000000004,0.8660254037844384,2,26.5,1,45.25,-1,123.5,1,0,0,177.75,162.0
2023-12-07,2023,11,-0.5000000000000004,0.8660254037844384,3,23.75,-1,61.25,1,122.25,0,0,1,162.0,120.0
2023-12-08,2023,11,-0.5000000000000004,0.8660254037844384,4,22.5,-1,40.75,1,58.0,0,0,1,120.0,166.25
2023-12-11,2023,11,-0.5000000000000004,0.8660254037844384,0,28.5,-1,39.5,1,197.5,1,0,0,166.25,131.25
2023-12-12,2023,11,-0.5000000000000004,0.8660254037844384,1,16.75,1,29.75,1,8.25,0,0,1,131.25,102.0
2023-12-13,2023,11,-0.5000000000000004,0.8660254037844384,2,11.0,1,25.0,1,13.5,0,0,1,102.0,60.0
2023-12-14,2023,11,-0.5000000000000004,0.8660254037844384,3,34.75,1,57.75,-1,48.0,0,0,1,60.0,110.5
2023-12-15,2023,11,-0.5000000000000004,0.8660254037844384,4,34.0,1,39.5,1,43.75,0,0,1,110.5,96.5
2023-12-18,2023,11,-0.5000000000000004,0.8660254037844384,0,39.25,1,47.5,-1,25.0,1,0,0,96.5,73.0
2023-12-19,2023,11,-0.5000000000000004,0.8660254037844384,1,27.5,1,30.5,1,30.25,0,1,0,73.0,63.0
2023-12-20,2023,11,-0.5000000000000004,0.8660254037844384,2,16.75,1,78.25,-1,38.0,0,0,1,63.0,102.5
2023-12-21,2023,11,-0.5000000000000004,0.8660254037844384,3,43.5,1,48.5,1,136.75,0,0,1,102.5,115.5
2023-12-22,2023,11,-0.5000000000000004,0.8660254037844384,4,34.75,-1,24.5,1,45.5,0,0,1,115.5,52.25
2023-12-26,2023,11,-0.5000000000000004,0.8660254037844384,1,37.25,1,34.25,-1,42.5,1,0,0,52.25,55.0
2023-12-27,2023,11,-0.5000000000000004,0.8660254037844384,2,13.0,1,28.0,-1,6.75,0,1,0,55.0,69.25
2023-12-28,2023,11,-0.5000000000000004,0.8660254037844384,3,23.25,1,13.5,-1,23.0,0,1,0,69.25,56.25
2023-12-29,2023,11,-0.5000000000000004,0.8660254037844384,4,21.5,-1,25.0,-1,7.5,0,1,0,56.25,106.5
2024-01-02,2024,0,0.0,1.0,1,37.5,-1,48.75,-1,146.5,1,0,0,106.5,188.5
2024-01-03,2024,0,0.0,1.0,2,32.0,-1,88.25,-1,118.75,0,0,1,188.5,109.5
2024-01-04,2024,0,0.0,1.0,3,20.0,-1,41.5,1,83.25,0,0,1,109.5,98.75
2024-01-05,2024,0,0.0,1.0,4,43.25,-1,48.0,-1,2.0,0,0,1,98.75,131.0
2024-01-08,2024,0,0.0,1.0,0,62.25,-1,83.75,-1,49.5,1,0,0,131.0,165.75
2024-01-09,2024,0,0.0,1.0,1,19.0,-1,65.25,-1,122.5,1,0,0,165.75,91.25
2024-01-10,2024,0,0.0,1.0,2,20.75,-1,96.0,1,11.75,1,0,0,91.25,92.25
2024-01-11,2024,0,0.0,1.0,3,36.0,1,52.75,-1,30.75,0,0,1,92.25,219.0
2024-01-12,2024,0,0.0,1.0,4,43.0,1,62.5,-1,45.25,0,0,1,219.0,129.0
2024-01-16,2024,0,0.0,1.0,1,35.75,1,82.0,-1,37.25,0,0,1,129.0,178.75
2024-01-17,2024,0,0.0,1.0,2,59.25,-1,58.25,1,147.75,0,0,1,178.75,153.75
2024-01-18,2024,0,0.0,1.0,3,33.25,-1,65.5,1,136.5,0,0,1,153.75,93.5
2024-01-19,2024,0,0.0,1.0,4,47.25,1,84.5,1,69.5,0,0,1,93.5,75.0
2024-01-22,2024,0,0.0,1.0,0,31.5,-1,41.75,-1,63.25,1,0,0,75.0,146.25
2024-01-23,2024,0,0.0,1.0,1,33.5,1,66.75,-1,32.75,0,1,0,146.25,78.5
2024-01-24,2024,0,0.0,1.0,2,33.75,1,49.25,1,151.0,0,0,1,78.5,127.5
2024-01-25,2024,0,0.0,1.0,3,46.5,-1,52.25,1,126.0,0,0,1,127.5,88.75
2024-01-26,2024,0,0.0,1.0,4,57.25,-1,67.0,1,45.75,0,0,1,88.75,122.75
2024-01-29,2024,0,0.0,1.0,0,51.0,1,51.25,1,38.25,1,0,0,122.75,57.5
2024-01-30,2024,0,0.0,1.0,1,28.75,-1,55.75,-1,42.0,0,0,1,57.5,68.25
2024-01-31,2024,0,0.0,1.0,2,29.5,1,126.25,-1,135.25,0,0,1,68.25,143.0
2024-02-01,2024,1,0.49999999999999994,0.8660254037844387,3,38.25,1,93.25,1,51.75,0,0,1,143.0,101.75
2024-02-02,2024,1,0.49999999999999994,0.8660254037844387,4,33.5,1,57.0,1,74.25,0,0,1,101.75,201.25
2024-02-05,2024,1,0.49999999999999994,0.8660254037844387,0,33.25,1,52.25,-1,9.5,0,0,1,201.25,183.0
2024-02-06,2024,1,0.49999999999999994,0.8660254037844387,1,47.25,1,44.25,-1,41.75,1,0,0,183.0,169.5
2024-02-07,2024,1,0.49999999999999994,0.8660254037844387,2,59.25,1,46.25,1,125.25,0,1,0,169.5,156.75
2024-02-08,2024,1,0.49999999999999994,0.8660254037844387,3,20.75,1,39.25,-1,12.0,0,0,1,156.75,84.5
2024-02-09,2024,1,0.49999999999999994,0.8660254037844387,4,19.0,1,65.0,1,45.75,1,0,0,84.5,122.25
2024-02-12,2024,1,0.49999999999999994,0.8660254037844387,0,23.75,-1,38.75,1,2.75,1,0,0,122.25,77.0
2024-02-13,2024,1,0.49999999999999994,0.8660254037844387,1,21.75,1,101.5,-1,292.25,0,0,1,77.0,205.0
2024-02-14,2024,1,0.49999999999999994,0.8660254037844387,2,20.75,-1,102.75,1,98.25,1,0,0,205.0,104.0
2024-02-15,2024,1,0.49999999999999994,0.8660254037844387,3,39.25,1,45.0,-1,10.5,0,0,1,104.0,106.25
2024-02-16,2024,1,0.49999999999999994,0.8660254037844387,4,37.5,1,71.75,1,34.0,0,0,1,106.25,213.0
2024-02-20,2024,1,0.49999999999999994,0.8660254037844387,1,85.75,-1,88.75,-1,61.0,1,0,0,213.0,242.0
2024-02-21,2024,1,0.49999999999999994,0.8660254037844387,2,28.25,-1,72.0,-1,94.75,0,1,0,242.0,77.25
2024-02-22,2024,1,0.49999999999999994,0.8660254037844387,3,43.75,1,85.0,1,253.5,0,0,1,77.25,111.0
2024-02-23,2024,1,0.49999999999999994,0.8660254037844387,4,32.0,1,50.75,-1,91.0,1,0,0,111.0,131.5
2024-02-26,2024,1,0.49999999999999994,0.8660254037844387,0,42.25,1,64.0,1,49.25,0,1,0,131.5,84.75
2024-02-27,2024,1,0.49999999999999994,0.8660254037844387,1,26.75,-1,73.75,1,57.0,0,0,1,84.75,91.5
2024-02-28,2024,1,0.49999999999999994,0.8660254037844387,2,24.0,-1,112.25,-1,99.5,0,0,1,91.5,70.5
2024-02-29,2024,1,0.49999999999999994,0.8660254037844387,3,38.25,1,89.25,-1,163.5,0,0,1,70.5,91.5
2024-03-01,2024,2,0.8660254037844386,0.5000000000000001,4,59.25,1,47.0,-1,16.0,0,0,1,91.5,110.75
2024-03-04,2024,2,0.8660254037844386,0.5000000000000001,0,26.0,1,47.0,-1,7.5,1,0,0,110.75,54.5
2024-03-05,2024,2,0.8660254037844386,0.5000000000000001,1,43.25,-1,66.25,-1,103.75,0,0,1,54.5,226.0
2024-03-06,2024,2,0.8660254037844386,0.5000000000000001,2,44.75,1,95.0,1,141.25,0,0,1,226.0,163.0
2024-03-07,2024,2,0.8660254037844386,0.5000000000000001,3,63.25,-1,160.75,1,140.5,0,0,1,163.0,163.75
2024-03-08,2024,2,0.8660254037844386,0.5000000000000001,4,52.5,1,83.0,1,86.0,0,0,1,163.75,148.5
2024-03-11,2024,2,0.8660254037844386,0.5000000000000001,0,79.25,-1,107.75,-1,166.5,1,0,0,148.5,131.0
2024-03-12,2024,2,0.8660254037844386,0.5000000000000001,1,30.75,1,68.25,-1,82.25,0,0,1,131.0,273.0
2024-03-13,2024,2,0.8660254037844386,0.5000000000000001,2,36.5,-1,69.75,-1,44.25,1,0,0,273.0,127.0
2024-03-14,2024,2,0.8660254037844386,0.5000000000000001,3,26.75,-1,53.25,1,27.25,0,0,1,127.0,194.75
2024-03-15,2024,2,0.8660254037844386,0.5000000000000001,4,43.25,-1,56.75,1,109.5,0,0,1,194.75,145.5
2024-03-18,2024,2,0.8660254037844386,0.5000000000000001,0,73.0,1,49.5,1,208.25,1,0,0,145.5,103.5
2024-03-19,2024,2,0.8660254037844386,0.5000000000000001,1,59.5,-1,93.5,1,93.75,0,1,0,103.5,99.25
2024-03-20,2024,2,0.8660254037844386,0.5000000000000001,2,41.0,-1,45.0,-1,49.75,1,0,0,99.25,88.75
2024-03-21,2024,2,0.8660254037844386,0.5000000000000001,3,38.0,1,60.75,1,153.75,0,0,1,88.75,88.75
2024-03-22,2024,2,0.8660254037844386,0.5000000000000001,4,63.25,-1,60.5,1,45.25,0,0,1,88.75,65.0
2024-03-25,2024,2,0.8660254037844386,0.5000000000000001,0,35.75,-1,33.0,-1,100.75,0,1,0,65.0,127.25
2024-03-26,2024,2,0.8660254037844386,0.5000000000000001,1,39.25,-1,69.25,1,50.5,0,0,1,127.25,74.5
2024-03-27,2024,2,0.8660254037844386,0.5000000000000001,2,26.25,1,50.5,1,91.25,1,0,0,74.5,193.25
2024-03-28,2024,2,0.8660254037844386,0.5000000000000001,3,25.75,1,36.25,-1,11.75,0,0,1,193.25,81.5
2024-04-01,2024,3,1.0,6.123233995736766e-17,0,47.75,-1,45.75,1,39.5,0,0,1,81.5,140.25
2024-04-02,2024,3,1.0,6.123233995736766e-17,1,32.75,1,64.0,1,208.25,0,0,1,140.25,90.5
2024-04-03,2024,3,1.0,6.123233995736766e-17,2,37.5,-1,42.5,1,104.25,0,0,1,90.5,194.5
2024-04-04,2024,3,1.0,6.123233995736766e-17,3,27.25,1,51.0,1,150.0,0,0,1,194.5,81.25
2024-04-05,2024,3,1.0,6.123233995736766e-17,4,59.25,1,45.5,1,80.5,0,0,1,81.25,208.5
2024-04-08,2024,3,1.0,6.123233995736766e-17,0,63.75,-1,98.25,-1,33.5,1,0,0,208.5,138.5
2024-04-09,2024,3,1.0,6.123233995736766e-17,1,25.75,1,68.75,-1,82.75,1,0,0,138.5,244.25
2024-04-10,2024,3,1.0,6.123233995736766e-17,2,18.5,1,38.75,1,250.25,0,0,1,244.25,126.25
2024-04-11,2024,3,1.0,6.123233995736766e-17,3,54.75,1,59.0,-1,96.75,0,0,1,126.25,104.5
2024-04-12,2024,3,1.0,6.123233995736766e-17,4,25.25,1,64.75,-1,195.5,0,0,1,104.5,150.0
2024-04-15,2024,3,1.0,6.123233995736766e-17,0,54.5,-1,48.5,1,148.25,0,0,1,150.0,168.25
2024-04-16,2024,3,1.0,6.123233995736766e-17,1,98.0,-1,54.25,1,5.25,0,1,0,168.25,109.5
2024-04-17,2024,3,1.0,6.123233995736766e-17,2,47.5,-1,144.0,1,76.5,1,0,0,109.5,196.0
2024-04-18,2024,3,1.0,6.123233995736766e-17,3,57.5,1,61.75,-1,9.0,0,0,1,196.0,179.0
2024-04-19,2024,3,1.0,6.123233995736766e-17,4,314.5,-1,109.0,1,37.75,1,0,0,179.0,176.0
2024-04-22,2024,3,1.0,6.123233995736766e-17,0,70.25,-1,72.0,-1,105.75,1,0,0,176.0,166.25
2024-04-23,2024,3,1.0,6.123233995736766e-17,1,50.75,1,82.0,1,94.25,0,0,1,166.25,185.25
2024-04-24,2024,3,1.0,6.123233995736766e-17,2,58.5,1,53.75,-1,78.75,0,1,0,185.25,117.75
2024-04-25,2024,3,1.0,6.123233995736766e-17,3,40.25,-1,102.25,1,164.5,0,0,1,117.75,138.75
2024-04-26,2024,3,1.0,6.123233995736766e-17,4,44.25,1,66.5,-1,74.25,0,0,1,138.75,191.75
2024-04-29,2024,3,1.0,6.123233995736766e-17,0,38.5,1,40.5,-1,86.75,1,0,0,191.75,119.0
2024-04-30,2024,3,1.0,6.123233995736766e-17,1,23.0,-1,40.5,-1,82.75,0,0,1,119.0,77.25
2024-05-01,2024,4,0.8660254037844388,-0.4999999999999998,2,30.25,1,62.75,-1,4.0,0,0,1,77.25,91.75
2024-05-02,2024,4,0.8660254037844388,-0.4999999999999998,3,44.5,1,80.25,1,120.25,0,0,1,91.75,216.25
2024-05-03,2024,4,0.8660254037844388,-0.4999999999999998,4,49.5,1,49.0,1,300.5,0,0,1,216.25,156.5
2024-05-06,2024,4,0.8660254037844388,-0.4999999999999998,0,19.5,-1,41.0,1,54.0,1,0,0,156.5,74.25
2024-05-07,2024,4,0.8660254037844388,-0.4999999999999998,1,21.5,-1,41.5,1,26.75,1,0,0,74.25,70.0
2024-05-08,2024,4,0.8660254037844388,-0.4999999999999998,2,24.0,-1,31.75,-1,123.25,1,0,0,70.0,163.75
2024-05-09,2024,4,0.8660254037844388,-0.4999999999999998,3,23.5,-1,42.0,-1,23.0,0,0,1,163.75,113.25
2024-05-10,2024,4,0.8660254037844388,-0.4999999999999998,4,21.25,-1,70.0,1,41.5,0,0,1,113.25,159.5
2024-05-13,2024,4,0.8660254037844388,-0.4999999999999998,0,44.75,1,27.0,-1,86.75,1,0,0,159.5,84.0
2024-05-14,2024,4,0.8660254037844388,-0.4999999999999998,1,27.0,-1,28.5,1,16.75,0,0,1,84.0,105.25
2024-05-15,2024,4,0.8660254037844388,-0.4999999999999998,2,38.5,1,25.75,1,100.5,0,0,1,105.25,125.75
2024-05-16,2024,4,0.8660254037844388,-0.4999999999999998,3,25.75,1,25.75,-1,6.0,0,0,1,125.75,77.75
2024-05-17,2024,4,0.8660254037844388,-0.4999999999999998,4,22.5,1,57.5,-1,12.75,0,1,0,77.75,56.5
2024-05-20,2024,4,0.8660254037844388,-0.4999999999999998,0,20.75,1,22.25,-1,12.5,0,1,0,56.5,136.75
2024-05-21,2024,4,0.8660254037844388,-0.4999999999999998,1,18.5,1,27.25,-1,59.75,0,1,0,136.75,80.75
2024-05-22,2024,4,0.8660254037844388,-0.4999999999999998,2,17.5,-1,34.75,-1,3.25,0,1,0,80.75,44.0
2024-05-23,2024,4,0.8660254037844388,-0.4999999999999998,3,108.5,1,26.5,-1,176.5,0,0,1,44.0,180.5
2024-05-24,2024,4,0.8660254037844388,-0.4999999999999998,4,37.25,1,62.75,1,71.25,0,0,1,180.5,134.25
2024-05-28,2024,4,0.8660254037844388,-0.4999999999999998,1,46.75,1,70.0,1,52.5,0,0,1,134.25,97.5
2024-05-29,2024,4,0.8660254037844388,-0.4999999999999998,2,60.75,-1,86.5,-1,185.0,0,1,0,97.5,118.75
2024-05-30,2024,4,0.8660254037844388,-0.4999999999999998,3,55.25,-1,80.25,1,6.25,0,0,1,118.75,124.0
2024-05-31,2024,4,0.8660254037844388,-0.4999999999999998,4,66.0,-1,59.25,1,8.5,0,0,1,124.0,275.5
2024-06-03,2024,5,0.49999999999999994,-0.8660254037844387,0,62.5,1,56.25,1,129.75,0,0,1,275.5,184.5
2024-06-04,2024,5,0.49999999999999994,-0.8660254037844387,1,37.25,1,103.5,-1,28.25,0,0,1,184.5,96.25
2024-06-05,2024,5,0.49999999999999994,-0.8660254037844387,2,50.75,1,57.0,0,145.75,0,0,1,96.25,136.75
2024-06-06,2024,5,0.49999999999999994,-0.8660254037844387,3,43.5,1,35.0,1,20.0,0,0,1,136.75,83.5
2024-06-07,2024,5,0.49999999999999994,-0.8660254037844387,4,25.75,1,29.5,-1,28.0,0,0,1,83.5,125.0
2024-06-10,2024,5,0.49999999999999994,-0.8660254037844387,0,36.0,1,52.25,-1,31.0,1,0,0,125.0,92.0
2024-06-11,2024,5,0.49999999999999994,-0.8660254037844387,1,18.5,1,56.0,-1,36.25,1,0,0,92.0,142.0
2024-06-12,2024,5,0.49999999999999994,-0.8660254037844387,2,29.5,1,36.0,-1,153.5,0,0,1,142.0,172.0
2024-06-13,2024,5,0.49999999999999994,-0.8660254037844387,3,41.25,1,50.25,1,72.75,0,0,1,172.0,128.75
2024-06-14,2024,5,0.49999999999999994,-0.8660254037844387,4,34.25,1,50.0,-1,225.25,0,0,1,128.75,92.0
2024-06-17,2024,5,0.49999999999999994,-0.8660254037844387,0,32.0,-1,78.25,1,1.5,0,0,1,92.0,80.0
2024-06-18,2024,5,0.49999999999999994,-0.8660254037844387,1,47.25,-1,48.75,1,10.25,0,0,1,80.0,64.0
2024-06-20,2024,5,0.49999999999999994,-0.8660254037844387,3,62.75,1,66.5,1,38.5,0,0,1,64.0,144.75
2024-06-21,2024,5,0.49999999999999994,-0.8660254037844387,4,39.0,-1,138.25,-1,29.0,0,0,1,144.75,113.75
2024-06-24,2024,5,0.49999999999999994,-0.8660254037844387,0,100.25,-1,48.0,1,83.5,1,0,0,113.75,174.25
2024-06-25,2024,5,0.49999999999999994,-0.8660254037844387,1,53.25,1,92.0,1,88.75,0,0,1,174.25,109.75
2024-06-26,2024,5,0.49999999999999994,-0.8660254037844387,2,44.5,1,79.75,1,34.5,0,0,1,109.75,104.75
2024-06-27,2024,5,0.49999999999999994,-0.8660254037844387,3,61.75,1,39.75,1,50.5,0,0,1,104.75,127.0
2024-06-28,2024,5,0.49999999999999994,-0.8660254037844387,4,57.75,1,40.0,1,0.5,0,0,1,127.0,234.0
2024-07-01,2024,6,1.2246467991473532e-16,-1.0,0,73.5,1,104.5,-1,1.75,0,0,1,234.0,174.0
2024-07-02,2024,6,1.2246467991473532e-16,-1.0,1,64.5,-1,82.5,-1,64.75,0,0,1,174.0,147.5
2024-07-05,2024,6,1.2246467991473532e-16,-1.0,4,31.0,1,34.75,0,197.25,0,0,1,147.5,123.75
2024-07-08,2024,6,1.2246467991473532e-16,-1.0,0,23.5,1,32.75,1,20.0,1,0,0,123.75,65.5
2024-07-09,2024,6,1.2246467991473532e-16,-1.0,1,44.75,-1,28.5,1,45.25,0,0,1,65.5,91.25
2024-07-10,2024,6,1.2246467991473532e-16,-1.0,2,18.25,1,34.5,1,72.5,0,0,1,91.25,75.0
2024-07-11,2024,6,1.2246467991473532e-16,-1.0,3,31.5,-1,23.75,1,0.75,0,0,1,75.0,301.5
2024-07-12,2024,6,1.2246467991473532e-16,-1.0,4,39.75,1,56.5,1,2.5,0,0,1,301.5,236.0
2024-07-15,2024,6,1.2246467991473532e-16,-1.0,0,32.75,1,35.5,1,79.5,0,0,1,236.0,156.75
2024-07-16,2024,6,1.2246467991473532e-16,-1.0,1,36.0,1,99.75,-1,30.0,0,0,1,156.75,199.0
2024-07-17,2024,6,1.2246467991473532e-16,-1.0,2,53.75,-1,205.0,-1,339.0,0,1,0,199.0,183.75
2024-07-18,2024,6,1.2246467991473532e-16,-1.0,3,55.0,-1,126.25,1,123.0,0,0,1,183.75,256.25
2024-07-19,2024,6,1.2246467991473532e-16,-1.0,4,29.75,1,226.25,-1,55.5,0,1,0,256.25,202.0
2024-07-22,2024,6,1.2246467991473532e-16,-1.0,0,105.25,-1,83.0,1,253.5,1,0,0,202.0,144.0
2024-07-23,2024,6,1.2246467991473532e-16,-1.0,1,57.25,-1,79.0,-1,13.25,0,1,0,144.0,120.25
2024-07-24,2024,6,1.2246467991473532e-16,-1.0,2,106.5,-1,92.25,-1,319.25,0,0,1,120.25,242.0
2024-07-25,2024,6,1.2246467991473532e-16,-1.0,3,87.5,-1,214.0,-1,46.25,0,0,1,242.0,343.5
2024-07-26,2024,6,1.2246467991473532e-16,-1.0,4,78.75,1,156.75,1,182.75,0,0,1,343.5,152.0
2024-07-29,2024,6,1.2246467991473532e-16,-1.0,0,91.5,1,115.0,-1,97.25,1,0,0,152.0,158.75
2024-07-30,2024,6,1.2246467991473532e-16,-1.0,1,89.25,1,72.5,1,71.25,0,0,1,158.75,222.5
2024-07-31,2024,6,1.2246467991473532e-16,-1.0,2,132.5,1,80.0,-1,532.0,0,0,1,222.5,183.25
2024-08-01,2024,7,-0.4999999999999998,-0.8660254037844388,3,98.25,1,188.0,-1,48.0,0,0,1,183.25,352.5
2024-08-02,2024,7,-0.4999999999999998,-0.8660254037844388,4,248.0,-1,141.75,-1,245.0,0,0,1,352.5,375.25
2024-08-05,2024,7,-0.4999999999999998,-0.8660254037844388,0,286.0,-1,528.75,1,991.0,0,0,1,375.25,603.25
2024-08-06,2024,7,-0.4999999999999998,-0.8660254037844388,1,209.0,1,239.25,-1,30.75,1,0,0,603.25,374.75
2024-08-07,2024,7,-0.4999999999999998,-0.8660254037844388,2,367.0,1,178.0,1,247.75,1,0,0,374.75,152.75
2024-08-08,2024,7,-0.4999999999999998,-0.8660254037844388,3,254.25,1,175.75,1,317.5,0,0,1,152.75,373.75
2024-08-09,2024,7,-0.4999999999999998,-0.8660254037844388,4,110.75,-1,159.5,1,117.25,1,0,0,373.75,162.0
2024-08-12,2024,7,-0.4999999999999998,-0.8660254037844388,0,84.5,1,88.25,-1,36.0,1,0,0,162.0,219.75
2024-08-13,2024,7,-0.4999999999999998,-0.8660254037844388,1,54.0,1,128.75,1,190.25,0,0,1,219.75,135.25
2024-08-14,2024,7,-0.4999999999999998,-0.8660254037844388,2,71.5,-1,69.5,-1,40.0,0,0,1,135.25,250.0
2024-08-15,2024,7,-0.4999999999999998,-0.8660254037844388,3,118.5,1,75.5,-1,196.75,0,0,1,250.0,178.5
2024-08-16,2024,7,-0.4999999999999998,-0.8660254037844388,4,68.5,1,78.0,-1,83.25,0,1,0,178.5,128.75
2024-08-19,2024,7,-0.4999999999999998,-0.8660254037844388,0,60.75,-1,81.75,-1,5.75,0,1,0,128.75,133.0
2024-08-20,2024,7,-0.4999999999999998,-0.8660254037844388,1,69.5,1,81.25,-1,46.25,1,0,0,133.0,182.0
2024-08-21,2024,7,-0.4999999999999998,-0.8660254037844388,2,52.5,1,40.25,-1,21.25,1,0,0,182.0,177.75
2024-08-22,2024,7,-0.4999999999999998,-0.8660254037844388,3,78.25,-1,42.5,1,83.5,0,0,1,177.75,170.75
2024-08-23,2024,7,-0.4999999999999998,-0.8660254037844388,4,59.0,1,41.5,1,149.0,0,0,1,170.75,281.75
2024-08-26,2024,7,-0.4999999999999998,-0.8660254037844388,0,81.0,1,67.25,1,30.25,0,1,0,281.75,296.0
2024-08-27,2024,7,-0.4999999999999998,-0.8660254037844388,1,61.5,1,62.25,1,48.0,0,0,1,296.0,232.0
2024-08-28,2024,7,-0.4999999999999998,-0.8660254037844388,2,53.75,1,67.0,1,19.25,1,0,0,232.0,202.0
2024-08-29,2024,7,-0.4999999999999998,-0.8660254037844388,3,106.75,1,117.5,1,204.5,0,0,1,202.0,215.25
2024-08-30,2024,7,-0.4999999999999998,-0.8660254037844388,4,81.0,1,87.25,1,110.25,0,0,1,215.25,162.0
2024-09-03,2024,8,-0.8660254037844384,-0.5000000000000004,1,94.5,-1,148.25,-1,129.0,0,0,1,162.0,325.25
2024-09-04,2024,8,-0.8660254037844384,-0.5000000000000004,2,157.25,-1,99.5,1,101.0,0,0,1,325.25,257.5
2024-09-05,2024,8,-0.8660254037844384,-0.5000000000000004,3,110.25,-1,114.25,1,68.25,0,0,1,257.5,265.5
2024-09-06,2024,8,-0.8660254037844384,-0.5000000000000004,4,124.5,-1,178.25,-1,10.25,0,0,1,265.5,462.25
2024-09-09,2024,8,-0.8660254037844384,-0.5000000000000004,0,131.25,1,74.75,1,237.75,1,0,0,462.25,204.25
2024-09-10,2024,8,-0.8660254037844384,-0.5000000000000004,1,80.25,-1,88.75,1,32.25,1,0,0,204.25,148.5
2024-09-11,2024,8,-0.8660254037844384,-0.5000000000000004,2,122.75,-1,79.5,1,76.5,0,0,1,148.5,359.5
2024-09-12,2024,8,-0.8660254037844384,-0.5000000000000004,3,77.5,1,83.0,-1,12.25,0,0,1,359.5,181.25
2024-09-13,2024,8,-0.8660254037844384,-0.5000000000000004,4,53.5,-1,51.25,1,28.0,0,1,0,181.25,136.0
2024-09-16,2024,8,-0.8660254037844384,-0.5000000000000004,0,49.0,-1,62.25,1,148.75,0,1,0,136.0,168.5
2024-09-17,2024,8,-0.8660254037844384,-0.5000000000000004,1,49.5,-1,76.5,1,123.0,0,0,1,168.5,141.25
2024-09-18,2024,8,-0.8660254037844384,-0.5000000000000004,2,32.0,-1,69.5,-1,35.75,0,1,0,141.25,89.5
2024-09-19,2024,8,-0.8660254037844384,-0.5000000000000004,3,194.5,1,81.0,1,408.5,0,0,1,89.5,194.5
2024-09-20,2024,8,-0.8660254037844384,-0.5000000000000004,4,49.75,1,62.5,-1,33.5,1,0,0,194.5,149.25
2024-09-23,2024,8,-0.8660254037844384,-0.5000000000000004,0,108.75,1,153.0,-1,72.25,0,0,1,149.25,95.5
2024-09-24,2024,8,-0.8660254037844384,-0.5000000000000004,1,73.25,-1,86.25,1,75.0,0,0,1,95.5,201.0
2024-09-25,2024,8,-0.8660254037844384,-0.5000000000000004,2,73.75,-1,52.0,-1,46.25,0,1,0,201.0,133.0
2024-09-26,2024,8,-0.8660254037844384,-0.5000000000000004,3,94.5,1,82.0,1,268.5,0,0,1,133.0,311.75
2024-09-27,2024,8,-0.8660254037844384,-0.5000000000000004,4,65.75,-1,98.25,-1,31.0,0,0,1,311.75,110.5
2024-09-30,2024,8,-0.8660254037844384,-0.5000000000000004,0,133.5,-1,101.25,1,24.25,0,1,0,110.5,135.0
2024-10-01,2024,9,-1.0,-1.8369701987210297e-16,1,109.75,1,76.75,1,15.0,0,0,1,135.0,399.75
2024-10-02,2024,9,-1.0,-1.8369701987210297e-16,2,72.0,1,80.5,1,29.5,1,0,0,399.75,223.25
2024-10-03,2024,9,-1.0,-1.8369701987210297e-16,3,120.5,-1,120.5,-1,135.5,0,0,1,223.25,219.0
2024-10-04,2024,9,-1.0,-1.8369701987210297e-16,4,121.25,1,70.75,-1,244.0,0,0,1,219.0,225.75
2024-10-07,2024,9,-1.0,-1.8369701987210297e-16,0,62.5,-1,101.75,-1,75.25,1,0,0,225.75,98.75
2024-10-08,2024,9,-1.0,-1.8369701987210297e-16,1,75.75,1,84.75,1,87.5,1,0,0,98.75,204.0
2024-10-09,2024,9,-1.0,-1.8369701987210297e-16,2,55.75,-1,52.0,1,6.5,1,0,0,204.0,125.25
2024-10-10,2024,9,-1.0,-1.8369701987210297e-16,3,38.25,1,49.75,-1,70.75,0,0,1,125.25,118.5
2024-10-11,2024,9,-1.0,-1.8369701987210297e-16,4,28.75,-1,79.25,-1,94.0,0,0,1,118.5,166.5
2024-10-14,2024,9,-1.0,-1.8369701987210297e-16,0,49.25,-1,59.5,1,130.25,1,0,0,166.5,139.0
2024-10-15,2024,9,-1.0,-1.8369701987210297e-16,1,47.25,-1,50.25,-1,19.0,0,1,0,139.0,328.0
2024-10-16,2024,9,-1.0,-1.8369701987210297e-16,2,55.25,1,63.75,-1,15.0,1,0,0,328.0,151.0
2024-10-17,2024,9,-1.0,-1.8369701987210297e-16,3,50.0,-1,155.25,1,239.0,0,0,1,151.0,209.5
2024-10-18,2024,9,-1.0,-1.8369701987210297e-16,4,86.0,-1,71.0,1,81.25,0,1,0,209.5,90.25
2024-10-21,2024,9,-1.0,-1.8369701987210297e-16,0,51.25,-1,35.75,1,61.75,1,0,0,90.25,172.5
2024-10-22,2024,9,-1.0,-1.8369701987210297e-16,1,59.25,-1,57.75,-1,138.25,0,1,0,172.5,150.5
2024-10-23,2024,9,-1.0,-1.8369701987210297e-16,2,43.5,-1,58.75,-1,88.25,0,1,0,150.5,116.75
2024-10-24,2024,9,-1.0,-1.8369701987210297e-16,3,67.5,1,87.25,1,78.25,0,0,1,116.75,82.25
2024-10-25,2024,9,-1.0,-1.8369701987210297e-16,4,48.0,-1,62.5,1,95.75,0,1,0,82.25,217.0
2024-10-28,2024,9,-1.0,-1.8369701987210297e-16,0,57.0,1,66.25,1,145.5,1,0,0,217.0,98.25
2024-10-29,2024,9,-1.0,-1.8369701987210297e-16,1,72.5,-1,73.0,1,2.25,0,0,1,98.25,171.75
2024-10-30,2024,9,-1.0,-1.8369701987210297e-16,2,74.75,-1,58.75,1,54.5,0,0,1,171.75,156.75
2024-10-31,2024,9,-1.0,-1.8369701987210297e-16,3,62.75,-1,109.75,-1,177.0,0,0,1,156.75,299.0
2024-11-01,2024,10,-0.8660254037844386,0.5,4,84.75,1,68.0,-1,11.5,0,0,1,299.0,219.5
2024-11-04,2024,10,-0.8660254037844386,0.5,0,124.25,1,108.5,-1,49.5,1,0,0,219.5,196.75
2024-11-05,2024,10,-0.8660254037844386,0.5,1,74.0,1,65.25,1,41.75,0,0,1,196.75,174.25
2024-11-06,2024,10,-0.8660254037844386,0.5,2,262.0,1,84.25,1,309.5,1,0,0,174.25,178.0
2024-11-07,2024,10,-0.8660254037844386,0.5,3,71.5,1,52.75,-1,99.0,0,0,1,178.0,163.25
2024-11-08,2024,10,-0.8660254037844386,0.5,4,29.5,1,39.25,-1,45.0,0,1,0,163.25,71.0
2024-11-11,2024,10,-0.8660254037844386,0.5,0,42.0,1,46.5,1,53.0,1,0,0,71.0,137.5
2024-11-12,2024,10,-0.8660254037844386,0.5,1,58.75,-1,61.25,-1,8.75,1,0,0,137.5,73.5
2024-11-13,2024,10,-0.8660254037844386,0.5,2,34.25,-1,68.75,1,35.0,0,0,1,73.5,128.0
2024-11-14,2024,10,-0.8660254037844386,0.5,3,46.25,-1,100.0,1,34.5,0,0,1,128.0,134.25
2024-11-15,2024,10,-0.8660254037844386,0.5,4,44.75,-1,81.0,-1,210.25,0,0,1,134.25,231.0
2024-11-18,2024,10,-0.8660254037844386,0.5,0,63.75,1,104.5,-1,64.5,1,0,0,231.0,194.75
2024-11-19,2024,10,-0.8660254037844386,0.5,1,90.5,1,195.5,-1,105.75,0,1,0,194.75,149.5
2024-11-20,2024,10,-0.8660254037844386,0.5,2,50.25,-1,60.25,-1,14.5,1,0,0,149.5,279.0
2024-11-21,2024,10,-0.8660254037844386,0.5,3,84.0,1,129.75,-1,215.0,0,0,1,279.0,391.5
2024-11-22,2024,10,-0.8660254037844386,0.5,4,84.25,1,137.25,-1,5.5,0,0,1,391.5,150.75
2024-11-25,2024,10,-0.8660254037844386,0.5,0,20.5,1,39.0,1,156.5,1,0,0,150.75,211.75
2024-11-26,2024,10,-0.8660254037844386,0.5,1,158.75,1,57.75,-1,29.5,0,0,1,211.75,105.25
2024-11-27,2024,10,-0.8660254037844386,0.5,2,66.75,-1,85.75,-1,64.0,0,0,1,105.25,213.5
2024-12-02,2024,11,-0.5000000000000004,0.8660254037844384,0,29.0,-1,27.0,-1,236.75,0,0,1,213.5,178.0
2024-12-03,2024,11,-0.5000000000000004,0.8660254037844384,1,36.5,1,32.0,-1,67.0,0,0,1,178.0,99.75
2024-12-04,2024,11,-0.5000000000000004,0.8660254037844384,2,40.0,1,59.75,1,93.0,0,0,1,99.75,103.5
2024-12-05,2024,11,-0.5000000000000004,0.8660254037844384,3,25.25,1,21.0,1,20.5,0,0,1,103.5,63.75
2024-12-06,2024,11,-0.5000000000000004,0.8660254037844384,4,31.75,1,30.75,-1,35.0,0,0,1,63.75,159.25
2024-12-09,2024,11,-0.5000000000000004,0.8660254037844384,0,30.25,1,79.75,-1,17.75,1,0,0,159.25,145.5
2024-12-10,2024,11,-0.5000000000000004,0.8660254037844384,1,22.25,-1,18.5,1,54.75,1,0,0,145.5,110.0
2024-12-11,2024,11,-0.5000000000000004,0.8660254037844384,2,24.75,1,50.75,1,159.25,0,0,1,110.0,163.25
2024-12-12,2024,11,-0.5000000000000004,0.8660254037844384,3,16.0,1,40.0,-1,61.75,0,0,1,163.25,103.75
2024-12-13,2024,11,-0.5000000000000004,0.8660254037844384,4,62.0,-1,62.0,1,112.5,1,0,0,103.75,221.5
2024-12-16,2024,11,-0.5000000000000004,0.8660254037844384,0,39.25,-1,59.5,1,436.0,0,0,1,221.5,127.75
2024-12-17,2024,11,-0.5000000000000004,0.8660254037844384,1,47.0,1,75.0,-1,60.0,0,0,1,127.75,122.5
2024-12-18,2024,11,-0.5000000000000004,0.8660254037844384,2,54.0,1,45.5,1,31.25,0,1,0,122.5,140.5
2024-12-19,2024,11,-0.5000000000000004,0.8660254037844384,3,122.0,-1,116.0,1,220.75,0,0,1,140.5,230.0
2024-12-20,2024,11,-0.5000000000000004,0.8660254037844384,4,97.0,-1,194.75,-1,173.0,0,0,1,230.0,391.0
2024-12-23,2024,11,-0.5000000000000004,0.8660254037844384,0,115.0,1,81.75,-1,100.0,1,0,0,391.0,198.75
2024-12-26,2024,11,-0.5000000000000004,0.8660254037844384,3,65.75,1,161.5,-1,226.0,0,0,1,198.75,140.75
2024-12-27,2024,11,-0.5000000000000004,0.8660254037844384,4,34.75,-1,45.25,-1,150.0,1,0,0,140.75,356.0
2024-12-30,2024,11,-0.5000000000000004,0.8660254037844384,0,42.25,-1,60.25,-1,314.75,0,1,0,356.0,163.0
2025-01-02,2025,0,0.0,1.0,3,123.0,1,106.5,1,118.0,0,0,1,163.0,277.5
2025-01-03,2025,0,0.0,1.0,4,54.0,-1,77.5,1,93.0,0,0,1,277.5,179.25
2025-01-06,2025,0,0.0,1.0,0,58.5,1,132.75,1,249.0,0,1,0,179.25,169.25
2025-01-07,2025,0,0.0,1.0,1,124.5,-1,86.0,1,17.25,0,0,1,169.25,406.5
2025-01-08,2025,0,0.0,1.0,2,52.5,1,73.0,1,27.25,0,0,1,406.5,175.25
2025-01-10,2025,0,0.0,1.0,4,123.75,1,65.75,1,172.0,0,0,1,175.25,322.5
2025-01-13,2025,0,0.0,1.0,0,143.5,-1,222.25,-1,242.5,0,1,0,322.5,178.25
2025-01-14,2025,0,0.0,1.0,1,55.0,-1,122.5,1,84.25,0,0,1,178.25,195.0
2025-01-15,2025,0,0.0,1.0,2,36.5,-1,63.0,1,266.75,0,0,1,195.0,221.25
2025-01-16,2025,0,0.0,1.0,3,55.25,-1,134.75,1,111.5,0,0,1,221.25,161.75
2025-01-17,2025,0,0.0,1.0,4,69.0,1,105.0,1,451.75,0,1,0,161.75,172.5
2025-01-21,2025,0,0.0,1.0,1,270.0,1,125.75,1,121.0,0,1,0,172.5,192.5
2025-01-22,2025,0,0.0,1.0,2,65.25,1,67.25,1,147.5,0,1,0,192.5,140.25
2025-01-23,2025,0,0.0,1.0,3,43.0,1,92.25,-1,82.0,0,0,1,140.25,75.5
2025-01-24,2025,0,0.0,1.0,4,79.25,-1,50.5,1,32.0,0,0,1,75.5,100.25
2025-01-27,2025,0,0.0,1.0,0,179.25,-1,257.0,-1,778.25,0,1,0,100.25,309.5
2025-01-28,2025,0,0.0,1.0,1,112.75,1,131.25,1,15.0,0,0,1,309.5,322.25
2025-01-29,2025,0,0.0,1.0,2,54.5,1,68.5,1,38.5,0,1,0,322.25,150.25
2025-01-30,2025,0,0.0,1.0,3,101.5,1,93.25,-1,64.25,0,0,1,150.25,287.5
2025-01-31,2025,0,0.0,1.0,4,107.75,1,64.5,1,140.25,0,0,1,287.5,192.0
2025-02-03,2025,1,0.49999999999999994,0.8660254037844387,0,173.5,-1,184.25,1,359.75,0,0,1,192.0,340.5
2025-02-04,2025,1,0.49999999999999994,0.8660254037844387,1,307.0,-1,112.25,-1,86.0,0,0,1,340.5,274.75
2025-02-05,2025,1,0.49999999999999994,0.8660254037844387,2,89.5,-1,105.25,-1,54.0,0,0,1,274.75,112.75
2025-02-06,2025,1,0.49999999999999994,0.8660254037844387,3,70.25,1,60.75,-1,9.5,0,0,1,112.75,110.5
2025-02-07,2025,1,0.49999999999999994,0.8660254037844387,4,48.5,-1,48.75,-1,44.5,0,0,1,110.5,355.0
2025-02-10,2025,1,0.49999999999999994,0.8660254037844387,0,60.5,1,33.0,1,178.75,1,0,0,355.0,150.0
2025-02-11,2025,1,0.49999999999999994,0.8660254037844387,1,62.5,-1,73.0,-1,128.5,0,0,1,150.0,170.75
2025-02-12,2025,1,0.49999999999999994,0.8660254037844387,2,61.75,-1,77.75,-1,242.5,0,0,1,170.75,237.0
2025-02-13,2025,1,0.49999999999999994,0.8660254037844387,3,55.75,1,140.5,-1,48.0,0,0,1,237.0,223.0
2025-02-14,2025,1,0.49999999999999994,0.8660254037844387,4,55.25,1,61.25,-1,29.75,0,0,1,223.0,81.75
2025-02-18,2025,1,0.49999999999999994,0.8660254037844387,1,38.5,1,53.5,-1,49.0,0,1,0,81.75,143.0
2025-02-19,2025,1,0.49999999999999994,0.8660254037844387,2,34.25,-1,34.75,-1,19.75,1,0,0,143.0,103.5
2025-02-20,2025,1,0.49999999999999994,0.8660254037844387,3,72.5,-1,67.75,1,14.25,0,0,1,103.5,274.5
2025-02-21,2025,1,0.49999999999999994,0.8660254037844387,4,49.0,-1,67.25,1,50.25,0,0,1,274.5,247.25
2025-02-24,2025,1,0.49999999999999994,0.8660254037844387,0,63.5,1,112.0,-1,76.0,1,0,0,247.25,365.5
2025-02-25,2025,1,0.49999999999999994,0.8660254037844387,1,56.5,1,123.5,-1,37.25,0,1,0,365.5,369.25
2025-02-26,2025,1,0.49999999999999994,0.8660254037844387,2,70.0,1,66.25,1,36.75,0,1,0,369.25,184.0
2025-02-27,2025,1,0.49999999999999994,0.8660254037844387,3,127.75,1,84.5,1,132.75,0,0,1,184.0,484.75
2025-02-28,2025,1,0.49999999999999994,0.8660254037844387,4,152.25,1,131.25,1,42.75,0,0,1,484.75,317.5
2025-03-03,2025,2,0.8660254037844386,0.5000000000000001,0,120.0,1,131.0,1,160.5,0,0,1,317.5,361.0
2025-03-04,2025,2,0.8660254037844386,0.5000000000000001,1,125.75,1,106.0,-1,187.25,0,0,1,361.0,354.75
2025-03-05,2025,2,0.8660254037844386,0.5000000000000001,2,127.25,-1,116.25,1,141.5,0,0,1,354.75,226.75
2025-03-06,2025,2,0.8660254037844386,0.5000000000000001,3,64.0,1,266.0,-1,302.75,0,0,1,226.75,285.0
2025-03-07,2025,2,0.8660254037844386,0.5000000000000001,4,64.0,1,107.75,1,160.5,0,0,1,285.0,354.25
2025-03-10,2025,2,0.8660254037844386,0.5000000000000001,0,149.5,1,192.0,-1,322.0,1,0,0,354.25,383.5
2025-03-11,2025,2,0.8660254037844386,0.5000000000000001,1,355.75,1,165.75,1,59.0,0,0,1,383.5,349.5
2025-03-12,2025,2,0.8660254037844386,0.5000000000000001,2,64.25,-1,168.5,1,290.25,0,0,1,349.5,308.25
2025-03-13,2025,2,0.8660254037844386,0.5000000000000001,3,184.0,-1,111.25,1,12.25,0,0,1,308.25,252.5
2025-03-14,2025,2,0.8660254037844386,0.5000000000000001,4,125.0,1,84.0,1,154.0,0,0,1,252.5,184.0
2025-03-17,2025,2,0.8660254037844386,0.5000000000000001,0,66.0,1,73.0,1,254.0,0,0,1,184.0,180.5
2025-03-18,2025,2,0.8660254037844386,0.5000000000000001,1,102.5,-1,97.5,1,142.25,1,0,0,180.5,265.75
2025-03-19,2025,2,0.8660254037844386,0.5000000000000001,2,91.25,1,86.5,-1,76.75,1,0,0,265.75,194.5
2025-03-20,2025,2,0.8660254037844386,0.5000000000000001,3,81.25,1,53.0,-1,169.0,0,0,1,194.5,349.0
2025-03-21,2025,2,0.8660254037844386,0.5000000000000001,4,68.25,1,133.0,-1,246.75,1,0,0,349.0,189.75
2025-03-24,2025,2,0.8660254037844386,0.5000000000000001,0,43.0,-1,117.0,1,299.0,0,0,1,189.75,130.25
2025-03-25,2025,2,0.8660254037844386,0.5000000000000001,1,45.75,-1,79.0,-1,34.0,0,1,0,130.25,129.25
2025-03-26,2025,2,0.8660254037844386,0.5000000000000001,2,67.5,-1,57.5,-1,79.25,0,1,0,129.25,248.0
2025-03-27,2025,2,0.8660254037844386,0.5000000000000001,3,98.25,1,120.0,-1,67.25,0,0,1,248.0,262.25
2025-03-28,2025,2,0.8660254037844386,0.5000000000000001,4,66.75,1,163.5,-1,92.0,0,0,1,262.25,365.75
2025-03-31,2025,2,0.8660254037844386,0.5000000000000001,0,112.25,-1,78.5,-1,223.25,1,0,0,365.75,215.0
2025-04-01,2025,3,1.0,6.123233995736766e-17,1,103.75,-1,129.5,1,36.5,0,0,1,215.0,258.25
2025-04-02,2025,3,1.0,6.123233995736766e-17,2,90.0,-1,90.75,-1,257.0,0,0,1,258.25,323.25
2025-04-03,2025,3,1.0,6.123233995736766e-17,3,270.5,1,151.0,1,468.0,0,0,1,323.25,312.0
2025-04-04,2025,3,1.0,6.123233995736766e-17,4,193.0,-1,109.75,-1,466.0,0,0,1,312.0,592.75
2025-04-07,2025,3,1.0,6.123233995736766e-17,0,520.25,-1,478.5,1,494.0,1,0,0,592.75,1688.0
2025-04-08,2025,3,1.0,6.123233995736766e-17,1,223.0,1,192.25,1,491.25,1,0,0,1688.0,298.0
2025-04-09,2025,3,1.0,6.123233995736766e-17,2,442.25,-1,536.5,1,30.25,1,0,0,298.0,395.25
2025-04-10,2025,3,1.0,6.123233995736766e-17,3,366.75,-1,483.0,-1,509.75,0,0,1,395.25,303.0
2025-04-11,2025,3,1.0,6.123233995736766e-17,4,481.75,1,480.75,-1,54.0,0,0,1,303.0,377.75
2025-04-14,2025,3,1.0,6.123233995736766e-17,0,134.5,1,120.0,1,418.5,1,0,0,377.75,267.0
2025-04-15,2025,3,1.0,6.123233995736766e-17,1,101.5,1,164.25,1,145.25,0,1,0,267.0,220.25
2025-04-16,2025,3,1.0,6.123233995736766e-17,2,100.0,-1,350.0,1,357.5,0,0,1,220.25,170.25
2025-04-17,2025,3,1.0,6.123233995736766e-17,3,166.5,1,122.25,-1,80.25,0,0,1,170.25,248.0
2025-04-21,2025,3,1.0,6.123233995736766e-17,0,189.25,-1,112.75,-1,277.5,1,0,0,248.0,265.25
2025-04-22,2025,3,1.0,6.123233995736766e-17,1,122.0,-1,186.5,1,250.0,0,1,0,265.25,254.25
2025-04-23,2025,3,1.0,6.123233995736766e-17,2,147.5,-1,145.5,1,578.0,0,0,1,254.25,249.0
2025-04-24,2025,3,1.0,6.123233995736766e-17,3,157.0,-1,184.25,-1,11.75,0,0,1,249.0,333.5
2025-04-25,2025,3,1.0,6.123233995736766e-17,4,134.5,1,105.0,-1,38.25,0,1,0,333.5,172.0
2025-04-28,2025,3,1.0,6.123233995736766e-17,0,79.25,-1,101.25,1,3.5,1,0,0,172.0,189.75
2025-04-29,2025,3,1.0,6.123233995736766e-17,1,134.75,1,96.5,1,55.5,0,0,1,189.75,205.25
2025-04-30,2025,3,1.0,6.123233995736766e-17,2,99.25,-1,88.75,1,312.25,0,0,1,205.25,253.0
2025-05-01,2025,4,0.8660254037844388,-0.4999999999999998,3,60.25,1,86.5,1,129.25,0,0,1,253.0,213.5
2025-05-02,2025,4,0.8660254037844388,-0.4999999999999998,4,250.0,1,92.75,-1,255.75,0,0,1,213.5,161.0
2025-05-05,2025,4,0.8660254037844388,-0.4999999999999998,0,120.0,-1,121.5,-1,181.25,0,0,1,161.0,130.0
2025-05-06,2025,4,0.8660254037844388,-0.4999999999999998,1,98.25,-1,142.75,-1,220.0,1,0,0,130.0,198.75
2025-05-07,2025,4,0.8660254037844388,-0.4999999999999998,2,132.0,-1,72.0,1,80.5,1,0,0,198.75,148.0
2025-05-08,2025,4,0.8660254037844388,-0.4999999999999998,3,268.25,1,107.25,1,218.5,0,0,1,148.0,195.0
2025-05-09,2025,4,0.8660254037844388,-0.4999999999999998,4,120.25,1,67.25,-1,78.0,1,0,0,195.0,221.75
2025-05-12,2025,4,0.8660254037844388,-0.4999999999999998,0,106.25,1,389.75,1,793.25,0,1,0,221.75,232.25
2025-05-13,2025,4,0.8660254037844388,-0.4999999999999998,1,77.75,-1,58.25,-1,51.25,0,0,1,232.25,287.25
2025-05-14,2025,4,0.8660254037844388,-0.4999999999999998,2,52.25,1,98.75,-1,58.25,1,0,0,287.25,131.5
2025-05-15,2025,4,0.8660254037844388,-0.4999999999999998,3,46.75,1,172.0,-1,100.5,0,0,1,131.5,98.75
2025-05-16,2025,4,0.8660254037844388,-0.4999999999999998,4,87.5,-1,116.75,1,62.0,0,0,1,98.75,149.75
2025-05-19,2025,4,0.8660254037844388,-0.4999999999999998,0,187.0,-1,177.5,-1,299.0,1,0,0,149.75,260.25
2025-05-20,2025,4,0.8660254037844388,-0.4999999999999998,1,142.25,-1,87.25,1,84.0,1,0,0,260.25,96.25
2025-05-21,2025,4,0.8660254037844388,-0.4999999999999998,2,89.0,-1,62.25,-1,155.0,1,0,0,96.25,182.0
2025-05-22,2025,4,0.8660254037844388,-0.4999999999999998,3,73.25,1,62.5,0,37.5,0,0,1,182.0,216.75
2025-05-23,2025,4,0.8660254037844388,-0.4999999999999998,4,56.0,-1,138.75,1,329.25,0,1,0,216.75,171.75
2025-05-27,2025,4,0.8660254037844388,-0.4999999999999998,1,101.0,-1,155.0,1,304.5,0,1,0,171.75,196.75
2025-05-28,2025,4,0.8660254037844388,-0.4999999999999998,2,45.5,-1,45.75,-1,40.75,0,1,0,196.75,141.5
2025-05-29,2025,4,0.8660254037844388,-0.4999999999999998,3,123.75,1,112.25,-1,225.5,0,0,1,141.5,299.25
2025-05-30,2025,4,0.8660254037844388,-0.4999999999999998,4,96.5,1,79.75,-1,25.25,0,0,1,299.25,164.75
2025-06-02,2025,5,0.49999999999999994,-0.8660254037844387,0,99.5,-1,104.5,1,74.25,0,0,1,164.75,223.25
2025-06-03,2025,5,0.49999999999999994,-0.8660254037844387,1,65.5,-1,82.25,-1,18.0,0,0,1,223.25,154.25
2025-06-04,2025,5,0.49999999999999994,-0.8660254037844387,2,60.25,-1,74.25,1,54.25,0,0,1,154.25,152.25
2025-06-05,2025,5,0.49999999999999994,-0.8660254037844387,3,36.0,1,119.75,1,51.25,0,0,1,152.25,187.25
2025-06-06,2025,5,0.49999999999999994,-0.8660254037844387,4,73.75,1,57.0,1,218.5,0,0,1,187.25,101.5
2025-06-09,2025,5,0.49999999999999994,-0.8660254037844387,0,67.5,-1,68.0,1,11.75,1,0,0,101.5,140.0
2025-06-10,2025,5,0.49999999999999994,-0.8660254037844387,1,158.0,1,108.0,-1,29.5,1,0,0,140.0,75.25
2025-06-11,2025,5,0.49999999999999994,-0.8660254037844387,2,84.5,-1,84.75,1,68.75,0,0,1,75.25,146.25
2025-06-12,2025,5,0.49999999999999994,-0.8660254037844387,3,95.0,-1,150.0,-1,73.0,0,0,1,146.25,130.5
2025-06-13,2025,5,0.49999999999999994,-0.8660254037844387,4,325.25,-1,102.5,1,14.0,0,0,1,130.5,180.75
2025-06-16,2025,5,0.49999999999999994,-0.8660254037844387,0,61.0,1,87.25,1,144.75,0,1,0,180.75,192.75
2025-06-17,2025,5,0.49999999999999994,-0.8660254037844387,1,109.5,1,118.25,-1,106.0,0,0,1,192.75,107.5
2025-06-18,2025,5,0.49999999999999994,-0.8660254037844387,2,106.75,1,55.5,1,40.75,0,0,1,107.5,171.5
2025-06-20,2025,5,0.49999999999999994,-0.8660254037844387,4,81.0,1,90.25,-1,113.75,0,1,0,171.5,331.0
2025-06-23,2025,5,0.49999999999999994,-0.8660254037844387,0,67.0,1,146.5,1,8.0,1,0,0,331.0,259.5
2025-06-24,2025,5,0.49999999999999994,-0.8660254037844387,1,77.5,-1,122.5,1,212.5,0,0,1,259.5,80.25
2025-06-25,2025,5,0.49999999999999994,-0.8660254037844387,2,41.75,-1,29.0,1,92.5,0,0,1,80.25,84.5
2025-06-26,2025,5,0.49999999999999994,-0.8660254037844387,3,47.25,1,68.0,1,95.75,0,0,1,84.5,121.25
2025-06-27,2025,5,0.49999999999999994,-0.8660254037844387,4,47.75,1,53.0,1,41.0,0,0,1,121.25,140.25
2025-06-30,2025,5,0.49999999999999994,-0.8660254037844387,0,77.5,1,52.25,-1,133.25,1,0,0,140.25,81.25
2025-07-01,2025,6,1.2246467991473532e-16,-1.0,1,49.25,-1,47.5,1,68.75,0,0,1,81.25,173.75
2025-07-02,2025,6,1.2246467991473532e-16,-1.0,2,99.5,1,76.5,-1,30.0,0,0,1,173.75,180.5
2025-07-07,2025,6,1.2246467991473532e-16,-1.0,0,85.25,-1,43.75,-1,107.5,1,0,0,180.5,95.0
2025-07-08,2025,6,1.2246467991473532e-16,-1.0,1,81.5,1,55.0,1,76.75,1,0,0,95.0,102.5
2025-07-09,2025,6,1.2246467991473532e-16,-1.0,2,47.25,-1,60.0,1,72.0,0,0,1,102.5,184.0
2025-07-10,2025,6,1.2246467991473532e-16,-1.0,3,51.0,-1,65.75,1,34.75,0,0,1,184.0,188.75
2025-07-11,2025,6,1.2246467991473532e-16,-1.0,4,214.5,-1,99.25,-1,93.25,1,0,0,188.75,146.0
2025-07-14,2025,6,1.2246467991473532e-16,-1.0,0,38.0,1,94.25,1,6.75,1,0,0,146.0,150.25
2025-07-15,2025,6,1.2246467991473532e-16,-1.0,1,177.5,1,47.5,1,176.25,0,0,1,150.25,126.75
2025-07-16,2025,6,1.2246467991473532e-16,-1.0,2,56.5,1,85.75,-1,53.75,0,0,1,126.75,140.75
2025-07-17,2025,6,1.2246467991473532e-16,-1.0,3,41.75,-1,65.0,1,42.25,0,0,1,140.75,133.0
2025-07-18,2025,6,1.2246467991473532e-16,-1.0,4,28.5,-1,48.75,-1,36.0,0,1,0,133.0,123.25
2025-07-21,2025,6,1.2246467991473532e-16,-1.0,0,34.75,1,42.75,1,33.75,1,0,0,123.25,169.5
2025-07-22,2025,6,1.2246467991473532e-16,-1.0,1,70.0,-1,76.0,-1,6.0,0,1,0,169.5,241.75
2025-07-23,2025,6,1.2246467991473532e-16,-1.0,2,68.5,-1,38.75,1,68.25,0,1,0,241.75,117.0
2025-07-24,2025,6,1.2246467991473532e-16,-1.0,3,50.25,-1,44.75,1,7.5,0,0,1,117.0,102.75
2025-07-25,2025,6,1.2246467991473532e-16,-1.0,4,41.25,1,63.75,-1,32.0,0,1,0,102.75,92.75
2025-07-28,2025,6,1.2246467991473532e-16,-1.0,0,41.25,1,51.75,-1,36.5,0,1,0,92.75,64.25
2025-07-29,2025,6,1.2246467991473532e-16,-1.0,1,35.5,1,57.0,1,90.0,0,0,1,64.25,138.0
2025-07-30,2025,6,1.2246467991473532e-16,-1.0,2,41.5,1,50.25,-1,32.5,0,0,1,138.0,90.5
2025-07-31,2025,6,1.2246467991473532e-16,-1.0,3,89.0,1,68.0,-1,85.75,0,0,1,90.5,217.25
2025-08-01,2025,7,-0.4999999999999998,-0.8660254037844388,4,111.0,1,234.0,-1,233.75,0,0,1,217.25,295.75
2025-08-04,2025,7,-0.4999999999999998,-0.8660254037844388,0,72.0,1,115.75,1,207.5,1,0,0,295.75,175.5
2025-08-05,2025,7,-0.4999999999999998,-0.8660254037844388,1,60.75,1,84.75,-1,12.0,0,0,1,175.5,259.0
2025-08-06,2025,7,-0.4999999999999998,-0.8660254037844388,2,123.75,1,71.0,-1,58.5,1,0,0,259.0,138.5
2025-08-07,2025,7,-0.4999999999999998,-0.8660254037844388,3,67.0,1,107.5,1,189.25,0,0,1,138.5,155.0
2025-08-08,2025,7,-0.4999999999999998,-0.8660254037844388,4,54.5,1,51.0,1,28.0,1,0,0,155.0,173.0
2025-08-11,2025,7,-0.4999999999999998,-0.8660254037844388,0,66.25,1,96.75,-1,37.25,0,1,0,173.0,86.75
2025-08-12,2025,7,-0.4999999999999998,-0.8660254037844388,1,39.25,1,48.0,1,109.5,0,0,1,86.75,186.25
2025-08-13,2025,7,-0.4999999999999998,-0.8660254037844388,2,45.5,-1,82.25,1,106.75,0,1,0,186.25,136.0
2025-08-14,2025,7,-0.4999999999999998,-0.8660254037844388,3,42.0,-1,42.75,1,68.25,0,0,1,136.0,166.5
2025-08-15,2025,7,-0.4999999999999998,-0.8660254037844388,4,68.5,1,87.0,-1,26.0,0,0,1,166.5,140.75
2025-08-18,2025,7,-0.4999999999999998,-0.8660254037844388,0,36.5,1,111.25,-1,27.0,0,1,0,140.75,105.25
2025-08-19,2025,7,-0.4999999999999998,-0.8660254037844388,1,67.0,-1,53.75,1,28.5,0,1,0,105.25,230.5
2025-08-20,2025,7,-0.4999999999999998,-0.8660254037844388,2,88.25,-1,86.25,1,46.75,0,0,1,230.5,397.0
2025-08-21,2025,7,-0.4999999999999998,-0.8660254037844388,3,102.0,1,73.0,-1,50.5,0,0,1,397.0,192.25
2025-08-22,2025,7,-0.4999999999999998,-0.8660254037844388,4,69.0,-1,179.75,1,53.25,0,1,0,192.25,442.0
2025-08-25,2025,7,-0.4999999999999998,-0.8660254037844388,0,77.5,-1,61.5,-1,81.75,0,1,0,442.0,131.0
2025-08-26,2025,7,-0.4999999999999998,-0.8660254037844388,1,138.25,-1,68.5,-1,45.0,0,1,0,131.0,126.75
2025-08-27,2025,7,-0.4999999999999998,-0.8660254037844388,2,35.0,1,51.75,-1,65.75,1,0,0,126.75,128.75
2025-08-28,2025,7,-0.4999999999999998,-0.8660254037844388,3,96.75,1,122.5,1,65.25,0,0,1,128.75,169.75
2025-08-29,2025,7,-0.4999999999999998,-0.8660254037844388,4,38.0,-1,112.0,-1,111.25,0,0,1,169.75,252.75
2025-09-02,2025,8,-0.8660254037844384,-0.5000000000000004,1,69.0,1,184.25,-1,356.0,0,0,1,252.75,254.75
2025-09-03,2025,8,-0.8660254037844384,-0.5000000000000004,2,42.5,1,121.75,1,50.0,0,0,1,254.75,155.25
2025-09-04,2025,8,-0.8660254037844384,-0.5000000000000004,3,100.75,1,58.75,1,15.25,0,0,1,155.25,138.25
2025-09-05,2025,8,-0.8660254037844384,-0.5000000000000004,4,49.0,1,44.5,1,184.0,0,0,1,138.25,357.25
2025-09-08,2025,8,-0.8660254037844384,-0.5000000000000004,0,56.75,-1,51.25,1,109.5,1,0,0,357.25,116.25
2025-09-09,2025,8,-0.8660254037844384,-0.5000000000000004,1,57.5,1,54.75,1,34.25,0,0,1,116.25,131.75
2025-09-10,2025,8,-0.8660254037844384,-0.5000000000000004,2,44.75,1,66.75,-1,101.75,0,0,1,131.75,100.25
2025-09-11,2025,8,-0.8660254037844384,-0.5000000000000004,3,47.5,-1,63.75,1,102.75,0,0,1,100.25,110.25
2025-09-12,2025,8,-0.8660254037844384,-0.5000000000000004,4,31.0,-1,66.75,-1,28.5,0,0,1,110.25,114.0
2025-09-15,2025,8,-0.8660254037844384,-0.5000000000000004,0,39.75,1,82.75,-1,305.25,0,1,0,114.0,95.25
2025-09-16,2025,8,-0.8660254037844384,-0.5000000000000004,1,62.75,1,65.75,1,57.25,0,0,1,95.25,79.75
2025-09-17,2025,8,-0.8660254037844384,-0.5000000000000004,2,42.0,-1,96.75,-1,17.5,1,0,0,79.75,130.75
2025-09-18,2025,8,-0.8660254037844384,-0.5000000000000004,3,86.0,1,146.25,1,171.0,0,0,1,130.75,210.5
2025-09-19,2025,8,-0.8660254037844384,-0.5000000000000004,4,67.0,-1,61.75,-1,57.5,1,0,0,210.5,83.5
2025-09-22,2025,8,-0.8660254037844384,-0.5000000000000004,0,48.0,1,98.5,-1,53.5,0,1,0,83.5,116.75
2025-09-23,2025,8,-0.8660254037844384,-0.5000000000000004,1,23.0,-1,46.0,1,12.75,0,0,1,116.75,80.25
2025-09-24,2025,8,-0.8660254037844384,-0.5000000000000004,2,36.5,1,60.5,1,56.75,0,1,0,80.25,114.75
2025-09-25,2025,8,-0.8660254037844384,-0.5000000000000004,3,41.0,1,69.75,-1,168.75,0,0,1,114.75,234.25
2025-09-26,2025,8,-0.8660254037844384,-0.5000000000000004,4,59.0,-1,87.25,-1,29.5,0,0,1,234.25,213.25
2025-09-29,2025,8,-0.8660254037844384,-0.5000000000000004,0,69.25,1,81.25,1,110.5,0,1,0,213.25,127.25
2025-09-30,2025,8,-0.8660254037844384,-0.5000000000000004,1,51.0,1,100.75,-1,9.0,0,0,1,127.25,132.25
2025-10-01,2025,9,-1.0,-1.8369701987210297e-16,2,73.5,-1,136.25,-1,91.5,0,0,1,132.25,186.0
2025-10-02,2025,9,-1.0,-1.8369701987210297e-16,3,57.25,1,60.5,1,164.5,1,0,0,186.0,155.0
2025-10-03,2025,9,-1.0,-1.8369701987210297e-16,4,60.75,1,37.75,1,20.0,0,0,1,155.0,117.0
2025-10-06,2025,9,-1.0,-1.8369701987210297e-16,0,48.5,1,69.25,1,232.0,1,0,0,117.0,113.25
2025-10-07,2025,9,-1.0,-1.8369701987210297e-16,1,57.5,1,50.5,1,57.75,1,0,0,113.25,92.5
2025-10-08,2025,9,-1.0,-1.8369701987210297e-16,2,66.0,1,85.25,1,23.5,0,0,1,92.5,157.0
2025-10-09,2025,9,-1.0,-1.8369701987210297e-16,3,72.0,-1,73.5,-1,31.0,0,1,0,157.0,141.25
2025-10-10,2025,9,-1.0,-1.8369701987210297e-16,4,45.0,-1,59.25,1,36.0,0,0,1,141.25,260.25
2025-10-14,2025,9,-1.0,-1.8369701987210297e-16,1,274.5,-1,163.0,-1,277.25,1,0,0,260.25,322.75
2025-10-15,2025,9,-1.0,-1.8369701987210297e-16,2,115.25,1,66.25,1,284.0,0,1,0,322.75,218.0
2025-10-16,2025,9,-1.0,-1.8369701987210297e-16,3,81.5,-1,103.75,1,113.25,0,1,0,218.0,165.75
2025-10-17,2025,9,-1.0,-1.8369701987210297e-16,4,130.5,-1,280.75,-1,33.0,1,0,0,165.75,288.25
2025-10-20,2025,9,-1.0,-1.8369701987210297e-16,0,164.0,1,86.0,-1,87.75,1,0,0,288.25,207.25
2025-10-21,2025,9,-1.0,-1.8369701987210297e-16,1,57.25,1,45.0,-1,20.0,1,0,0,207.25,101.25
2025-10-22,2025,9,-1.0,-1.8369701987210297e-16,2,118.5,1,87.25,-1,7.25,1,0,0,101.25,238.75
2025-10-23,2025,9,-1.0,-1.8369701987210297e-16,3,162.0,1,59.0,-1,13.5,0,1,0,238.75,199.5
2025-10-24,2025,9,-1.0,-1.8369701987210297e-16,4,50.25,1,57.5,1,193.5,0,0,1,199.5,119.0
2025-10-27,2025,9,-1.0,-1.8369701987210297e-16,0,66.25,1,48.0,1,297.5,1,0,0,119.0,95.5
2025-10-28,2025,9,-1.0,-1.8369701987210297e-16,1,34.0,-1,42.5,1,55.5,0,1,0,95.5,86.0
2025-10-29,2025,9,-1.0,-1.8369701987210297e-16,2,86.75,1,53.25,1,101.25,0,1,0,86.0,83.0
2025-10-30,2025,9,-1.0,-1.8369701987210297e-16,3,259.0,-1,100.0,-1,124.25,1,0,0,83.0,240.25
2025-10-31,2025,9,-1.0,-1.8369701987210297e-16,4,77.0,1,75.75,1,166.0,1,0,0,240.25,139.5
2025-11-03,2025,10,-0.8660254037844386,0.5,0,72.25,-1,138.75,1,258.5,0,0,1,139.5,250.5
2025-11-04,2025,10,-0.8660254037844386,0.5,1,160.75,-1,133.25,-1,364.5,1,0,0,250.5,230.5
2025-11-05,2025,10,-0.8660254037844386,0.5,2,251.25,1,98.75,-1,0.5,0,0,1,230.5,248.0
2025-11-06,2025,10,-0.8660254037844386,0.5,3,125.25,1,117.5,1,46.0,0,1,0,248.0,395.0
2025-11-07,2025,10,-0.8660254037844386,0.5,4,170.75,-1,113.5,-1,169.25,0,1,0,395.0,288.0
2025-11-10,2025,10,-0.8660254037844386,0.5,0,170.5,1,112.5,1,338.25,1,0,0,288.0,150.0
2025-11-12,2025,10,-0.8660254037844386,0.5,2,82.5,1,62.0,1,112.25,1,0,0,150.0,252.25
2025-11-13,2025,10,-0.8660254037844386,0.5,3,162.5,1,190.0,-1,164.75,1,0,0,252.25,305.0
2025-11-14,2025,10,-0.8660254037844386,0.5,4,186.5,-1,173.5,-1,405.25,1,0,0,305.0,553.0
2025-11-17,2025,10,-0.8660254037844386,0.5,0,88.5,1,130.25,1,156.75,0,1,0,553.0,299.0
2025-11-18,2025,10,-0.8660254037844386,0.5,1,352.5,-1,255.75,1,180.25,0,1,0,299.0,402.0
2025-11-19,2025,10,-0.8660254037844386,0.5,2,163.25,-1,150.75,1,64.75,0,1,0,402.0,415.5
2025-11-20,2025,10,-0.8660254037844386,0.5,3,106.25,1,161.25,-1,360.0,0,0,1,415.5,164.0
2025-11-21,2025,10,-0.8660254037844386,0.5,4,143.5,-1,187.0,-1,88.25,0,0,1,164.0,370.75
2025-11-24,2025,10,-0.8660254037844386,0.5,0,108.0,1,198.25,-1,202.0,1,0,0,370.75,300.5
2025-11-25,2025,10,-0.8660254037844386,0.5,1,49.25,-1,115.75,-1,105.5,0,0,1,300.5,277.5
